mos_corner,temp_c,vdd_v,iref_a,state,vout_v,icp_a
mos_tt,27,3.3,10u,up,0.1500,9.930223e-06
mos_tt,27,3.3,10u,up,0.2000,9.924877e-06
mos_tt,27,3.3,10u,up,0.2500,9.920202e-06
mos_tt,27,3.3,10u,up,0.3000,9.915110e-06
mos_tt,27,3.3,10u,up,0.3500,9.909827e-06
mos_tt,27,3.3,10u,up,0.4000,9.904387e-06
mos_tt,27,3.3,10u,up,0.4500,9.899117e-06
mos_tt,27,3.3,10u,up,0.5000,9.895428e-06
mos_tt,27,3.3,10u,up,0.5500,9.897550e-06
mos_tt,27,3.3,10u,up,0.6000,9.911118e-06
mos_tt,27,3.3,10u,up,0.6500,9.934535e-06
mos_tt,27,3.3,10u,up,0.7000,9.959312e-06
mos_tt,27,3.3,10u,up,0.7500,9.978702e-06
mos_tt,27,3.3,10u,up,0.8000,9.990673e-06
mos_tt,27,3.3,10u,up,0.8500,9.996721e-06
mos_tt,27,3.3,10u,up,0.9000,9.999261e-06
mos_tt,27,3.3,10u,up,0.9500,1.000018e-05
mos_tt,27,3.3,10u,up,1.0000,1.000049e-05
mos_tt,27,3.3,10u,up,1.0500,1.000059e-05
mos_tt,27,3.3,10u,up,1.1000,1.000061e-05
mos_tt,27,3.3,10u,up,1.1500,1.000062e-05
mos_tt,27,3.3,10u,up,1.2000,1.000062e-05
mos_tt,27,3.3,10u,up,1.2500,1.000061e-05
mos_tt,27,3.3,10u,up,1.3000,1.000060e-05
mos_tt,27,3.3,10u,up,1.3500,1.000058e-05
mos_tt,27,3.3,10u,up,1.4000,1.000057e-05
mos_tt,27,3.3,10u,up,1.4500,1.000055e-05
mos_tt,27,3.3,10u,up,1.5000,1.000053e-05
mos_tt,27,3.3,10u,up,1.5500,1.000051e-05
mos_tt,27,3.3,10u,up,1.6000,1.000049e-05
mos_tt,27,3.3,10u,up,1.6500,1.000047e-05
mos_tt,27,3.3,10u,up,1.7000,1.000045e-05
mos_tt,27,3.3,10u,up,1.7500,1.000043e-05
mos_tt,27,3.3,10u,up,1.8000,1.000041e-05
mos_tt,27,3.3,10u,up,1.8500,1.000038e-05
mos_tt,27,3.3,10u,up,1.9000,1.000036e-05
mos_tt,27,3.3,10u,up,1.9500,1.000034e-05
mos_tt,27,3.3,10u,up,2.0000,1.000031e-05
mos_tt,27,3.3,10u,up,2.0500,1.000029e-05
mos_tt,27,3.3,10u,up,2.1000,1.000026e-05
mos_tt,27,3.3,10u,up,2.1500,1.000024e-05
mos_tt,27,3.3,10u,up,2.2000,1.000021e-05
mos_tt,27,3.3,10u,up,2.2500,1.000018e-05
mos_tt,27,3.3,10u,up,2.3000,1.000015e-05
mos_tt,27,3.3,10u,up,2.3500,1.000012e-05
mos_tt,27,3.3,10u,up,2.4000,1.000008e-05
mos_tt,27,3.3,10u,up,2.4500,1.000005e-05
mos_tt,27,3.3,10u,up,2.5000,1.000001e-05
mos_tt,27,3.3,10u,up,2.5500,9.999960e-06
mos_tt,27,3.3,10u,up,2.6000,9.999904e-06
mos_tt,27,3.3,10u,up,2.6500,9.999833e-06
mos_tt,27,3.3,10u,up,2.7000,9.999732e-06
mos_tt,27,3.3,10u,up,2.7500,9.999561e-06
mos_tt,27,3.3,10u,up,2.8000,9.999184e-06
mos_tt,27,3.3,10u,up,2.8500,9.998046e-06
mos_tt,27,3.3,10u,up,2.9000,9.990859e-06
mos_tt,27,3.3,10u,up,2.9500,9.976015e-06
mos_tt,27,3.3,10u,up,3.0000,9.947043e-06
mos_tt,27,3.3,10u,up,3.0500,9.888273e-06
mos_tt,27,3.3,10u,up,3.1000,9.742867e-06
mos_tt,27,3.3,10u,up,3.1500,9.289050e-06
mos_tt,27,3.3,10u,dn,0.1500,-8.758707e-06
mos_tt,27,3.3,10u,dn,0.2000,-9.365377e-06
mos_tt,27,3.3,10u,dn,0.2500,-9.651813e-06
mos_tt,27,3.3,10u,dn,0.3000,-9.809964e-06
mos_tt,27,3.3,10u,dn,0.3500,-9.903355e-06
mos_tt,27,3.3,10u,dn,0.4000,-9.953814e-06
mos_tt,27,3.3,10u,dn,0.4500,-9.976476e-06
mos_tt,27,3.3,10u,dn,0.5000,-9.986078e-06
mos_tt,27,3.3,10u,dn,0.5500,-9.990850e-06
mos_tt,27,3.3,10u,dn,0.6000,-9.994461e-06
mos_tt,27,3.3,10u,dn,0.6500,-9.996332e-06
mos_tt,27,3.3,10u,dn,0.7000,-9.998013e-06
mos_tt,27,3.3,10u,dn,0.7500,-9.999526e-06
mos_tt,27,3.3,10u,dn,0.8000,-1.000091e-05
mos_tt,27,3.3,10u,dn,0.8500,-1.000220e-05
mos_tt,27,3.3,10u,dn,0.9000,-1.000341e-05
mos_tt,27,3.3,10u,dn,0.9500,-1.000456e-05
mos_tt,27,3.3,10u,dn,1.0000,-1.000566e-05
mos_tt,27,3.3,10u,dn,1.0500,-1.000672e-05
mos_tt,27,3.3,10u,dn,1.1000,-1.000774e-05
mos_tt,27,3.3,10u,dn,1.1500,-1.000873e-05
mos_tt,27,3.3,10u,dn,1.2000,-1.000969e-05
mos_tt,27,3.3,10u,dn,1.2500,-1.001063e-05
mos_tt,27,3.3,10u,dn,1.3000,-1.001155e-05
mos_tt,27,3.3,10u,dn,1.3500,-1.001245e-05
mos_tt,27,3.3,10u,dn,1.4000,-1.001333e-05
mos_tt,27,3.3,10u,dn,1.4500,-1.001420e-05
mos_tt,27,3.3,10u,dn,1.5000,-1.001505e-05
mos_tt,27,3.3,10u,dn,1.5500,-1.001589e-05
mos_tt,27,3.3,10u,dn,1.6000,-1.001671e-05
mos_tt,27,3.3,10u,dn,1.6500,-1.001753e-05
mos_tt,27,3.3,10u,dn,1.7000,-1.001833e-05
mos_tt,27,3.3,10u,dn,1.7500,-1.001913e-05
mos_tt,27,3.3,10u,dn,1.8000,-1.001992e-05
mos_tt,27,3.3,10u,dn,1.8500,-1.002070e-05
mos_tt,27,3.3,10u,dn,1.9000,-1.002148e-05
mos_tt,27,3.3,10u,dn,1.9500,-1.002225e-05
mos_tt,27,3.3,10u,dn,2.0000,-1.002303e-05
mos_tt,27,3.3,10u,dn,2.0500,-1.002380e-05
mos_tt,27,3.3,10u,dn,2.1000,-1.002459e-05
mos_tt,27,3.3,10u,dn,2.1500,-1.002539e-05
mos_tt,27,3.3,10u,dn,2.2000,-1.002622e-05
mos_tt,27,3.3,10u,dn,2.2500,-1.002707e-05
mos_tt,27,3.3,10u,dn,2.3000,-1.002796e-05
mos_tt,27,3.3,10u,dn,2.3500,-1.002891e-05
mos_tt,27,3.3,10u,dn,2.4000,-1.002994e-05
mos_tt,27,3.3,10u,dn,2.4500,-1.003104e-05
mos_tt,27,3.3,10u,dn,2.5000,-1.003226e-05
mos_tt,27,3.3,10u,dn,2.5500,-1.003361e-05
mos_tt,27,3.3,10u,dn,2.6000,-1.003512e-05
mos_tt,27,3.3,10u,dn,2.6500,-1.003682e-05
mos_tt,27,3.3,10u,dn,2.7000,-1.003874e-05
mos_tt,27,3.3,10u,dn,2.7500,-1.004090e-05
mos_tt,27,3.3,10u,dn,2.8000,-1.004335e-05
mos_tt,27,3.3,10u,dn,2.8500,-1.004608e-05
mos_tt,27,3.3,10u,dn,2.9000,-1.004912e-05
mos_tt,27,3.3,10u,dn,2.9500,-1.005239e-05
mos_tt,27,3.3,10u,dn,3.0000,-1.005557e-05
mos_tt,27,3.3,10u,dn,3.0500,-1.005817e-05
mos_tt,27,3.3,10u,dn,3.1000,-1.005980e-05
mos_tt,27,3.3,10u,dn,3.1500,-1.006070e-05
mos_tt,27,3.3,10u,both,0.1500,1.142924e-06
mos_tt,27,3.3,10u,both,0.2000,5.548352e-07
mos_tt,27,3.3,10u,both,0.2500,2.687575e-07
mos_tt,27,3.3,10u,both,0.3000,1.068429e-07
mos_tt,27,3.3,10u,both,0.3500,8.665045e-09
mos_tt,27,3.3,10u,both,0.4000,-4.682979e-08
mos_tt,27,3.3,10u,both,0.4500,-7.355600e-08
mos_tt,27,3.3,10u,both,0.5000,-8.349550e-08
mos_tt,27,3.3,10u,both,0.5500,-7.788162e-08
mos_tt,27,3.3,10u,both,0.6000,-5.710039e-08
mos_tt,27,3.3,10u,both,0.6500,-3.244909e-08
mos_tt,27,3.3,10u,both,0.7000,-1.465075e-08
mos_tt,27,3.3,10u,both,0.7500,-5.674209e-09
mos_tt,27,3.3,10u,both,0.8000,-2.600163e-09
mos_tt,27,3.3,10u,both,0.8500,-2.289599e-09
mos_tt,27,3.3,10u,both,0.9000,-2.982378e-09
mos_tt,27,3.3,10u,both,0.9500,-3.974641e-09
mos_tt,27,3.3,10u,both,1.0000,-5.029667e-09
mos_tt,27,3.3,10u,both,1.0500,-6.076688e-09
mos_tt,27,3.3,10u,both,1.1000,-7.098007e-09
mos_tt,27,3.3,10u,both,1.1500,-8.092043e-09
mos_tt,27,3.3,10u,both,1.2000,-9.062004e-09
mos_tt,27,3.3,10u,both,1.2500,-1.001165e-08
mos_tt,27,3.3,10u,both,1.3000,-1.094322e-08
mos_tt,27,3.3,10u,both,1.3500,-1.185793e-08
mos_tt,27,3.3,10u,both,1.4000,-1.275683e-08
mos_tt,27,3.3,10u,both,1.4500,-1.364819e-08
mos_tt,27,3.3,10u,both,1.5000,-1.451830e-08
mos_tt,27,3.3,10u,both,1.5500,-1.537587e-08
mos_tt,27,3.3,10u,both,1.6000,-1.622199e-08
mos_tt,27,3.3,10u,both,1.6500,-1.705763e-08
mos_tt,27,3.3,10u,both,1.7000,-1.788374e-08
mos_tt,27,3.3,10u,both,1.7500,-1.870136e-08
mos_tt,27,3.3,10u,both,1.8000,-1.951164e-08
mos_tt,27,3.3,10u,both,1.8500,-2.031595e-08
mos_tt,27,3.3,10u,both,1.9000,-2.111603e-08
mos_tt,27,3.3,10u,both,1.9500,-2.191408e-08
mos_tt,27,3.3,10u,both,2.0000,-2.271294e-08
mos_tt,27,3.3,10u,both,2.0500,-2.351630e-08
mos_tt,27,3.3,10u,both,2.1000,-2.432888e-08
mos_tt,27,3.3,10u,both,2.1500,-2.515665e-08
mos_tt,27,3.3,10u,both,2.2000,-2.600709e-08
mos_tt,27,3.3,10u,both,2.2500,-2.688942e-08
mos_tt,27,3.3,10u,both,2.3000,-2.781487e-08
mos_tt,27,3.3,10u,both,2.3500,-2.882825e-08
mos_tt,27,3.3,10u,both,2.4000,-2.989137e-08
mos_tt,27,3.3,10u,both,2.4500,-3.104730e-08
mos_tt,27,3.3,10u,both,2.5000,-3.231805e-08
mos_tt,27,3.3,10u,both,2.5500,-3.372918e-08
mos_tt,27,3.3,10u,both,2.6000,-3.531065e-08
mos_tt,27,3.3,10u,both,2.6500,-3.709901e-08
mos_tt,27,3.3,10u,both,2.7000,-3.914432e-08
mos_tt,27,3.3,10u,both,2.7500,-4.153685e-08
mos_tt,27,3.3,10u,both,2.8000,-4.453103e-08
mos_tt,27,3.3,10u,both,2.8500,-4.913033e-08
mos_tt,27,3.3,10u,both,2.9000,-5.837263e-08
mos_tt,27,3.3,10u,both,2.9500,-7.641334e-08
mos_tt,27,3.3,10u,both,3.0000,-1.085247e-07
mos_tt,27,3.3,10u,both,3.0500,-1.698929e-07
mos_tt,27,3.3,10u,both,3.1000,-3.169353e-07
mos_tt,27,3.3,10u,both,3.1500,-7.716483e-07
mos_tt,125,3.3,10u,up,0.1500,1.000109e-05
mos_tt,125,3.3,10u,up,0.2000,1.000109e-05
mos_tt,125,3.3,10u,up,0.2500,1.000109e-05
mos_tt,125,3.3,10u,up,0.3000,1.000109e-05
mos_tt,125,3.3,10u,up,0.3500,1.000109e-05
mos_tt,125,3.3,10u,up,0.4000,1.000109e-05
mos_tt,125,3.3,10u,up,0.4500,1.000109e-05
mos_tt,125,3.3,10u,up,0.5000,1.000109e-05
mos_tt,125,3.3,10u,up,0.5500,1.000109e-05
mos_tt,125,3.3,10u,up,0.6000,1.000108e-05
mos_tt,125,3.3,10u,up,0.6500,1.000108e-05
mos_tt,125,3.3,10u,up,0.7000,1.000108e-05
mos_tt,125,3.3,10u,up,0.7500,1.000108e-05
mos_tt,125,3.3,10u,up,0.8000,1.000108e-05
mos_tt,125,3.3,10u,up,0.8500,1.000108e-05
mos_tt,125,3.3,10u,up,0.9000,1.000108e-05
mos_tt,125,3.3,10u,up,0.9500,1.000107e-05
mos_tt,125,3.3,10u,up,1.0000,1.000107e-05
mos_tt,125,3.3,10u,up,1.0500,1.000107e-05
mos_tt,125,3.3,10u,up,1.1000,1.000107e-05
mos_tt,125,3.3,10u,up,1.1500,1.000106e-05
mos_tt,125,3.3,10u,up,1.2000,1.000105e-05
mos_tt,125,3.3,10u,up,1.2500,1.000103e-05
mos_tt,125,3.3,10u,up,1.3000,1.000102e-05
mos_tt,125,3.3,10u,up,1.3500,1.000100e-05
mos_tt,125,3.3,10u,up,1.4000,1.000098e-05
mos_tt,125,3.3,10u,up,1.4500,1.000095e-05
mos_tt,125,3.3,10u,up,1.5000,1.000093e-05
mos_tt,125,3.3,10u,up,1.5500,1.000091e-05
mos_tt,125,3.3,10u,up,1.6000,1.000089e-05
mos_tt,125,3.3,10u,up,1.6500,1.000086e-05
mos_tt,125,3.3,10u,up,1.7000,1.000084e-05
mos_tt,125,3.3,10u,up,1.7500,1.000081e-05
mos_tt,125,3.3,10u,up,1.8000,1.000079e-05
mos_tt,125,3.3,10u,up,1.8500,1.000076e-05
mos_tt,125,3.3,10u,up,1.9000,1.000073e-05
mos_tt,125,3.3,10u,up,1.9500,1.000071e-05
mos_tt,125,3.3,10u,up,2.0000,1.000068e-05
mos_tt,125,3.3,10u,up,2.0500,1.000065e-05
mos_tt,125,3.3,10u,up,2.1000,1.000062e-05
mos_tt,125,3.3,10u,up,2.1500,1.000058e-05
mos_tt,125,3.3,10u,up,2.2000,1.000055e-05
mos_tt,125,3.3,10u,up,2.2500,1.000051e-05
mos_tt,125,3.3,10u,up,2.3000,1.000048e-05
mos_tt,125,3.3,10u,up,2.3500,1.000043e-05
mos_tt,125,3.3,10u,up,2.4000,1.000039e-05
mos_tt,125,3.3,10u,up,2.4500,1.000034e-05
mos_tt,125,3.3,10u,up,2.5000,1.000027e-05
mos_tt,125,3.3,10u,up,2.5500,1.000019e-05
mos_tt,125,3.3,10u,up,2.6000,1.000008e-05
mos_tt,125,3.3,10u,up,2.6500,9.999893e-06
mos_tt,125,3.3,10u,up,2.7000,9.999527e-06
mos_tt,125,3.3,10u,up,2.7500,9.998622e-06
mos_tt,125,3.3,10u,up,2.8000,9.994442e-06
mos_tt,125,3.3,10u,up,2.8500,9.985889e-06
mos_tt,125,3.3,10u,up,2.9000,9.969594e-06
mos_tt,125,3.3,10u,up,2.9500,9.940886e-06
mos_tt,125,3.3,10u,up,3.0000,9.887781e-06
mos_tt,125,3.3,10u,up,3.0500,9.775510e-06
mos_tt,125,3.3,10u,up,3.1000,9.497335e-06
mos_tt,125,3.3,10u,up,3.1500,8.765929e-06
mos_tt,125,3.3,10u,dn,0.1500,-8.278434e-06
mos_tt,125,3.3,10u,dn,0.2000,-9.064218e-06
mos_tt,125,3.3,10u,dn,0.2500,-9.460183e-06
mos_tt,125,3.3,10u,dn,0.3000,-9.677719e-06
mos_tt,125,3.3,10u,dn,0.3500,-9.809697e-06
mos_tt,125,3.3,10u,dn,0.4000,-9.893790e-06
mos_tt,125,3.3,10u,dn,0.4500,-9.945370e-06
mos_tt,125,3.3,10u,dn,0.5000,-9.973370e-06
mos_tt,125,3.3,10u,dn,0.5500,-9.986931e-06
mos_tt,125,3.3,10u,dn,0.6000,-9.993563e-06
mos_tt,125,3.3,10u,dn,0.6500,-9.997254e-06
mos_tt,125,3.3,10u,dn,0.7000,-1.000014e-05
mos_tt,125,3.3,10u,dn,0.7500,-1.000169e-05
mos_tt,125,3.3,10u,dn,0.8000,-1.000303e-05
mos_tt,125,3.3,10u,dn,0.8500,-1.000423e-05
mos_tt,125,3.3,10u,dn,0.9000,-1.000531e-05
mos_tt,125,3.3,10u,dn,0.9500,-1.000631e-05
mos_tt,125,3.3,10u,dn,1.0000,-1.000725e-05
mos_tt,125,3.3,10u,dn,1.0500,-1.000814e-05
mos_tt,125,3.3,10u,dn,1.1000,-1.000898e-05
mos_tt,125,3.3,10u,dn,1.1500,-1.000980e-05
mos_tt,125,3.3,10u,dn,1.2000,-1.001058e-05
mos_tt,125,3.3,10u,dn,1.2500,-1.001135e-05
mos_tt,125,3.3,10u,dn,1.3000,-1.001209e-05
mos_tt,125,3.3,10u,dn,1.3500,-1.001281e-05
mos_tt,125,3.3,10u,dn,1.4000,-1.001352e-05
mos_tt,125,3.3,10u,dn,1.4500,-1.001421e-05
mos_tt,125,3.3,10u,dn,1.5000,-1.001489e-05
mos_tt,125,3.3,10u,dn,1.5500,-1.001556e-05
mos_tt,125,3.3,10u,dn,1.6000,-1.001621e-05
mos_tt,125,3.3,10u,dn,1.6500,-1.001686e-05
mos_tt,125,3.3,10u,dn,1.7000,-1.001750e-05
mos_tt,125,3.3,10u,dn,1.7500,-1.001813e-05
mos_tt,125,3.3,10u,dn,1.8000,-1.001875e-05
mos_tt,125,3.3,10u,dn,1.8500,-1.001937e-05
mos_tt,125,3.3,10u,dn,1.9000,-1.001998e-05
mos_tt,125,3.3,10u,dn,1.9500,-1.002059e-05
mos_tt,125,3.3,10u,dn,2.0000,-1.002119e-05
mos_tt,125,3.3,10u,dn,2.0500,-1.002180e-05
mos_tt,125,3.3,10u,dn,2.1000,-1.002241e-05
mos_tt,125,3.3,10u,dn,2.1500,-1.002302e-05
mos_tt,125,3.3,10u,dn,2.2000,-1.002365e-05
mos_tt,125,3.3,10u,dn,2.2500,-1.002429e-05
mos_tt,125,3.3,10u,dn,2.3000,-1.002495e-05
mos_tt,125,3.3,10u,dn,2.3500,-1.002565e-05
mos_tt,125,3.3,10u,dn,2.4000,-1.002639e-05
mos_tt,125,3.3,10u,dn,2.4500,-1.002719e-05
mos_tt,125,3.3,10u,dn,2.5000,-1.002805e-05
mos_tt,125,3.3,10u,dn,2.5500,-1.002900e-05
mos_tt,125,3.3,10u,dn,2.6000,-1.003005e-05
mos_tt,125,3.3,10u,dn,2.6500,-1.003122e-05
mos_tt,125,3.3,10u,dn,2.7000,-1.003252e-05
mos_tt,125,3.3,10u,dn,2.7500,-1.003396e-05
mos_tt,125,3.3,10u,dn,2.8000,-1.003552e-05
mos_tt,125,3.3,10u,dn,2.8500,-1.003715e-05
mos_tt,125,3.3,10u,dn,2.9000,-1.003864e-05
mos_tt,125,3.3,10u,dn,2.9500,-1.003988e-05
mos_tt,125,3.3,10u,dn,3.0000,-1.004072e-05
mos_tt,125,3.3,10u,dn,3.0500,-1.004139e-05
mos_tt,125,3.3,10u,dn,3.1000,-1.004168e-05
mos_tt,125,3.3,10u,dn,3.1500,-1.004192e-05
mos_tt,125,3.3,10u,both,0.1500,1.711968e-06
mos_tt,125,3.3,10u,both,0.2000,9.336230e-07
mos_tt,125,3.3,10u,both,0.2500,5.398752e-07
mos_tt,125,3.3,10u,both,0.3000,3.229944e-07
mos_tt,125,3.3,10u,both,0.3500,1.912093e-07
mos_tt,125,3.3,10u,both,0.4000,1.071740e-07
mos_tt,125,3.3,10u,both,0.4500,5.559112e-08
mos_tt,125,3.3,10u,both,0.5000,2.757771e-08
mos_tt,125,3.3,10u,both,0.5500,1.403944e-08
mos_tt,125,3.3,10u,both,0.6000,7.427058e-09
mos_tt,125,3.3,10u,both,0.6500,3.737184e-09
mos_tt,125,3.3,10u,both,0.7000,1.329996e-09
mos_tt,125,3.3,10u,both,0.7500,-4.561146e-10
mos_tt,125,3.3,10u,both,0.8000,-1.904412e-09
mos_tt,125,3.3,10u,both,0.8500,-3.149060e-09
mos_tt,125,3.3,10u,both,0.9000,-4.260185e-09
mos_tt,125,3.3,10u,both,0.9500,-5.277786e-09
mos_tt,125,3.3,10u,both,1.0000,-6.226492e-09
mos_tt,125,3.3,10u,both,1.0500,-7.122616e-09
mos_tt,125,3.3,10u,both,1.1000,-7.977887e-09
mos_tt,125,3.3,10u,both,1.1500,-8.801358e-09
mos_tt,125,3.3,10u,both,1.2000,-9.599668e-09
mos_tt,125,3.3,10u,both,1.2500,-1.037691e-08
mos_tt,125,3.3,10u,both,1.3000,-1.113558e-08
mos_tt,125,3.3,10u,both,1.3500,-1.187755e-08
mos_tt,125,3.3,10u,both,1.4000,-1.261174e-08
mos_tt,125,3.3,10u,both,1.4500,-1.332442e-08
mos_tt,125,3.3,10u,both,1.5000,-1.402481e-08
mos_tt,125,3.3,10u,both,1.5500,-1.471418e-08
mos_tt,125,3.3,10u,both,1.6000,-1.539350e-08
mos_tt,125,3.3,10u,both,1.6500,-1.606370e-08
mos_tt,125,3.3,10u,both,1.7000,-1.672561e-08
mos_tt,125,3.3,10u,both,1.7500,-1.738006e-08
mos_tt,125,3.3,10u,both,1.8000,-1.802788e-08
mos_tt,125,3.3,10u,both,1.8500,-1.867000e-08
mos_tt,125,3.3,10u,both,1.9000,-1.930752e-08
mos_tt,125,3.3,10u,both,1.9500,-1.994179e-08
mos_tt,125,3.3,10u,both,2.0000,-2.057455e-08
mos_tt,125,3.3,10u,both,2.0500,-2.120806e-08
mos_tt,125,3.3,10u,both,2.1000,-2.184528e-08
mos_tt,125,3.3,10u,both,2.1500,-2.249002e-08
mos_tt,125,3.3,10u,both,2.2000,-2.314717e-08
mos_tt,125,3.3,10u,both,2.2500,-2.382293e-08
mos_tt,125,3.3,10u,both,2.3000,-2.452502e-08
mos_tt,125,3.3,10u,both,2.3500,-2.526299e-08
mos_tt,125,3.3,10u,both,2.4000,-2.604855e-08
mos_tt,125,3.3,10u,both,2.4500,-2.693021e-08
mos_tt,125,3.3,10u,both,2.5000,-2.786703e-08
mos_tt,125,3.3,10u,both,2.5500,-2.890967e-08
mos_tt,125,3.3,10u,both,2.6000,-3.009448e-08
mos_tt,125,3.3,10u,both,2.6500,-3.149010e-08
mos_tt,125,3.3,10u,both,2.7000,-3.327108e-08
mos_tt,125,3.3,10u,both,2.7500,-3.598388e-08
mos_tt,125,3.3,10u,both,2.8000,-4.115124e-08
mos_tt,125,3.3,10u,both,2.8500,-5.128954e-08
mos_tt,125,3.3,10u,both,2.9000,-6.908668e-08
mos_tt,125,3.3,10u,both,2.9500,-9.902511e-08
mos_tt,125,3.3,10u,both,3.0000,-1.529746e-07
mos_tt,125,3.3,10u,both,3.0500,-2.657760e-07
mos_tt,125,3.3,10u,both,3.1000,-5.443065e-07
mos_tt,125,3.3,10u,both,3.1500,-1.275990e-06
mos_tt,-40,3.3,10u,up,0.1500,9.997535e-06
mos_tt,-40,3.3,10u,up,0.2000,9.997294e-06
mos_tt,-40,3.3,10u,up,0.2500,9.997050e-06
mos_tt,-40,3.3,10u,up,0.3000,9.996783e-06
mos_tt,-40,3.3,10u,up,0.3500,9.996496e-06
mos_tt,-40,3.3,10u,up,0.4000,9.996175e-06
mos_tt,-40,3.3,10u,up,0.4500,9.995842e-06
mos_tt,-40,3.3,10u,up,0.5000,9.995499e-06
mos_tt,-40,3.3,10u,up,0.5500,9.995222e-06
mos_tt,-40,3.3,10u,up,0.6000,9.995364e-06
mos_tt,-40,3.3,10u,up,0.6500,9.996404e-06
mos_tt,-40,3.3,10u,up,0.7000,9.997953e-06
mos_tt,-40,3.3,10u,up,0.7500,9.999262e-06
mos_tt,-40,3.3,10u,up,0.8000,1.000005e-05
mos_tt,-40,3.3,10u,up,0.8500,1.000040e-05
mos_tt,-40,3.3,10u,up,0.9000,1.000052e-05
mos_tt,-40,3.3,10u,up,0.9500,1.000056e-05
mos_tt,-40,3.3,10u,up,1.0000,1.000057e-05
mos_tt,-40,3.3,10u,up,1.0500,1.000057e-05
mos_tt,-40,3.3,10u,up,1.1000,1.000057e-05
mos_tt,-40,3.3,10u,up,1.1500,1.000057e-05
mos_tt,-40,3.3,10u,up,1.2000,1.000056e-05
mos_tt,-40,3.3,10u,up,1.2500,1.000056e-05
mos_tt,-40,3.3,10u,up,1.3000,1.000054e-05
mos_tt,-40,3.3,10u,up,1.3500,1.000053e-05
mos_tt,-40,3.3,10u,up,1.4000,1.000051e-05
mos_tt,-40,3.3,10u,up,1.4500,1.000049e-05
mos_tt,-40,3.3,10u,up,1.5000,1.000048e-05
mos_tt,-40,3.3,10u,up,1.5500,1.000046e-05
mos_tt,-40,3.3,10u,up,1.6000,1.000044e-05
mos_tt,-40,3.3,10u,up,1.6500,1.000041e-05
mos_tt,-40,3.3,10u,up,1.7000,1.000039e-05
mos_tt,-40,3.3,10u,up,1.7500,1.000037e-05
mos_tt,-40,3.3,10u,up,1.8000,1.000035e-05
mos_tt,-40,3.3,10u,up,1.8500,1.000033e-05
mos_tt,-40,3.3,10u,up,1.9000,1.000030e-05
mos_tt,-40,3.3,10u,up,1.9500,1.000028e-05
mos_tt,-40,3.3,10u,up,2.0000,1.000026e-05
mos_tt,-40,3.3,10u,up,2.0500,1.000023e-05
mos_tt,-40,3.3,10u,up,2.1000,1.000021e-05
mos_tt,-40,3.3,10u,up,2.1500,1.000018e-05
mos_tt,-40,3.3,10u,up,2.2000,1.000015e-05
mos_tt,-40,3.3,10u,up,2.2500,1.000013e-05
mos_tt,-40,3.3,10u,up,2.3000,1.000010e-05
mos_tt,-40,3.3,10u,up,2.3500,1.000007e-05
mos_tt,-40,3.3,10u,up,2.4000,1.000004e-05
mos_tt,-40,3.3,10u,up,2.4500,1.000000e-05
mos_tt,-40,3.3,10u,up,2.5000,9.999965e-06
mos_tt,-40,3.3,10u,up,2.5500,9.999926e-06
mos_tt,-40,3.3,10u,up,2.6000,9.999881e-06
mos_tt,-40,3.3,10u,up,2.6500,9.999830e-06
mos_tt,-40,3.3,10u,up,2.7000,9.999768e-06
mos_tt,-40,3.3,10u,up,2.7500,9.999684e-06
mos_tt,-40,3.3,10u,up,2.8000,9.999550e-06
mos_tt,-40,3.3,10u,up,2.8500,9.999271e-06
mos_tt,-40,3.3,10u,up,2.9000,9.998404e-06
mos_tt,-40,3.3,10u,up,2.9500,9.990898e-06
mos_tt,-40,3.3,10u,up,3.0000,9.973301e-06
mos_tt,-40,3.3,10u,up,3.0500,9.936343e-06
mos_tt,-40,3.3,10u,up,3.1000,9.849594e-06
mos_tt,-40,3.3,10u,up,3.1500,9.569027e-06
mos_tt,-40,3.3,10u,dn,0.1500,-9.038773e-06
mos_tt,-40,3.3,10u,dn,0.2000,-9.511094e-06
mos_tt,-40,3.3,10u,dn,0.2500,-9.740590e-06
mos_tt,-40,3.3,10u,dn,0.3000,-9.869772e-06
mos_tt,-40,3.3,10u,dn,0.3500,-9.939418e-06
mos_tt,-40,3.3,10u,dn,0.4000,-9.969544e-06
mos_tt,-40,3.3,10u,dn,0.4500,-9.981223e-06
mos_tt,-40,3.3,10u,dn,0.5000,-9.986674e-06
mos_tt,-40,3.3,10u,dn,0.5500,-9.990759e-06
mos_tt,-40,3.3,10u,dn,0.6000,-9.992925e-06
mos_tt,-40,3.3,10u,dn,0.6500,-9.994910e-06
mos_tt,-40,3.3,10u,dn,0.7000,-9.996711e-06
mos_tt,-40,3.3,10u,dn,0.7500,-9.998369e-06
mos_tt,-40,3.3,10u,dn,0.8000,-9.999914e-06
mos_tt,-40,3.3,10u,dn,0.8500,-1.000137e-05
mos_tt,-40,3.3,10u,dn,0.9000,-1.000275e-05
mos_tt,-40,3.3,10u,dn,0.9500,-1.000407e-05
mos_tt,-40,3.3,10u,dn,1.0000,-1.000534e-05
mos_tt,-40,3.3,10u,dn,1.0500,-1.000657e-05
mos_tt,-40,3.3,10u,dn,1.1000,-1.000776e-05
mos_tt,-40,3.3,10u,dn,1.1500,-1.000891e-05
mos_tt,-40,3.3,10u,dn,1.2000,-1.001004e-05
mos_tt,-40,3.3,10u,dn,1.2500,-1.001113e-05
mos_tt,-40,3.3,10u,dn,1.3000,-1.001221e-05
mos_tt,-40,3.3,10u,dn,1.3500,-1.001326e-05
mos_tt,-40,3.3,10u,dn,1.4000,-1.001430e-05
mos_tt,-40,3.3,10u,dn,1.4500,-1.001531e-05
mos_tt,-40,3.3,10u,dn,1.5000,-1.001631e-05
mos_tt,-40,3.3,10u,dn,1.5500,-1.001730e-05
mos_tt,-40,3.3,10u,dn,1.6000,-1.001827e-05
mos_tt,-40,3.3,10u,dn,1.6500,-1.001923e-05
mos_tt,-40,3.3,10u,dn,1.7000,-1.002018e-05
mos_tt,-40,3.3,10u,dn,1.7500,-1.002111e-05
mos_tt,-40,3.3,10u,dn,1.8000,-1.002204e-05
mos_tt,-40,3.3,10u,dn,1.8500,-1.002296e-05
mos_tt,-40,3.3,10u,dn,1.9000,-1.002388e-05
mos_tt,-40,3.3,10u,dn,1.9500,-1.002480e-05
mos_tt,-40,3.3,10u,dn,2.0000,-1.002571e-05
mos_tt,-40,3.3,10u,dn,2.0500,-1.002664e-05
mos_tt,-40,3.3,10u,dn,2.1000,-1.002757e-05
mos_tt,-40,3.3,10u,dn,2.1500,-1.002853e-05
mos_tt,-40,3.3,10u,dn,2.2000,-1.002951e-05
mos_tt,-40,3.3,10u,dn,2.2500,-1.003054e-05
mos_tt,-40,3.3,10u,dn,2.3000,-1.003162e-05
mos_tt,-40,3.3,10u,dn,2.3500,-1.003277e-05
mos_tt,-40,3.3,10u,dn,2.4000,-1.003400e-05
mos_tt,-40,3.3,10u,dn,2.4500,-1.003535e-05
mos_tt,-40,3.3,10u,dn,2.5000,-1.003683e-05
mos_tt,-40,3.3,10u,dn,2.5500,-1.003847e-05
mos_tt,-40,3.3,10u,dn,2.6000,-1.004030e-05
mos_tt,-40,3.3,10u,dn,2.6500,-1.004236e-05
mos_tt,-40,3.3,10u,dn,2.7000,-1.004468e-05
mos_tt,-40,3.3,10u,dn,2.7500,-1.004729e-05
mos_tt,-40,3.3,10u,dn,2.8000,-1.005023e-05
mos_tt,-40,3.3,10u,dn,2.8500,-1.005351e-05
mos_tt,-40,3.3,10u,dn,2.9000,-1.005711e-05
mos_tt,-40,3.3,10u,dn,2.9500,-1.006086e-05
mos_tt,-40,3.3,10u,dn,3.0000,-1.006400e-05
mos_tt,-40,3.3,10u,dn,3.0500,-1.006587e-05
mos_tt,-40,3.3,10u,dn,3.1000,-1.006678e-05
mos_tt,-40,3.3,10u,dn,3.1500,-1.006740e-05
mos_tt,-40,3.3,10u,both,0.1500,9.576266e-07
mos_tt,-40,3.3,10u,both,0.2000,4.860324e-07
mos_tt,-40,3.3,10u,both,0.2500,2.564358e-07
mos_tt,-40,3.3,10u,both,0.3000,1.270097e-07
mos_tt,-40,3.3,10u,both,0.3500,5.691854e-08
mos_tt,-40,3.3,10u,both,0.4000,2.649338e-08
mos_tt,-40,3.3,10u,both,0.4500,1.461210e-08
mos_tt,-40,3.3,10u,both,0.5000,8.872312e-09
mos_tt,-40,3.3,10u,both,0.5500,5.362406e-09
mos_tt,-40,3.3,10u,both,0.6000,3.507432e-09
mos_tt,-40,3.3,10u,both,0.6500,3.041583e-09
mos_tt,-40,3.3,10u,both,0.7000,2.695260e-09
mos_tt,-40,3.3,10u,both,0.7500,1.832858e-09
mos_tt,-40,3.3,10u,both,0.8000,5.880549e-10
mos_tt,-40,3.3,10u,both,0.8500,-7.843662e-10
mos_tt,-40,3.3,10u,both,0.9000,-2.150695e-09
mos_tt,-40,3.3,10u,both,0.9500,-3.472783e-09
mos_tt,-40,3.3,10u,both,1.0000,-4.746709e-09
mos_tt,-40,3.3,10u,both,1.0500,-5.976866e-09
mos_tt,-40,3.3,10u,both,1.1000,-7.168723e-09
mos_tt,-40,3.3,10u,both,1.1500,-8.327440e-09
mos_tt,-40,3.3,10u,both,1.2000,-9.458068e-09
mos_tt,-40,3.3,10u,both,1.2500,-1.056558e-08
mos_tt,-40,3.3,10u,both,1.3000,-1.165333e-08
mos_tt,-40,3.3,10u,both,1.3500,-1.272267e-08
mos_tt,-40,3.3,10u,both,1.4000,-1.377444e-08
mos_tt,-40,3.3,10u,both,1.4500,-1.481775e-08
mos_tt,-40,3.3,10u,both,1.5000,-1.583696e-08
mos_tt,-40,3.3,10u,both,1.5500,-1.684174e-08
mos_tt,-40,3.3,10u,both,1.6000,-1.783335e-08
mos_tt,-40,3.3,10u,both,1.6500,-1.881286e-08
mos_tt,-40,3.3,10u,both,1.7000,-1.978144e-08
mos_tt,-40,3.3,10u,both,1.7500,-2.074034e-08
mos_tt,-40,3.3,10u,both,1.8000,-2.169104e-08
mos_tt,-40,3.3,10u,both,1.8500,-2.263533e-08
mos_tt,-40,3.3,10u,both,1.9000,-2.357546e-08
mos_tt,-40,3.3,10u,both,1.9500,-2.451433e-08
mos_tt,-40,3.3,10u,both,2.0000,-2.545562e-08
mos_tt,-40,3.3,10u,both,2.0500,-2.640408e-08
mos_tt,-40,3.3,10u,both,2.1000,-2.736570e-08
mos_tt,-40,3.3,10u,both,2.1500,-2.834796e-08
mos_tt,-40,3.3,10u,both,2.2000,-2.936011e-08
mos_tt,-40,3.3,10u,both,2.2500,-3.041342e-08
mos_tt,-40,3.3,10u,both,2.3000,-3.152142e-08
mos_tt,-40,3.3,10u,both,2.3500,-3.273910e-08
mos_tt,-40,3.3,10u,both,2.4000,-3.401736e-08
mos_tt,-40,3.3,10u,both,2.4500,-3.540851e-08
mos_tt,-40,3.3,10u,both,2.5000,-3.693759e-08
mos_tt,-40,3.3,10u,both,2.5500,-3.863296e-08
mos_tt,-40,3.3,10u,both,2.6000,-4.052642e-08
mos_tt,-40,3.3,10u,both,2.6500,-4.265344e-08
mos_tt,-40,3.3,10u,both,2.7000,-4.505381e-08
mos_tt,-40,3.3,10u,both,2.7500,-4.777470e-08
mos_tt,-40,3.3,10u,both,2.8000,-5.088562e-08
mos_tt,-40,3.3,10u,both,2.8500,-5.456739e-08
mos_tt,-40,3.3,10u,both,2.9000,-5.970719e-08
mos_tt,-40,3.3,10u,both,2.9500,-6.996059e-08
mos_tt,-40,3.3,10u,both,3.0000,-9.080193e-08
mos_tt,-40,3.3,10u,both,3.0500,-1.297130e-07
mos_tt,-40,3.3,10u,both,3.1000,-2.171836e-07
mos_tt,-40,3.3,10u,both,3.1500,-4.982795e-07
mos_ss,27,3.3,10u,up,0.1500,9.999188e-06
mos_ss,27,3.3,10u,up,0.2000,9.999081e-06
mos_ss,27,3.3,10u,up,0.2500,9.998986e-06
mos_ss,27,3.3,10u,up,0.3000,9.998884e-06
mos_ss,27,3.3,10u,up,0.3500,9.998773e-06
mos_ss,27,3.3,10u,up,0.4000,9.998659e-06
mos_ss,27,3.3,10u,up,0.4500,9.998540e-06
mos_ss,27,3.3,10u,up,0.5000,9.998421e-06
mos_ss,27,3.3,10u,up,0.5500,9.998326e-06
mos_ss,27,3.3,10u,up,0.6000,9.998333e-06
mos_ss,27,3.3,10u,up,0.6500,9.998571e-06
mos_ss,27,3.3,10u,up,0.7000,9.999043e-06
mos_ss,27,3.3,10u,up,0.7500,9.999577e-06
mos_ss,27,3.3,10u,up,0.8000,1.000002e-05
mos_ss,27,3.3,10u,up,0.8500,1.000030e-05
mos_ss,27,3.3,10u,up,0.9000,1.000045e-05
mos_ss,27,3.3,10u,up,0.9500,1.000051e-05
mos_ss,27,3.3,10u,up,1.0000,1.000054e-05
mos_ss,27,3.3,10u,up,1.0500,1.000055e-05
mos_ss,27,3.3,10u,up,1.1000,1.000055e-05
mos_ss,27,3.3,10u,up,1.1500,1.000055e-05
mos_ss,27,3.3,10u,up,1.2000,1.000055e-05
mos_ss,27,3.3,10u,up,1.2500,1.000054e-05
mos_ss,27,3.3,10u,up,1.3000,1.000054e-05
mos_ss,27,3.3,10u,up,1.3500,1.000053e-05
mos_ss,27,3.3,10u,up,1.4000,1.000051e-05
mos_ss,27,3.3,10u,up,1.4500,1.000050e-05
mos_ss,27,3.3,10u,up,1.5000,1.000048e-05
mos_ss,27,3.3,10u,up,1.5500,1.000046e-05
mos_ss,27,3.3,10u,up,1.6000,1.000044e-05
mos_ss,27,3.3,10u,up,1.6500,1.000042e-05
mos_ss,27,3.3,10u,up,1.7000,1.000040e-05
mos_ss,27,3.3,10u,up,1.7500,1.000038e-05
mos_ss,27,3.3,10u,up,1.8000,1.000036e-05
mos_ss,27,3.3,10u,up,1.8500,1.000034e-05
mos_ss,27,3.3,10u,up,1.9000,1.000031e-05
mos_ss,27,3.3,10u,up,1.9500,1.000029e-05
mos_ss,27,3.3,10u,up,2.0000,1.000027e-05
mos_ss,27,3.3,10u,up,2.0500,1.000024e-05
mos_ss,27,3.3,10u,up,2.1000,1.000022e-05
mos_ss,27,3.3,10u,up,2.1500,1.000019e-05
mos_ss,27,3.3,10u,up,2.2000,1.000016e-05
mos_ss,27,3.3,10u,up,2.2500,1.000013e-05
mos_ss,27,3.3,10u,up,2.3000,1.000010e-05
mos_ss,27,3.3,10u,up,2.3500,1.000007e-05
mos_ss,27,3.3,10u,up,2.4000,1.000004e-05
mos_ss,27,3.3,10u,up,2.4500,9.999999e-06
mos_ss,27,3.3,10u,up,2.5000,9.999957e-06
mos_ss,27,3.3,10u,up,2.5500,9.999910e-06
mos_ss,27,3.3,10u,up,2.6000,9.999853e-06
mos_ss,27,3.3,10u,up,2.6500,9.999778e-06
mos_ss,27,3.3,10u,up,2.7000,9.999670e-06
mos_ss,27,3.3,10u,up,2.7500,9.999479e-06
mos_ss,27,3.3,10u,up,2.8000,9.999044e-06
mos_ss,27,3.3,10u,up,2.8500,9.997678e-06
mos_ss,27,3.3,10u,up,2.9000,9.989434e-06
mos_ss,27,3.3,10u,up,2.9500,9.973322e-06
mos_ss,27,3.3,10u,up,3.0000,9.942302e-06
mos_ss,27,3.3,10u,up,3.0500,9.878834e-06
mos_ss,27,3.3,10u,up,3.1000,9.719213e-06
mos_ss,27,3.3,10u,up,3.1500,9.220826e-06
mos_ss,27,3.3,10u,dn,0.1500,-8.745721e-06
mos_ss,27,3.3,10u,dn,0.2000,-9.344999e-06
mos_ss,27,3.3,10u,dn,0.2500,-9.634521e-06
mos_ss,27,3.3,10u,dn,0.3000,-9.796266e-06
mos_ss,27,3.3,10u,dn,0.3500,-9.893416e-06
mos_ss,27,3.3,10u,dn,0.4000,-9.947818e-06
mos_ss,27,3.3,10u,dn,0.4500,-9.973238e-06
mos_ss,27,3.3,10u,dn,0.5000,-9.984066e-06
mos_ss,27,3.3,10u,dn,0.5500,-9.989285e-06
mos_ss,27,3.3,10u,dn,0.6000,-9.993151e-06
mos_ss,27,3.3,10u,dn,0.6500,-9.995024e-06
mos_ss,27,3.3,10u,dn,0.7000,-9.996704e-06
mos_ss,27,3.3,10u,dn,0.7500,-9.998211e-06
mos_ss,27,3.3,10u,dn,0.8000,-9.999585e-06
mos_ss,27,3.3,10u,dn,0.8500,-1.000086e-05
mos_ss,27,3.3,10u,dn,0.9000,-1.000205e-05
mos_ss,27,3.3,10u,dn,0.9500,-1.000318e-05
mos_ss,27,3.3,10u,dn,1.0000,-1.000426e-05
mos_ss,27,3.3,10u,dn,1.0500,-1.000530e-05
mos_ss,27,3.3,10u,dn,1.1000,-1.000630e-05
mos_ss,27,3.3,10u,dn,1.1500,-1.000727e-05
mos_ss,27,3.3,10u,dn,1.2000,-1.000821e-05
mos_ss,27,3.3,10u,dn,1.2500,-1.000913e-05
mos_ss,27,3.3,10u,dn,1.3000,-1.001003e-05
mos_ss,27,3.3,10u,dn,1.3500,-1.001090e-05
mos_ss,27,3.3,10u,dn,1.4000,-1.001176e-05
mos_ss,27,3.3,10u,dn,1.4500,-1.001261e-05
mos_ss,27,3.3,10u,dn,1.5000,-1.001344e-05
mos_ss,27,3.3,10u,dn,1.5500,-1.001426e-05
mos_ss,27,3.3,10u,dn,1.6000,-1.001506e-05
mos_ss,27,3.3,10u,dn,1.6500,-1.001586e-05
mos_ss,27,3.3,10u,dn,1.7000,-1.001664e-05
mos_ss,27,3.3,10u,dn,1.7500,-1.001742e-05
mos_ss,27,3.3,10u,dn,1.8000,-1.001818e-05
mos_ss,27,3.3,10u,dn,1.8500,-1.001895e-05
mos_ss,27,3.3,10u,dn,1.9000,-1.001970e-05
mos_ss,27,3.3,10u,dn,1.9500,-1.002046e-05
mos_ss,27,3.3,10u,dn,2.0000,-1.002121e-05
mos_ss,27,3.3,10u,dn,2.0500,-1.002197e-05
mos_ss,27,3.3,10u,dn,2.1000,-1.002273e-05
mos_ss,27,3.3,10u,dn,2.1500,-1.002351e-05
mos_ss,27,3.3,10u,dn,2.2000,-1.002430e-05
mos_ss,27,3.3,10u,dn,2.2500,-1.002513e-05
mos_ss,27,3.3,10u,dn,2.3000,-1.002599e-05
mos_ss,27,3.3,10u,dn,2.3500,-1.002691e-05
mos_ss,27,3.3,10u,dn,2.4000,-1.002789e-05
mos_ss,27,3.3,10u,dn,2.4500,-1.002896e-05
mos_ss,27,3.3,10u,dn,2.5000,-1.003012e-05
mos_ss,27,3.3,10u,dn,2.5500,-1.003142e-05
mos_ss,27,3.3,10u,dn,2.6000,-1.003285e-05
mos_ss,27,3.3,10u,dn,2.6500,-1.003446e-05
mos_ss,27,3.3,10u,dn,2.7000,-1.003625e-05
mos_ss,27,3.3,10u,dn,2.7500,-1.003824e-05
mos_ss,27,3.3,10u,dn,2.8000,-1.004041e-05
mos_ss,27,3.3,10u,dn,2.8500,-1.004265e-05
mos_ss,27,3.3,10u,dn,2.9000,-1.004460e-05
mos_ss,27,3.3,10u,dn,2.9500,-1.004598e-05
mos_ss,27,3.3,10u,dn,3.0000,-1.004675e-05
mos_ss,27,3.3,10u,dn,3.0500,-1.004730e-05
mos_ss,27,3.3,10u,dn,3.1000,-1.004756e-05
mos_ss,27,3.3,10u,dn,3.1500,-1.004782e-05
mos_ss,27,3.3,10u,both,0.1500,1.252904e-06
mos_ss,27,3.3,10u,both,0.2000,6.539682e-07
mos_ss,27,3.3,10u,both,0.2500,3.644419e-07
mos_ss,27,3.3,10u,both,0.3000,2.026148e-07
mos_ss,27,3.3,10u,both,0.3500,1.053605e-07
mos_ss,27,3.3,10u,both,0.4000,5.076431e-08
mos_ss,27,3.3,10u,both,0.4500,2.523501e-08
mos_ss,27,3.3,10u,both,0.5000,1.436205e-08
mos_ss,27,3.3,10u,both,0.5500,9.123263e-09
mos_ss,27,3.3,10u,both,0.6000,6.153964e-09
mos_ss,27,3.3,10u,both,0.6500,4.365804e-09
mos_ss,27,3.3,10u,both,0.7000,3.128668e-09
mos_ss,27,3.3,10u,both,0.7500,2.011315e-09
mos_ss,27,3.3,10u,both,0.8000,8.610788e-10
mos_ss,27,3.3,10u,both,0.8500,-3.168602e-10
mos_ss,27,3.3,10u,both,0.9000,-1.480755e-09
mos_ss,27,3.3,10u,both,0.9500,-2.606366e-09
mos_ss,27,3.3,10u,both,1.0000,-3.688022e-09
mos_ss,27,3.3,10u,both,1.0500,-4.728461e-09
mos_ss,27,3.3,10u,both,1.1000,-5.732594e-09
mos_ss,27,3.3,10u,both,1.1500,-6.705317e-09
mos_ss,27,3.3,10u,both,1.2000,-7.651108e-09
mos_ss,27,3.3,10u,both,1.2500,-8.574295e-09
mos_ss,27,3.3,10u,both,1.3000,-9.479062e-09
mos_ss,27,3.3,10u,both,1.3500,-1.036834e-08
mos_ss,27,3.3,10u,both,1.4000,-1.124339e-08
mos_ss,27,3.3,10u,both,1.4500,-1.210486e-08
mos_ss,27,3.3,10u,both,1.5000,-1.295976e-08
mos_ss,27,3.3,10u,both,1.5500,-1.379595e-08
mos_ss,27,3.3,10u,both,1.6000,-1.462083e-08
mos_ss,27,3.3,10u,both,1.6500,-1.543545e-08
mos_ss,27,3.3,10u,both,1.7000,-1.624070e-08
mos_ss,27,3.3,10u,both,1.7500,-1.703754e-08
mos_ss,27,3.3,10u,both,1.8000,-1.782705e-08
mos_ss,27,3.3,10u,both,1.8500,-1.861055e-08
mos_ss,27,3.3,10u,both,1.9000,-1.938965e-08
mos_ss,27,3.3,10u,both,1.9500,-2.016644e-08
mos_ss,27,3.3,10u,both,2.0000,-2.094360e-08
mos_ss,27,3.3,10u,both,2.0500,-2.172462e-08
mos_ss,27,3.3,10u,both,2.1000,-2.251395e-08
mos_ss,27,3.3,10u,both,2.1500,-2.331728e-08
mos_ss,27,3.3,10u,both,2.2000,-2.414170e-08
mos_ss,27,3.3,10u,both,2.2500,-2.499597e-08
mos_ss,27,3.3,10u,both,2.3000,-2.589078e-08
mos_ss,27,3.3,10u,both,2.3500,-2.686839e-08
mos_ss,27,3.3,10u,both,2.4000,-2.789294e-08
mos_ss,27,3.3,10u,both,2.4500,-2.900485e-08
mos_ss,27,3.3,10u,both,2.5000,-3.022449e-08
mos_ss,27,3.3,10u,both,2.5500,-3.157501e-08
mos_ss,27,3.3,10u,both,2.6000,-3.308266e-08
mos_ss,27,3.3,10u,both,2.6500,-3.477791e-08
mos_ss,27,3.3,10u,both,2.7000,-3.670076e-08
mos_ss,27,3.3,10u,both,2.7500,-3.892660e-08
mos_ss,27,3.3,10u,both,2.8000,-4.170432e-08
mos_ss,27,3.3,10u,both,2.8500,-4.611102e-08
mos_ss,27,3.3,10u,both,2.9000,-5.516955e-08
mos_ss,27,3.3,10u,both,2.9500,-7.265443e-08
mos_ss,27,3.3,10u,both,3.0000,-1.044440e-07
mos_ss,27,3.3,10u,both,3.0500,-1.683590e-07
mos_ss,27,3.3,10u,both,3.1000,-3.283076e-07
mos_ss,27,3.3,10u,both,3.1500,-8.269821e-07
mos_ss,125,3.3,10u,up,0.1500,1.000091e-05
mos_ss,125,3.3,10u,up,0.2000,1.000091e-05
mos_ss,125,3.3,10u,up,0.2500,1.000091e-05
mos_ss,125,3.3,10u,up,0.3000,1.000091e-05
mos_ss,125,3.3,10u,up,0.3500,1.000091e-05
mos_ss,125,3.3,10u,up,0.4000,1.000091e-05
mos_ss,125,3.3,10u,up,0.4500,1.000091e-05
mos_ss,125,3.3,10u,up,0.5000,1.000091e-05
mos_ss,125,3.3,10u,up,0.5500,1.000090e-05
mos_ss,125,3.3,10u,up,0.6000,1.000090e-05
mos_ss,125,3.3,10u,up,0.6500,1.000090e-05
mos_ss,125,3.3,10u,up,0.7000,1.000090e-05
mos_ss,125,3.3,10u,up,0.7500,1.000090e-05
mos_ss,125,3.3,10u,up,0.8000,1.000090e-05
mos_ss,125,3.3,10u,up,0.8500,1.000090e-05
mos_ss,125,3.3,10u,up,0.9000,1.000090e-05
mos_ss,125,3.3,10u,up,0.9500,1.000090e-05
mos_ss,125,3.3,10u,up,1.0000,1.000089e-05
mos_ss,125,3.3,10u,up,1.0500,1.000089e-05
mos_ss,125,3.3,10u,up,1.1000,1.000089e-05
mos_ss,125,3.3,10u,up,1.1500,1.000089e-05
mos_ss,125,3.3,10u,up,1.2000,1.000088e-05
mos_ss,125,3.3,10u,up,1.2500,1.000087e-05
mos_ss,125,3.3,10u,up,1.3000,1.000086e-05
mos_ss,125,3.3,10u,up,1.3500,1.000084e-05
mos_ss,125,3.3,10u,up,1.4000,1.000083e-05
mos_ss,125,3.3,10u,up,1.4500,1.000081e-05
mos_ss,125,3.3,10u,up,1.5000,1.000079e-05
mos_ss,125,3.3,10u,up,1.5500,1.000076e-05
mos_ss,125,3.3,10u,up,1.6000,1.000074e-05
mos_ss,125,3.3,10u,up,1.6500,1.000072e-05
mos_ss,125,3.3,10u,up,1.7000,1.000069e-05
mos_ss,125,3.3,10u,up,1.7500,1.000067e-05
mos_ss,125,3.3,10u,up,1.8000,1.000065e-05
mos_ss,125,3.3,10u,up,1.8500,1.000062e-05
mos_ss,125,3.3,10u,up,1.9000,1.000059e-05
mos_ss,125,3.3,10u,up,1.9500,1.000057e-05
mos_ss,125,3.3,10u,up,2.0000,1.000054e-05
mos_ss,125,3.3,10u,up,2.0500,1.000051e-05
mos_ss,125,3.3,10u,up,2.1000,1.000048e-05
mos_ss,125,3.3,10u,up,2.1500,1.000044e-05
mos_ss,125,3.3,10u,up,2.2000,1.000041e-05
mos_ss,125,3.3,10u,up,2.2500,1.000038e-05
mos_ss,125,3.3,10u,up,2.3000,1.000034e-05
mos_ss,125,3.3,10u,up,2.3500,1.000030e-05
mos_ss,125,3.3,10u,up,2.4000,1.000025e-05
mos_ss,125,3.3,10u,up,2.4500,1.000020e-05
mos_ss,125,3.3,10u,up,2.5000,1.000013e-05
mos_ss,125,3.3,10u,up,2.5500,1.000005e-05
mos_ss,125,3.3,10u,up,2.6000,9.999925e-06
mos_ss,125,3.3,10u,up,2.6500,9.999719e-06
mos_ss,125,3.3,10u,up,2.7000,9.999300e-06
mos_ss,125,3.3,10u,up,2.7500,9.998234e-06
mos_ss,125,3.3,10u,up,2.8000,9.993390e-06
mos_ss,125,3.3,10u,up,2.8500,9.983956e-06
mos_ss,125,3.3,10u,up,2.9000,9.966471e-06
mos_ss,125,3.3,10u,up,2.9500,9.935862e-06
mos_ss,125,3.3,10u,up,3.0000,9.878872e-06
mos_ss,125,3.3,10u,up,3.0500,9.757018e-06
mos_ss,125,3.3,10u,up,3.1000,9.453685e-06
mos_ss,125,3.3,10u,up,3.1500,8.670317e-06
mos_ss,125,3.3,10u,dn,0.1500,-8.228372e-06
mos_ss,125,3.3,10u,dn,0.2000,-9.029985e-06
mos_ss,125,3.3,10u,dn,0.2500,-9.436344e-06
mos_ss,125,3.3,10u,dn,0.3000,-9.659820e-06
mos_ss,125,3.3,10u,dn,0.3500,-9.795602e-06
mos_ss,125,3.3,10u,dn,0.4000,-9.882901e-06
mos_ss,125,3.3,10u,dn,0.4500,-9.937727e-06
mos_ss,125,3.3,10u,dn,0.5000,-9.968576e-06
mos_ss,125,3.3,10u,dn,0.5500,-9.983899e-06
mos_ss,125,3.3,10u,dn,0.6000,-9.991358e-06
mos_ss,125,3.3,10u,dn,0.6500,-9.995400e-06
mos_ss,125,3.3,10u,dn,0.7000,-9.998508e-06
mos_ss,125,3.3,10u,dn,0.7500,-1.000008e-05
mos_ss,125,3.3,10u,dn,0.8000,-1.000144e-05
mos_ss,125,3.3,10u,dn,0.8500,-1.000263e-05
mos_ss,125,3.3,10u,dn,0.9000,-1.000371e-05
mos_ss,125,3.3,10u,dn,0.9500,-1.000470e-05
mos_ss,125,3.3,10u,dn,1.0000,-1.000563e-05
mos_ss,125,3.3,10u,dn,1.0500,-1.000650e-05
mos_ss,125,3.3,10u,dn,1.1000,-1.000734e-05
mos_ss,125,3.3,10u,dn,1.1500,-1.000814e-05
mos_ss,125,3.3,10u,dn,1.2000,-1.000891e-05
mos_ss,125,3.3,10u,dn,1.2500,-1.000965e-05
mos_ss,125,3.3,10u,dn,1.3000,-1.001038e-05
mos_ss,125,3.3,10u,dn,1.3500,-1.001108e-05
mos_ss,125,3.3,10u,dn,1.4000,-1.001177e-05
mos_ss,125,3.3,10u,dn,1.4500,-1.001245e-05
mos_ss,125,3.3,10u,dn,1.5000,-1.001311e-05
mos_ss,125,3.3,10u,dn,1.5500,-1.001376e-05
mos_ss,125,3.3,10u,dn,1.6000,-1.001440e-05
mos_ss,125,3.3,10u,dn,1.6500,-1.001503e-05
mos_ss,125,3.3,10u,dn,1.7000,-1.001565e-05
mos_ss,125,3.3,10u,dn,1.7500,-1.001627e-05
mos_ss,125,3.3,10u,dn,1.8000,-1.001688e-05
mos_ss,125,3.3,10u,dn,1.8500,-1.001748e-05
mos_ss,125,3.3,10u,dn,1.9000,-1.001807e-05
mos_ss,125,3.3,10u,dn,1.9500,-1.001866e-05
mos_ss,125,3.3,10u,dn,2.0000,-1.001925e-05
mos_ss,125,3.3,10u,dn,2.0500,-1.001984e-05
mos_ss,125,3.3,10u,dn,2.1000,-1.002043e-05
mos_ss,125,3.3,10u,dn,2.1500,-1.002102e-05
mos_ss,125,3.3,10u,dn,2.2000,-1.002163e-05
mos_ss,125,3.3,10u,dn,2.2500,-1.002225e-05
mos_ss,125,3.3,10u,dn,2.3000,-1.002289e-05
mos_ss,125,3.3,10u,dn,2.3500,-1.002356e-05
mos_ss,125,3.3,10u,dn,2.4000,-1.002427e-05
mos_ss,125,3.3,10u,dn,2.4500,-1.002504e-05
mos_ss,125,3.3,10u,dn,2.5000,-1.002587e-05
mos_ss,125,3.3,10u,dn,2.5500,-1.002678e-05
mos_ss,125,3.3,10u,dn,2.6000,-1.002779e-05
mos_ss,125,3.3,10u,dn,2.6500,-1.002891e-05
mos_ss,125,3.3,10u,dn,2.7000,-1.003015e-05
mos_ss,125,3.3,10u,dn,2.7500,-1.003153e-05
mos_ss,125,3.3,10u,dn,2.8000,-1.003302e-05
mos_ss,125,3.3,10u,dn,2.8500,-1.003458e-05
mos_ss,125,3.3,10u,dn,2.9000,-1.003600e-05
mos_ss,125,3.3,10u,dn,2.9500,-1.003716e-05
mos_ss,125,3.3,10u,dn,3.0000,-1.003796e-05
mos_ss,125,3.3,10u,dn,3.0500,-1.003859e-05
mos_ss,125,3.3,10u,dn,3.1000,-1.003887e-05
mos_ss,125,3.3,10u,dn,3.1500,-1.003910e-05
mos_ss,125,3.3,10u,both,0.1500,1.762103e-06
mos_ss,125,3.3,10u,both,0.2000,9.677940e-07
mos_ss,125,3.3,10u,both,0.2500,5.636113e-07
mos_ss,125,3.3,10u,both,0.3000,3.407768e-07
mos_ss,125,3.3,10u,both,0.3500,2.051831e-07
mos_ss,125,3.3,10u,both,0.4000,1.179384e-07
mos_ss,125,3.3,10u,both,0.4500,6.312822e-08
mos_ss,125,3.3,10u,both,0.5000,3.224694e-08
mos_ss,125,3.3,10u,both,0.5500,1.694021e-08
mos_ss,125,3.3,10u,both,0.6000,9.497050e-09
mos_ss,125,3.3,10u,both,0.6500,5.459947e-09
mos_ss,125,3.3,10u,both,0.7000,2.901046e-09
mos_ss,125,3.3,10u,both,0.7500,1.048061e-09
mos_ss,125,3.3,10u,both,0.8000,-4.285708e-10
mos_ss,125,3.3,10u,both,0.8500,-1.682485e-09
mos_ss,125,3.3,10u,both,0.9000,-2.792662e-09
mos_ss,125,3.3,10u,both,0.9500,-3.803421e-09
mos_ss,125,3.3,10u,both,1.0000,-4.741584e-09
mos_ss,125,3.3,10u,both,1.0500,-5.624475e-09
mos_ss,125,3.3,10u,both,1.1000,-6.464001e-09
mos_ss,125,3.3,10u,both,1.1500,-7.268948e-09
mos_ss,125,3.3,10u,both,1.2000,-8.046392e-09
mos_ss,125,3.3,10u,both,1.2500,-8.802151e-09
mos_ss,125,3.3,10u,both,1.3000,-9.540228e-09
mos_ss,125,3.3,10u,both,1.3500,-1.026283e-08
mos_ss,125,3.3,10u,both,1.4000,-1.097130e-08
mos_ss,125,3.3,10u,both,1.4500,-1.167310e-08
mos_ss,125,3.3,10u,both,1.5000,-1.235624e-08
mos_ss,125,3.3,10u,both,1.5500,-1.302844e-08
mos_ss,125,3.3,10u,both,1.6000,-1.369080e-08
mos_ss,125,3.3,10u,both,1.6500,-1.434417e-08
mos_ss,125,3.3,10u,both,1.7000,-1.498936e-08
mos_ss,125,3.3,10u,both,1.7500,-1.562716e-08
mos_ss,125,3.3,10u,both,1.8000,-1.625838e-08
mos_ss,125,3.3,10u,both,1.8500,-1.688391e-08
mos_ss,125,3.3,10u,both,1.9000,-1.750478e-08
mos_ss,125,3.3,10u,both,1.9500,-1.812227e-08
mos_ss,125,3.3,10u,both,2.0000,-1.873801e-08
mos_ss,125,3.3,10u,both,2.0500,-1.935415e-08
mos_ss,125,3.3,10u,both,2.1000,-1.997346e-08
mos_ss,125,3.3,10u,both,2.1500,-2.059956e-08
mos_ss,125,3.3,10u,both,2.2000,-2.123711e-08
mos_ss,125,3.3,10u,both,2.2500,-2.189200e-08
mos_ss,125,3.3,10u,both,2.3000,-2.257165e-08
mos_ss,125,3.3,10u,both,2.3500,-2.328527e-08
mos_ss,125,3.3,10u,both,2.4000,-2.406950e-08
mos_ss,125,3.3,10u,both,2.4500,-2.489543e-08
mos_ss,125,3.3,10u,both,2.5000,-2.580047e-08
mos_ss,125,3.3,10u,both,2.5500,-2.680950e-08
mos_ss,125,3.3,10u,both,2.6000,-2.796160e-08
mos_ss,125,3.3,10u,both,2.6500,-2.933492e-08
mos_ss,125,3.3,10u,both,2.7000,-3.113748e-08
mos_ss,125,3.3,10u,both,2.7500,-3.402154e-08
mos_ss,125,3.3,10u,both,2.8000,-3.968008e-08
mos_ss,125,3.3,10u,both,2.8500,-5.062682e-08
mos_ss,125,3.3,10u,both,2.9000,-6.953903e-08
mos_ss,125,3.3,10u,both,2.9500,-1.013129e-07
mos_ss,125,3.3,10u,both,3.0000,-1.591009e-07
mos_ss,125,3.3,10u,both,3.0500,-2.814566e-07
mos_ss,125,3.3,10u,both,3.1000,-5.851280e-07
mos_ss,125,3.3,10u,both,3.1500,-1.368762e-06
mos_ss,-40,3.3,10u,up,0.1500,1.000048e-05
mos_ss,-40,3.3,10u,up,0.2000,1.000048e-05
mos_ss,-40,3.3,10u,up,0.2500,1.000048e-05
mos_ss,-40,3.3,10u,up,0.3000,1.000048e-05
mos_ss,-40,3.3,10u,up,0.3500,1.000047e-05
mos_ss,-40,3.3,10u,up,0.4000,1.000047e-05
mos_ss,-40,3.3,10u,up,0.4500,1.000047e-05
mos_ss,-40,3.3,10u,up,0.5000,1.000046e-05
mos_ss,-40,3.3,10u,up,0.5500,1.000046e-05
mos_ss,-40,3.3,10u,up,0.6000,1.000046e-05
mos_ss,-40,3.3,10u,up,0.6500,1.000046e-05
mos_ss,-40,3.3,10u,up,0.7000,1.000046e-05
mos_ss,-40,3.3,10u,up,0.7500,1.000048e-05
mos_ss,-40,3.3,10u,up,0.8000,1.000049e-05
mos_ss,-40,3.3,10u,up,0.8500,1.000049e-05
mos_ss,-40,3.3,10u,up,0.9000,1.000050e-05
mos_ss,-40,3.3,10u,up,0.9500,1.000050e-05
mos_ss,-40,3.3,10u,up,1.0000,1.000050e-05
mos_ss,-40,3.3,10u,up,1.0500,1.000050e-05
mos_ss,-40,3.3,10u,up,1.1000,1.000050e-05
mos_ss,-40,3.3,10u,up,1.1500,1.000050e-05
mos_ss,-40,3.3,10u,up,1.2000,1.000049e-05
mos_ss,-40,3.3,10u,up,1.2500,1.000049e-05
mos_ss,-40,3.3,10u,up,1.3000,1.000049e-05
mos_ss,-40,3.3,10u,up,1.3500,1.000048e-05
mos_ss,-40,3.3,10u,up,1.4000,1.000047e-05
mos_ss,-40,3.3,10u,up,1.4500,1.000045e-05
mos_ss,-40,3.3,10u,up,1.5000,1.000043e-05
mos_ss,-40,3.3,10u,up,1.5500,1.000041e-05
mos_ss,-40,3.3,10u,up,1.6000,1.000039e-05
mos_ss,-40,3.3,10u,up,1.6500,1.000037e-05
mos_ss,-40,3.3,10u,up,1.7000,1.000035e-05
mos_ss,-40,3.3,10u,up,1.7500,1.000033e-05
mos_ss,-40,3.3,10u,up,1.8000,1.000031e-05
mos_ss,-40,3.3,10u,up,1.8500,1.000029e-05
mos_ss,-40,3.3,10u,up,1.9000,1.000026e-05
mos_ss,-40,3.3,10u,up,1.9500,1.000024e-05
mos_ss,-40,3.3,10u,up,2.0000,1.000022e-05
mos_ss,-40,3.3,10u,up,2.0500,1.000019e-05
mos_ss,-40,3.3,10u,up,2.1000,1.000017e-05
mos_ss,-40,3.3,10u,up,2.1500,1.000014e-05
mos_ss,-40,3.3,10u,up,2.2000,1.000012e-05
mos_ss,-40,3.3,10u,up,2.2500,1.000009e-05
mos_ss,-40,3.3,10u,up,2.3000,1.000006e-05
mos_ss,-40,3.3,10u,up,2.3500,1.000003e-05
mos_ss,-40,3.3,10u,up,2.4000,9.999996e-06
mos_ss,-40,3.3,10u,up,2.4500,9.999962e-06
mos_ss,-40,3.3,10u,up,2.5000,9.999925e-06
mos_ss,-40,3.3,10u,up,2.5500,9.999885e-06
mos_ss,-40,3.3,10u,up,2.6000,9.999840e-06
mos_ss,-40,3.3,10u,up,2.6500,9.999788e-06
mos_ss,-40,3.3,10u,up,2.7000,9.999723e-06
mos_ss,-40,3.3,10u,up,2.7500,9.999633e-06
mos_ss,-40,3.3,10u,up,2.8000,9.999487e-06
mos_ss,-40,3.3,10u,up,2.8500,9.999169e-06
mos_ss,-40,3.3,10u,up,2.9000,9.998126e-06
mos_ss,-40,3.3,10u,up,2.9500,9.989429e-06
mos_ss,-40,3.3,10u,up,3.0000,9.970324e-06
mos_ss,-40,3.3,10u,up,3.0500,9.930576e-06
mos_ss,-40,3.3,10u,up,3.1000,9.835688e-06
mos_ss,-40,3.3,10u,up,3.1500,9.523286e-06
mos_ss,-40,3.3,10u,dn,0.1500,-9.002515e-06
mos_ss,-40,3.3,10u,dn,0.2000,-9.488166e-06
mos_ss,-40,3.3,10u,dn,0.2500,-9.724272e-06
mos_ss,-40,3.3,10u,dn,0.3000,-9.858009e-06
mos_ss,-40,3.3,10u,dn,0.3500,-9.932319e-06
mos_ss,-40,3.3,10u,dn,0.4000,-9.965967e-06
mos_ss,-40,3.3,10u,dn,0.4500,-9.979153e-06
mos_ss,-40,3.3,10u,dn,0.5000,-9.985093e-06
mos_ss,-40,3.3,10u,dn,0.5500,-9.989438e-06
mos_ss,-40,3.3,10u,dn,0.6000,-9.991585e-06
mos_ss,-40,3.3,10u,dn,0.6500,-9.993559e-06
mos_ss,-40,3.3,10u,dn,0.7000,-9.995346e-06
mos_ss,-40,3.3,10u,dn,0.7500,-9.996985e-06
mos_ss,-40,3.3,10u,dn,0.8000,-9.998508e-06
mos_ss,-40,3.3,10u,dn,0.8500,-9.999940e-06
mos_ss,-40,3.3,10u,dn,0.9000,-1.000130e-05
mos_ss,-40,3.3,10u,dn,0.9500,-1.000259e-05
mos_ss,-40,3.3,10u,dn,1.0000,-1.000384e-05
mos_ss,-40,3.3,10u,dn,1.0500,-1.000504e-05
mos_ss,-40,3.3,10u,dn,1.1000,-1.000620e-05
mos_ss,-40,3.3,10u,dn,1.1500,-1.000733e-05
mos_ss,-40,3.3,10u,dn,1.2000,-1.000843e-05
mos_ss,-40,3.3,10u,dn,1.2500,-1.000950e-05
mos_ss,-40,3.3,10u,dn,1.3000,-1.001055e-05
mos_ss,-40,3.3,10u,dn,1.3500,-1.001158e-05
mos_ss,-40,3.3,10u,dn,1.4000,-1.001259e-05
mos_ss,-40,3.3,10u,dn,1.4500,-1.001358e-05
mos_ss,-40,3.3,10u,dn,1.5000,-1.001456e-05
mos_ss,-40,3.3,10u,dn,1.5500,-1.001552e-05
mos_ss,-40,3.3,10u,dn,1.6000,-1.001646e-05
mos_ss,-40,3.3,10u,dn,1.6500,-1.001740e-05
mos_ss,-40,3.3,10u,dn,1.7000,-1.001832e-05
mos_ss,-40,3.3,10u,dn,1.7500,-1.001923e-05
mos_ss,-40,3.3,10u,dn,1.8000,-1.002014e-05
mos_ss,-40,3.3,10u,dn,1.8500,-1.002104e-05
mos_ss,-40,3.3,10u,dn,1.9000,-1.002193e-05
mos_ss,-40,3.3,10u,dn,1.9500,-1.002282e-05
mos_ss,-40,3.3,10u,dn,2.0000,-1.002371e-05
mos_ss,-40,3.3,10u,dn,2.0500,-1.002461e-05
mos_ss,-40,3.3,10u,dn,2.1000,-1.002552e-05
mos_ss,-40,3.3,10u,dn,2.1500,-1.002645e-05
mos_ss,-40,3.3,10u,dn,2.2000,-1.002740e-05
mos_ss,-40,3.3,10u,dn,2.2500,-1.002840e-05
mos_ss,-40,3.3,10u,dn,2.3000,-1.002944e-05
mos_ss,-40,3.3,10u,dn,2.3500,-1.003055e-05
mos_ss,-40,3.3,10u,dn,2.4000,-1.003174e-05
mos_ss,-40,3.3,10u,dn,2.4500,-1.003304e-05
mos_ss,-40,3.3,10u,dn,2.5000,-1.003447e-05
mos_ss,-40,3.3,10u,dn,2.5500,-1.003604e-05
mos_ss,-40,3.3,10u,dn,2.6000,-1.003780e-05
mos_ss,-40,3.3,10u,dn,2.6500,-1.003975e-05
mos_ss,-40,3.3,10u,dn,2.7000,-1.004194e-05
mos_ss,-40,3.3,10u,dn,2.7500,-1.004435e-05
mos_ss,-40,3.3,10u,dn,2.8000,-1.004694e-05
mos_ss,-40,3.3,10u,dn,2.8500,-1.004933e-05
mos_ss,-40,3.3,10u,dn,2.9000,-1.005099e-05
mos_ss,-40,3.3,10u,dn,2.9500,-1.005181e-05
mos_ss,-40,3.3,10u,dn,3.0000,-1.005236e-05
mos_ss,-40,3.3,10u,dn,3.0500,-1.005258e-05
mos_ss,-40,3.3,10u,dn,3.1000,-1.005285e-05
mos_ss,-40,3.3,10u,dn,3.1500,-1.005313e-05
mos_ss,-40,3.3,10u,both,0.1500,9.979608e-07
mos_ss,-40,3.3,10u,both,0.2000,5.123153e-07
mos_ss,-40,3.3,10u,both,0.2500,2.762072e-07
mos_ss,-40,3.3,10u,both,0.3000,1.424683e-07
mos_ss,-40,3.3,10u,both,0.3500,6.802791e-08
mos_ss,-40,3.3,10u,both,0.4000,3.434323e-08
mos_ss,-40,3.3,10u,both,0.4500,2.128004e-08
mos_ss,-40,3.3,10u,both,0.5000,1.537078e-08
mos_ss,-40,3.3,10u,both,0.5500,1.182023e-08
mos_ss,-40,3.3,10u,both,0.6000,9.217307e-09
mos_ss,-40,3.3,10u,both,0.6500,7.088265e-09
mos_ss,-40,3.3,10u,both,0.7000,5.244016e-09
mos_ss,-40,3.3,10u,both,0.7500,3.583119e-09
mos_ss,-40,3.3,10u,both,0.8000,2.047193e-09
mos_ss,-40,3.3,10u,both,0.8500,6.053525e-10
mos_ss,-40,3.3,10u,both,0.9000,-7.605867e-10
mos_ss,-40,3.3,10u,both,0.9500,-2.063495e-09
mos_ss,-40,3.3,10u,both,1.0000,-3.313400e-09
mos_ss,-40,3.3,10u,both,1.0500,-4.518206e-09
mos_ss,-40,3.3,10u,both,1.1000,-5.684186e-09
mos_ss,-40,3.3,10u,both,1.1500,-6.816421e-09
mos_ss,-40,3.3,10u,both,1.2000,-7.919201e-09
mos_ss,-40,3.3,10u,both,1.2500,-8.996505e-09
mos_ss,-40,3.3,10u,both,1.3000,-1.005252e-08
mos_ss,-40,3.3,10u,both,1.3500,-1.109109e-08
mos_ss,-40,3.3,10u,both,1.4000,-1.211416e-08
mos_ss,-40,3.3,10u,both,1.4500,-1.312227e-08
mos_ss,-40,3.3,10u,both,1.5000,-1.411595e-08
mos_ss,-40,3.3,10u,both,1.5500,-1.510264e-08
mos_ss,-40,3.3,10u,both,1.6000,-1.606942e-08
mos_ss,-40,3.3,10u,both,1.6500,-1.702429e-08
mos_ss,-40,3.3,10u,both,1.7000,-1.796843e-08
mos_ss,-40,3.3,10u,both,1.7500,-1.890302e-08
mos_ss,-40,3.3,10u,both,1.8000,-1.982945e-08
mos_ss,-40,3.3,10u,both,1.8500,-2.074941e-08
mos_ss,-40,3.3,10u,both,1.9000,-2.166504e-08
mos_ss,-40,3.3,10u,both,1.9500,-2.257908e-08
mos_ss,-40,3.3,10u,both,2.0000,-2.349506e-08
mos_ss,-40,3.3,10u,both,2.0500,-2.441748e-08
mos_ss,-40,3.3,10u,both,2.1000,-2.535206e-08
mos_ss,-40,3.3,10u,both,2.1500,-2.630598e-08
mos_ss,-40,3.3,10u,both,2.2000,-2.728808e-08
mos_ss,-40,3.3,10u,both,2.2500,-2.830917e-08
mos_ss,-40,3.3,10u,both,2.3000,-2.938222e-08
mos_ss,-40,3.3,10u,both,2.3500,-3.055960e-08
mos_ss,-40,3.3,10u,both,2.4000,-3.179466e-08
mos_ss,-40,3.3,10u,both,2.4500,-3.313695e-08
mos_ss,-40,3.3,10u,both,2.5000,-3.460977e-08
mos_ss,-40,3.3,10u,both,2.5500,-3.623877e-08
mos_ss,-40,3.3,10u,both,2.6000,-3.805114e-08
mos_ss,-40,3.3,10u,both,2.6500,-4.007378e-08
mos_ss,-40,3.3,10u,both,2.7000,-4.232887e-08
mos_ss,-40,3.3,10u,both,2.7500,-4.482328e-08
mos_ss,-40,3.3,10u,both,2.8000,-4.752618e-08
mos_ss,-40,3.3,10u,both,2.8500,-5.037433e-08
mos_ss,-40,3.3,10u,both,2.9000,-5.395340e-08
mos_ss,-40,3.3,10u,both,2.9500,-6.237924e-08
mos_ss,-40,3.3,10u,both,3.0000,-8.200552e-08
mos_ss,-40,3.3,10u,both,3.0500,-1.221071e-07
mos_ss,-40,3.3,10u,both,3.1000,-2.171580e-07
mos_ss,-40,3.3,10u,both,3.1500,-5.298401e-07
mos_ff,27,3.3,10u,up,0.1500,9.188854e-06
mos_ff,27,3.3,10u,up,0.2000,9.137172e-06
mos_ff,27,3.3,10u,up,0.2500,9.089000e-06
mos_ff,27,3.3,10u,up,0.3000,9.044486e-06
mos_ff,27,3.3,10u,up,0.3500,8.999149e-06
mos_ff,27,3.3,10u,up,0.4000,8.957017e-06
mos_ff,27,3.3,10u,up,0.4500,8.930348e-06
mos_ff,27,3.3,10u,up,0.5000,8.955012e-06
mos_ff,27,3.3,10u,up,0.5500,9.077629e-06
mos_ff,27,3.3,10u,up,0.6000,9.293521e-06
mos_ff,27,3.3,10u,up,0.6500,9.539682e-06
mos_ff,27,3.3,10u,up,0.7000,9.749327e-06
mos_ff,27,3.3,10u,up,0.7500,9.886562e-06
mos_ff,27,3.3,10u,up,0.8000,9.956745e-06
mos_ff,27,3.3,10u,up,0.8500,9.985656e-06
mos_ff,27,3.3,10u,up,0.9000,9.995897e-06
mos_ff,27,3.3,10u,up,0.9500,9.999228e-06
mos_ff,27,3.3,10u,up,1.0000,1.000026e-05
mos_ff,27,3.3,10u,up,1.0500,1.000058e-05
mos_ff,27,3.3,10u,up,1.1000,1.000067e-05
mos_ff,27,3.3,10u,up,1.1500,1.000069e-05
mos_ff,27,3.3,10u,up,1.2000,1.000069e-05
mos_ff,27,3.3,10u,up,1.2500,1.000067e-05
mos_ff,27,3.3,10u,up,1.3000,1.000066e-05
mos_ff,27,3.3,10u,up,1.3500,1.000064e-05
mos_ff,27,3.3,10u,up,1.4000,1.000062e-05
mos_ff,27,3.3,10u,up,1.4500,1.000060e-05
mos_ff,27,3.3,10u,up,1.5000,1.000058e-05
mos_ff,27,3.3,10u,up,1.5500,1.000056e-05
mos_ff,27,3.3,10u,up,1.6000,1.000054e-05
mos_ff,27,3.3,10u,up,1.6500,1.000052e-05
mos_ff,27,3.3,10u,up,1.7000,1.000050e-05
mos_ff,27,3.3,10u,up,1.7500,1.000048e-05
mos_ff,27,3.3,10u,up,1.8000,1.000046e-05
mos_ff,27,3.3,10u,up,1.8500,1.000044e-05
mos_ff,27,3.3,10u,up,1.9000,1.000041e-05
mos_ff,27,3.3,10u,up,1.9500,1.000039e-05
mos_ff,27,3.3,10u,up,2.0000,1.000037e-05
mos_ff,27,3.3,10u,up,2.0500,1.000034e-05
mos_ff,27,3.3,10u,up,2.1000,1.000032e-05
mos_ff,27,3.3,10u,up,2.1500,1.000029e-05
mos_ff,27,3.3,10u,up,2.2000,1.000026e-05
mos_ff,27,3.3,10u,up,2.2500,1.000023e-05
mos_ff,27,3.3,10u,up,2.3000,1.000020e-05
mos_ff,27,3.3,10u,up,2.3500,1.000017e-05
mos_ff,27,3.3,10u,up,2.4000,1.000014e-05
mos_ff,27,3.3,10u,up,2.4500,1.000010e-05
mos_ff,27,3.3,10u,up,2.5000,1.000006e-05
mos_ff,27,3.3,10u,up,2.5500,1.000002e-05
mos_ff,27,3.3,10u,up,2.6000,9.999961e-06
mos_ff,27,3.3,10u,up,2.6500,9.999893e-06
mos_ff,27,3.3,10u,up,2.7000,9.999797e-06
mos_ff,27,3.3,10u,up,2.7500,9.999639e-06
mos_ff,27,3.3,10u,up,2.8000,9.999301e-06
mos_ff,27,3.3,10u,up,2.8500,9.998313e-06
mos_ff,27,3.3,10u,up,2.9000,9.991886e-06
mos_ff,27,3.3,10u,up,2.9500,9.977980e-06
mos_ff,27,3.3,10u,up,3.0000,9.950473e-06
mos_ff,27,3.3,10u,up,3.0500,9.894934e-06
mos_ff,27,3.3,10u,up,3.1000,9.759014e-06
mos_ff,27,3.3,10u,up,3.1500,9.334946e-06
mos_ff,27,3.3,10u,dn,0.1500,-8.372336e-06
mos_ff,27,3.3,10u,dn,0.2000,-9.291219e-06
mos_ff,27,3.3,10u,dn,0.2500,-9.648840e-06
mos_ff,27,3.3,10u,dn,0.3000,-9.819694e-06
mos_ff,27,3.3,10u,dn,0.3500,-9.912502e-06
mos_ff,27,3.3,10u,dn,0.4000,-9.959521e-06
mos_ff,27,3.3,10u,dn,0.4500,-9.979669e-06
mos_ff,27,3.3,10u,dn,0.5000,-9.988195e-06
mos_ff,27,3.3,10u,dn,0.5500,-9.992581e-06
mos_ff,27,3.3,10u,dn,0.6000,-9.995971e-06
mos_ff,27,3.3,10u,dn,0.6500,-9.997842e-06
mos_ff,27,3.3,10u,dn,0.7000,-9.999526e-06
mos_ff,27,3.3,10u,dn,0.7500,-1.000105e-05
mos_ff,27,3.3,10u,dn,0.8000,-1.000245e-05
mos_ff,27,3.3,10u,dn,0.8500,-1.000376e-05
mos_ff,27,3.3,10u,dn,0.9000,-1.000499e-05
mos_ff,27,3.3,10u,dn,0.9500,-1.000616e-05
mos_ff,27,3.3,10u,dn,1.0000,-1.000728e-05
mos_ff,27,3.3,10u,dn,1.0500,-1.000836e-05
mos_ff,27,3.3,10u,dn,1.1000,-1.000941e-05
mos_ff,27,3.3,10u,dn,1.1500,-1.001042e-05
mos_ff,27,3.3,10u,dn,1.2000,-1.001141e-05
mos_ff,27,3.3,10u,dn,1.2500,-1.001237e-05
mos_ff,27,3.3,10u,dn,1.3000,-1.001331e-05
mos_ff,27,3.3,10u,dn,1.3500,-1.001423e-05
mos_ff,27,3.3,10u,dn,1.4000,-1.001513e-05
mos_ff,27,3.3,10u,dn,1.4500,-1.001602e-05
mos_ff,27,3.3,10u,dn,1.5000,-1.001690e-05
mos_ff,27,3.3,10u,dn,1.5500,-1.001776e-05
mos_ff,27,3.3,10u,dn,1.6000,-1.001860e-05
mos_ff,27,3.3,10u,dn,1.6500,-1.001944e-05
mos_ff,27,3.3,10u,dn,1.7000,-1.002027e-05
mos_ff,27,3.3,10u,dn,1.7500,-1.002109e-05
mos_ff,27,3.3,10u,dn,1.8000,-1.002190e-05
mos_ff,27,3.3,10u,dn,1.8500,-1.002270e-05
mos_ff,27,3.3,10u,dn,1.9000,-1.002350e-05
mos_ff,27,3.3,10u,dn,1.9500,-1.002430e-05
mos_ff,27,3.3,10u,dn,2.0000,-1.002510e-05
mos_ff,27,3.3,10u,dn,2.0500,-1.002590e-05
mos_ff,27,3.3,10u,dn,2.1000,-1.002671e-05
mos_ff,27,3.3,10u,dn,2.1500,-1.002754e-05
mos_ff,27,3.3,10u,dn,2.2000,-1.002839e-05
mos_ff,27,3.3,10u,dn,2.2500,-1.002927e-05
mos_ff,27,3.3,10u,dn,2.3000,-1.003020e-05
mos_ff,27,3.3,10u,dn,2.3500,-1.003119e-05
mos_ff,27,3.3,10u,dn,2.4000,-1.003225e-05
mos_ff,27,3.3,10u,dn,2.4500,-1.003340e-05
mos_ff,27,3.3,10u,dn,2.5000,-1.003466e-05
mos_ff,27,3.3,10u,dn,2.5500,-1.003607e-05
mos_ff,27,3.3,10u,dn,2.6000,-1.003765e-05
mos_ff,27,3.3,10u,dn,2.6500,-1.003942e-05
mos_ff,27,3.3,10u,dn,2.7000,-1.004142e-05
mos_ff,27,3.3,10u,dn,2.7500,-1.004370e-05
mos_ff,27,3.3,10u,dn,2.8000,-1.004627e-05
mos_ff,27,3.3,10u,dn,2.8500,-1.004919e-05
mos_ff,27,3.3,10u,dn,2.9000,-1.005248e-05
mos_ff,27,3.3,10u,dn,2.9500,-1.005616e-05
mos_ff,27,3.3,10u,dn,3.0000,-1.006022e-05
mos_ff,27,3.3,10u,dn,3.0500,-1.006456e-05
mos_ff,27,3.3,10u,dn,3.1000,-1.006865e-05
mos_ff,27,3.3,10u,dn,3.1500,-1.007189e-05
mos_ff,27,3.3,10u,both,0.1500,4.685356e-07
mos_ff,27,3.3,10u,both,0.2000,-1.394073e-07
mos_ff,27,3.3,10u,both,0.2500,-4.482115e-07
mos_ff,27,3.3,10u,both,0.3000,-6.344844e-07
mos_ff,27,3.3,10u,both,0.3500,-7.557592e-07
mos_ff,27,3.3,10u,both,0.4000,-8.282621e-07
mos_ff,27,3.3,10u,both,0.4500,-8.502290e-07
mos_ff,27,3.3,10u,both,0.5000,-7.903231e-07
mos_ff,27,3.3,10u,both,0.5500,-6.175572e-07
mos_ff,27,3.3,10u,both,0.6000,-3.857348e-07
mos_ff,27,3.3,10u,both,0.6500,-1.902639e-07
mos_ff,27,3.3,10u,both,0.7000,-7.614117e-08
mos_ff,27,3.3,10u,both,0.7500,-2.701464e-08
mos_ff,27,3.3,10u,both,0.8000,-1.023443e-08
mos_ff,27,3.3,10u,both,0.8500,-5.634415e-09
mos_ff,27,3.3,10u,both,0.9000,-5.037015e-09
mos_ff,27,3.3,10u,both,0.9500,-5.656922e-09
mos_ff,27,3.3,10u,both,1.0000,-6.616876e-09
mos_ff,27,3.3,10u,both,1.0500,-7.652612e-09
mos_ff,27,3.3,10u,both,1.1000,-8.689065e-09
mos_ff,27,3.3,10u,both,1.1500,-9.707880e-09
mos_ff,27,3.3,10u,both,1.2000,-1.070589e-08
mos_ff,27,3.3,10u,both,1.2500,-1.168325e-08
mos_ff,27,3.3,10u,both,1.3000,-1.264104e-08
mos_ff,27,3.3,10u,both,1.3500,-1.358951e-08
mos_ff,27,3.3,10u,both,1.4000,-1.451184e-08
mos_ff,27,3.3,10u,both,1.4500,-1.541888e-08
mos_ff,27,3.3,10u,both,1.5000,-1.631206e-08
mos_ff,27,3.3,10u,both,1.5500,-1.719250e-08
mos_ff,27,3.3,10u,both,1.6000,-1.806127e-08
mos_ff,27,3.3,10u,both,1.6500,-1.891938e-08
mos_ff,27,3.3,10u,both,1.7000,-1.976785e-08
mos_ff,27,3.3,10u,both,1.7500,-2.060775e-08
mos_ff,27,3.3,10u,both,1.8000,-2.144028e-08
mos_ff,27,3.3,10u,both,1.8500,-2.226691e-08
mos_ff,27,3.3,10u,both,1.9000,-2.308946e-08
mos_ff,27,3.3,10u,both,1.9500,-2.391026e-08
mos_ff,27,3.3,10u,both,2.0000,-2.473232e-08
mos_ff,27,3.3,10u,both,2.0500,-2.555954e-08
mos_ff,27,3.3,10u,both,2.1000,-2.639688e-08
mos_ff,27,3.3,10u,both,2.1500,-2.725061e-08
mos_ff,27,3.3,10u,both,2.2000,-2.812856e-08
mos_ff,27,3.3,10u,both,2.2500,-2.904038e-08
mos_ff,27,3.3,10u,both,2.3000,-2.999776e-08
mos_ff,27,3.3,10u,both,2.3500,-3.104774e-08
mos_ff,27,3.3,10u,both,2.4000,-3.214985e-08
mos_ff,27,3.3,10u,both,2.4500,-3.334926e-08
mos_ff,27,3.3,10u,both,2.5000,-3.466890e-08
mos_ff,27,3.3,10u,both,2.5500,-3.613546e-08
mos_ff,27,3.3,10u,both,2.6000,-3.778024e-08
mos_ff,27,3.3,10u,both,2.6500,-3.964135e-08
mos_ff,27,3.3,10u,both,2.7000,-4.177019e-08
mos_ff,27,3.3,10u,both,2.7500,-4.425506e-08
mos_ff,27,3.3,10u,both,2.8000,-4.732753e-08
mos_ff,27,3.3,10u,both,2.8500,-5.187561e-08
mos_ff,27,3.3,10u,both,2.9000,-6.077790e-08
mos_ff,27,3.3,10u,both,2.9500,-7.836116e-08
mos_ff,27,3.3,10u,both,3.0000,-1.098871e-07
mos_ff,27,3.3,10u,both,3.0500,-1.696506e-07
mos_ff,27,3.3,10u,both,3.1000,-3.096391e-07
mos_ff,27,3.3,10u,both,3.1500,-7.369474e-07
mos_ff,125,3.3,10u,up,0.1500,1.000139e-05
mos_ff,125,3.3,10u,up,0.2000,1.000139e-05
mos_ff,125,3.3,10u,up,0.2500,1.000138e-05
mos_ff,125,3.3,10u,up,0.3000,1.000138e-05
mos_ff,125,3.3,10u,up,0.3500,1.000138e-05
mos_ff,125,3.3,10u,up,0.4000,1.000138e-05
mos_ff,125,3.3,10u,up,0.4500,1.000138e-05
mos_ff,125,3.3,10u,up,0.5000,1.000138e-05
mos_ff,125,3.3,10u,up,0.5500,1.000138e-05
mos_ff,125,3.3,10u,up,0.6000,1.000137e-05
mos_ff,125,3.3,10u,up,0.6500,1.000137e-05
mos_ff,125,3.3,10u,up,0.7000,1.000137e-05
mos_ff,125,3.3,10u,up,0.7500,1.000137e-05
mos_ff,125,3.3,10u,up,0.8000,1.000137e-05
mos_ff,125,3.3,10u,up,0.8500,1.000137e-05
mos_ff,125,3.3,10u,up,0.9000,1.000137e-05
mos_ff,125,3.3,10u,up,0.9500,1.000136e-05
mos_ff,125,3.3,10u,up,1.0000,1.000136e-05
mos_ff,125,3.3,10u,up,1.0500,1.000135e-05
mos_ff,125,3.3,10u,up,1.1000,1.000134e-05
mos_ff,125,3.3,10u,up,1.1500,1.000133e-05
mos_ff,125,3.3,10u,up,1.2000,1.000131e-05
mos_ff,125,3.3,10u,up,1.2500,1.000129e-05
mos_ff,125,3.3,10u,up,1.3000,1.000127e-05
mos_ff,125,3.3,10u,up,1.3500,1.000125e-05
mos_ff,125,3.3,10u,up,1.4000,1.000123e-05
mos_ff,125,3.3,10u,up,1.4500,1.000120e-05
mos_ff,125,3.3,10u,up,1.5000,1.000118e-05
mos_ff,125,3.3,10u,up,1.5500,1.000116e-05
mos_ff,125,3.3,10u,up,1.6000,1.000113e-05
mos_ff,125,3.3,10u,up,1.6500,1.000111e-05
mos_ff,125,3.3,10u,up,1.7000,1.000108e-05
mos_ff,125,3.3,10u,up,1.7500,1.000106e-05
mos_ff,125,3.3,10u,up,1.8000,1.000103e-05
mos_ff,125,3.3,10u,up,1.8500,1.000100e-05
mos_ff,125,3.3,10u,up,1.9000,1.000098e-05
mos_ff,125,3.3,10u,up,1.9500,1.000095e-05
mos_ff,125,3.3,10u,up,2.0000,1.000092e-05
mos_ff,125,3.3,10u,up,2.0500,1.000089e-05
mos_ff,125,3.3,10u,up,2.1000,1.000086e-05
mos_ff,125,3.3,10u,up,2.1500,1.000082e-05
mos_ff,125,3.3,10u,up,2.2000,1.000079e-05
mos_ff,125,3.3,10u,up,2.2500,1.000075e-05
mos_ff,125,3.3,10u,up,2.3000,1.000072e-05
mos_ff,125,3.3,10u,up,2.3500,1.000067e-05
mos_ff,125,3.3,10u,up,2.4000,1.000063e-05
mos_ff,125,3.3,10u,up,2.4500,1.000058e-05
mos_ff,125,3.3,10u,up,2.5000,1.000051e-05
mos_ff,125,3.3,10u,up,2.5500,1.000044e-05
mos_ff,125,3.3,10u,up,2.6000,1.000033e-05
mos_ff,125,3.3,10u,up,2.6500,1.000016e-05
mos_ff,125,3.3,10u,up,2.7000,9.999827e-06
mos_ff,125,3.3,10u,up,2.7500,9.999035e-06
mos_ff,125,3.3,10u,up,2.8000,9.996739e-06
mos_ff,125,3.3,10u,up,2.8500,9.987463e-06
mos_ff,125,3.3,10u,up,2.9000,9.972070e-06
mos_ff,125,3.3,10u,up,2.9500,9.944747e-06
mos_ff,125,3.3,10u,up,3.0000,9.894371e-06
mos_ff,125,3.3,10u,up,3.0500,9.788645e-06
mos_ff,125,3.3,10u,up,3.1000,9.527461e-06
mos_ff,125,3.3,10u,up,3.1500,8.831820e-06
mos_ff,125,3.3,10u,dn,0.1500,-8.330830e-06
mos_ff,125,3.3,10u,dn,0.2000,-9.099961e-06
mos_ff,125,3.3,10u,dn,0.2500,-9.485220e-06
mos_ff,125,3.3,10u,dn,0.3000,-9.696633e-06
mos_ff,125,3.3,10u,dn,0.3500,-9.824570e-06
mos_ff,125,3.3,10u,dn,0.4000,-9.905114e-06
mos_ff,125,3.3,10u,dn,0.4500,-9.953121e-06
mos_ff,125,3.3,10u,dn,0.5000,-9.978193e-06
mos_ff,125,3.3,10u,dn,0.5500,-9.990084e-06
mos_ff,125,3.3,10u,dn,0.6000,-9.995970e-06
mos_ff,125,3.3,10u,dn,0.6500,-9.999352e-06
mos_ff,125,3.3,10u,dn,0.7000,-1.000205e-05
mos_ff,125,3.3,10u,dn,0.7500,-1.000358e-05
mos_ff,125,3.3,10u,dn,0.8000,-1.000492e-05
mos_ff,125,3.3,10u,dn,0.8500,-1.000612e-05
mos_ff,125,3.3,10u,dn,0.9000,-1.000721e-05
mos_ff,125,3.3,10u,dn,0.9500,-1.000823e-05
mos_ff,125,3.3,10u,dn,1.0000,-1.000918e-05
mos_ff,125,3.3,10u,dn,1.0500,-1.001009e-05
mos_ff,125,3.3,10u,dn,1.1000,-1.001096e-05
mos_ff,125,3.3,10u,dn,1.1500,-1.001179e-05
mos_ff,125,3.3,10u,dn,1.2000,-1.001260e-05
mos_ff,125,3.3,10u,dn,1.2500,-1.001338e-05
mos_ff,125,3.3,10u,dn,1.3000,-1.001414e-05
mos_ff,125,3.3,10u,dn,1.3500,-1.001489e-05
mos_ff,125,3.3,10u,dn,1.4000,-1.001561e-05
mos_ff,125,3.3,10u,dn,1.4500,-1.001633e-05
mos_ff,125,3.3,10u,dn,1.5000,-1.001703e-05
mos_ff,125,3.3,10u,dn,1.5500,-1.001772e-05
mos_ff,125,3.3,10u,dn,1.6000,-1.001840e-05
mos_ff,125,3.3,10u,dn,1.6500,-1.001906e-05
mos_ff,125,3.3,10u,dn,1.7000,-1.001972e-05
mos_ff,125,3.3,10u,dn,1.7500,-1.002037e-05
mos_ff,125,3.3,10u,dn,1.8000,-1.002102e-05
mos_ff,125,3.3,10u,dn,1.8500,-1.002165e-05
mos_ff,125,3.3,10u,dn,1.9000,-1.002229e-05
mos_ff,125,3.3,10u,dn,1.9500,-1.002291e-05
mos_ff,125,3.3,10u,dn,2.0000,-1.002354e-05
mos_ff,125,3.3,10u,dn,2.0500,-1.002417e-05
mos_ff,125,3.3,10u,dn,2.1000,-1.002479e-05
mos_ff,125,3.3,10u,dn,2.1500,-1.002543e-05
mos_ff,125,3.3,10u,dn,2.2000,-1.002608e-05
mos_ff,125,3.3,10u,dn,2.2500,-1.002675e-05
mos_ff,125,3.3,10u,dn,2.3000,-1.002744e-05
mos_ff,125,3.3,10u,dn,2.3500,-1.002816e-05
mos_ff,125,3.3,10u,dn,2.4000,-1.002894e-05
mos_ff,125,3.3,10u,dn,2.4500,-1.002977e-05
mos_ff,125,3.3,10u,dn,2.5000,-1.003067e-05
mos_ff,125,3.3,10u,dn,2.5500,-1.003167e-05
mos_ff,125,3.3,10u,dn,2.6000,-1.003277e-05
mos_ff,125,3.3,10u,dn,2.6500,-1.003399e-05
mos_ff,125,3.3,10u,dn,2.7000,-1.003535e-05
mos_ff,125,3.3,10u,dn,2.7500,-1.003686e-05
mos_ff,125,3.3,10u,dn,2.8000,-1.003849e-05
mos_ff,125,3.3,10u,dn,2.8500,-1.004021e-05
mos_ff,125,3.3,10u,dn,2.9000,-1.004179e-05
mos_ff,125,3.3,10u,dn,2.9500,-1.004309e-05
mos_ff,125,3.3,10u,dn,3.0000,-1.004399e-05
mos_ff,125,3.3,10u,dn,3.0500,-1.004470e-05
mos_ff,125,3.3,10u,dn,3.1000,-1.004501e-05
mos_ff,125,3.3,10u,dn,3.1500,-1.004527e-05
mos_ff,125,3.3,10u,both,0.1500,1.659360e-06
mos_ff,125,3.3,10u,both,0.2000,8.978061e-07
mos_ff,125,3.3,10u,both,0.2500,5.148101e-07
mos_ff,125,3.3,10u,both,0.3000,3.040702e-07
mos_ff,125,3.3,10u,both,0.3500,1.763611e-07
mos_ff,125,3.3,10u,both,0.4000,9.586515e-08
mos_ff,125,3.3,10u,both,0.4500,4.784386e-08
mos_ff,125,3.3,10u,both,0.5000,2.277295e-08
mos_ff,125,3.3,10u,both,0.5500,1.091485e-08
mos_ff,125,3.3,10u,both,0.6000,5.049609e-09
mos_ff,125,3.3,10u,both,0.6500,1.673600e-09
mos_ff,125,3.3,10u,both,0.7000,-5.994587e-10
mos_ff,125,3.3,10u,both,0.7500,-2.327465e-09
mos_ff,125,3.3,10u,both,0.8000,-3.752568e-09
mos_ff,125,3.3,10u,both,0.8500,-4.991540e-09
mos_ff,125,3.3,10u,both,0.9000,-6.106575e-09
mos_ff,125,3.3,10u,both,0.9500,-7.133903e-09
mos_ff,125,3.3,10u,both,1.0000,-8.096528e-09
mos_ff,125,3.3,10u,both,1.0500,-9.010393e-09
mos_ff,125,3.3,10u,both,1.1000,-9.886909e-09
mos_ff,125,3.3,10u,both,1.1500,-1.073351e-08
mos_ff,125,3.3,10u,both,1.2000,-1.155477e-08
mos_ff,125,3.3,10u,both,1.2500,-1.235387e-08
mos_ff,125,3.3,10u,both,1.3000,-1.314278e-08
mos_ff,125,3.3,10u,both,1.3500,-1.390392e-08
mos_ff,125,3.3,10u,both,1.4000,-1.464959e-08
mos_ff,125,3.3,10u,both,1.4500,-1.538150e-08
mos_ff,125,3.3,10u,both,1.5000,-1.610100e-08
mos_ff,125,3.3,10u,both,1.5500,-1.680926e-08
mos_ff,125,3.3,10u,both,1.6000,-1.750733e-08
mos_ff,125,3.3,10u,both,1.6500,-1.819612e-08
mos_ff,125,3.3,10u,both,1.7000,-1.887652e-08
mos_ff,125,3.3,10u,both,1.7500,-1.954935e-08
mos_ff,125,3.3,10u,both,1.8000,-2.021550e-08
mos_ff,125,3.3,10u,both,1.8500,-2.087594e-08
mos_ff,125,3.3,10u,both,1.9000,-2.153183e-08
mos_ff,125,3.3,10u,both,1.9500,-2.218461e-08
mos_ff,125,3.3,10u,both,2.0000,-2.283613e-08
mos_ff,125,3.3,10u,both,2.0500,-2.348881e-08
mos_ff,125,3.3,10u,both,2.1000,-2.414578e-08
mos_ff,125,3.3,10u,both,2.1500,-2.481110e-08
mos_ff,125,3.3,10u,both,2.2000,-2.548991e-08
mos_ff,125,3.3,10u,both,2.2500,-2.618873e-08
mos_ff,125,3.3,10u,both,2.3000,-2.691565e-08
mos_ff,125,3.3,10u,both,2.3500,-2.768061e-08
mos_ff,125,3.3,10u,both,2.4000,-2.849573e-08
mos_ff,125,3.3,10u,both,2.4500,-2.941140e-08
mos_ff,125,3.3,10u,both,2.5000,-3.038400e-08
mos_ff,125,3.3,10u,both,2.5500,-3.146524e-08
mos_ff,125,3.3,10u,both,2.6000,-3.268975e-08
mos_ff,125,3.3,10u,both,2.6500,-3.411987e-08
mos_ff,125,3.3,10u,both,2.7000,-3.590756e-08
mos_ff,125,3.3,10u,both,2.7500,-3.852480e-08
mos_ff,125,3.3,10u,both,2.8000,-4.335503e-08
mos_ff,125,3.3,10u,both,2.8500,-5.289506e-08
mos_ff,125,3.3,10u,both,2.9000,-6.987075e-08
mos_ff,125,3.3,10u,both,2.9500,-9.849693e-08
mos_ff,125,3.3,10u,both,3.0000,-1.497701e-07
mos_ff,125,3.3,10u,both,3.0500,-2.560561e-07
mos_ff,125,3.3,10u,both,3.1000,-5.176140e-07
mos_ff,125,3.3,10u,both,3.1500,-1.213545e-06
mos_ff,-40,3.3,10u,up,0.1500,9.702129e-06
mos_ff,-40,3.3,10u,up,0.2000,9.680165e-06
mos_ff,-40,3.3,10u,up,0.2500,9.658797e-06
mos_ff,-40,3.3,10u,up,0.3000,9.635127e-06
mos_ff,-40,3.3,10u,up,0.3500,9.610567e-06
mos_ff,-40,3.3,10u,up,0.4000,9.584784e-06
mos_ff,-40,3.3,10u,up,0.4500,9.559060e-06
mos_ff,-40,3.3,10u,up,0.5000,9.541739e-06
mos_ff,-40,3.3,10u,up,0.5500,9.565289e-06
mos_ff,-40,3.3,10u,up,0.6000,9.661962e-06
mos_ff,-40,3.3,10u,up,0.6500,9.793283e-06
mos_ff,-40,3.3,10u,up,0.7000,9.900704e-06
mos_ff,-40,3.3,10u,up,0.7500,9.962670e-06
mos_ff,-40,3.3,10u,up,0.8000,9.988877e-06
mos_ff,-40,3.3,10u,up,0.8500,9.997501e-06
mos_ff,-40,3.3,10u,up,0.9000,9.999872e-06
mos_ff,-40,3.3,10u,up,0.9500,1.000046e-05
mos_ff,-40,3.3,10u,up,1.0000,1.000060e-05
mos_ff,-40,3.3,10u,up,1.0500,1.000063e-05
mos_ff,-40,3.3,10u,up,1.1000,1.000064e-05
mos_ff,-40,3.3,10u,up,1.1500,1.000063e-05
mos_ff,-40,3.3,10u,up,1.2000,1.000062e-05
mos_ff,-40,3.3,10u,up,1.2500,1.000061e-05
mos_ff,-40,3.3,10u,up,1.3000,1.000059e-05
mos_ff,-40,3.3,10u,up,1.3500,1.000058e-05
mos_ff,-40,3.3,10u,up,1.4000,1.000056e-05
mos_ff,-40,3.3,10u,up,1.4500,1.000054e-05
mos_ff,-40,3.3,10u,up,1.5000,1.000052e-05
mos_ff,-40,3.3,10u,up,1.5500,1.000050e-05
mos_ff,-40,3.3,10u,up,1.6000,1.000048e-05
mos_ff,-40,3.3,10u,up,1.6500,1.000046e-05
mos_ff,-40,3.3,10u,up,1.7000,1.000044e-05
mos_ff,-40,3.3,10u,up,1.7500,1.000041e-05
mos_ff,-40,3.3,10u,up,1.8000,1.000039e-05
mos_ff,-40,3.3,10u,up,1.8500,1.000037e-05
mos_ff,-40,3.3,10u,up,1.9000,1.000035e-05
mos_ff,-40,3.3,10u,up,1.9500,1.000032e-05
mos_ff,-40,3.3,10u,up,2.0000,1.000030e-05
mos_ff,-40,3.3,10u,up,2.0500,1.000027e-05
mos_ff,-40,3.3,10u,up,2.1000,1.000025e-05
mos_ff,-40,3.3,10u,up,2.1500,1.000022e-05
mos_ff,-40,3.3,10u,up,2.2000,1.000020e-05
mos_ff,-40,3.3,10u,up,2.2500,1.000017e-05
mos_ff,-40,3.3,10u,up,2.3000,1.000014e-05
mos_ff,-40,3.3,10u,up,2.3500,1.000011e-05
mos_ff,-40,3.3,10u,up,2.4000,1.000008e-05
mos_ff,-40,3.3,10u,up,2.4500,1.000004e-05
mos_ff,-40,3.3,10u,up,2.5000,1.000001e-05
mos_ff,-40,3.3,10u,up,2.5500,9.999969e-06
mos_ff,-40,3.3,10u,up,2.6000,9.999925e-06
mos_ff,-40,3.3,10u,up,2.6500,9.999875e-06
mos_ff,-40,3.3,10u,up,2.7000,9.999814e-06
mos_ff,-40,3.3,10u,up,2.7500,9.999734e-06
mos_ff,-40,3.3,10u,up,2.8000,9.999609e-06
mos_ff,-40,3.3,10u,up,2.8500,9.999357e-06
mos_ff,-40,3.3,10u,up,2.9000,9.998601e-06
mos_ff,-40,3.3,10u,up,2.9500,9.991912e-06
mos_ff,-40,3.3,10u,up,3.0000,9.975394e-06
mos_ff,-40,3.3,10u,up,3.0500,9.940369e-06
mos_ff,-40,3.3,10u,up,3.1000,9.859047e-06
mos_ff,-40,3.3,10u,up,3.1500,9.599267e-06
mos_ff,-40,3.3,10u,dn,0.1500,-8.955106e-06
mos_ff,-40,3.3,10u,dn,0.2000,-9.515650e-06
mos_ff,-40,3.3,10u,dn,0.2500,-9.754637e-06
mos_ff,-40,3.3,10u,dn,0.3000,-9.881399e-06
mos_ff,-40,3.3,10u,dn,0.3500,-9.946359e-06
mos_ff,-40,3.3,10u,dn,0.4000,-9.973071e-06
mos_ff,-40,3.3,10u,dn,0.4500,-9.983390e-06
mos_ff,-40,3.3,10u,dn,0.5000,-9.988412e-06
mos_ff,-40,3.3,10u,dn,0.5500,-9.992273e-06
mos_ff,-40,3.3,10u,dn,0.6000,-9.994457e-06
mos_ff,-40,3.3,10u,dn,0.6500,-9.996455e-06
mos_ff,-40,3.3,10u,dn,0.7000,-9.998274e-06
mos_ff,-40,3.3,10u,dn,0.7500,-9.999954e-06
mos_ff,-40,3.3,10u,dn,0.8000,-1.000152e-05
mos_ff,-40,3.3,10u,dn,0.8500,-1.000300e-05
mos_ff,-40,3.3,10u,dn,0.9000,-1.000441e-05
mos_ff,-40,3.3,10u,dn,0.9500,-1.000576e-05
mos_ff,-40,3.3,10u,dn,1.0000,-1.000706e-05
mos_ff,-40,3.3,10u,dn,1.0500,-1.000831e-05
mos_ff,-40,3.3,10u,dn,1.1000,-1.000953e-05
mos_ff,-40,3.3,10u,dn,1.1500,-1.001071e-05
mos_ff,-40,3.3,10u,dn,1.2000,-1.001186e-05
mos_ff,-40,3.3,10u,dn,1.2500,-1.001299e-05
mos_ff,-40,3.3,10u,dn,1.3000,-1.001409e-05
mos_ff,-40,3.3,10u,dn,1.3500,-1.001517e-05
mos_ff,-40,3.3,10u,dn,1.4000,-1.001623e-05
mos_ff,-40,3.3,10u,dn,1.4500,-1.001727e-05
mos_ff,-40,3.3,10u,dn,1.5000,-1.001830e-05
mos_ff,-40,3.3,10u,dn,1.5500,-1.001931e-05
mos_ff,-40,3.3,10u,dn,1.6000,-1.002031e-05
mos_ff,-40,3.3,10u,dn,1.6500,-1.002129e-05
mos_ff,-40,3.3,10u,dn,1.7000,-1.002227e-05
mos_ff,-40,3.3,10u,dn,1.7500,-1.002323e-05
mos_ff,-40,3.3,10u,dn,1.8000,-1.002418e-05
mos_ff,-40,3.3,10u,dn,1.8500,-1.002513e-05
mos_ff,-40,3.3,10u,dn,1.9000,-1.002608e-05
mos_ff,-40,3.3,10u,dn,1.9500,-1.002702e-05
mos_ff,-40,3.3,10u,dn,2.0000,-1.002796e-05
mos_ff,-40,3.3,10u,dn,2.0500,-1.002891e-05
mos_ff,-40,3.3,10u,dn,2.1000,-1.002988e-05
mos_ff,-40,3.3,10u,dn,2.1500,-1.003086e-05
mos_ff,-40,3.3,10u,dn,2.2000,-1.003188e-05
mos_ff,-40,3.3,10u,dn,2.2500,-1.003294e-05
mos_ff,-40,3.3,10u,dn,2.3000,-1.003406e-05
mos_ff,-40,3.3,10u,dn,2.3500,-1.003525e-05
mos_ff,-40,3.3,10u,dn,2.4000,-1.003653e-05
mos_ff,-40,3.3,10u,dn,2.4500,-1.003792e-05
mos_ff,-40,3.3,10u,dn,2.5000,-1.003946e-05
mos_ff,-40,3.3,10u,dn,2.5500,-1.004116e-05
mos_ff,-40,3.3,10u,dn,2.6000,-1.004306e-05
mos_ff,-40,3.3,10u,dn,2.6500,-1.004520e-05
mos_ff,-40,3.3,10u,dn,2.7000,-1.004762e-05
mos_ff,-40,3.3,10u,dn,2.7500,-1.005035e-05
mos_ff,-40,3.3,10u,dn,2.8000,-1.005344e-05
mos_ff,-40,3.3,10u,dn,2.8500,-1.005694e-05
mos_ff,-40,3.3,10u,dn,2.9000,-1.006088e-05
mos_ff,-40,3.3,10u,dn,2.9500,-1.006530e-05
mos_ff,-40,3.3,10u,dn,3.0000,-1.007020e-05
mos_ff,-40,3.3,10u,dn,3.0500,-1.007549e-05
mos_ff,-40,3.3,10u,dn,3.1000,-1.008054e-05
mos_ff,-40,3.3,10u,dn,3.1500,-1.008427e-05
mos_ff,-40,3.3,10u,both,0.1500,6.449552e-07
mos_ff,-40,3.3,10u,both,0.2000,1.690621e-07
mos_ff,-40,3.3,10u,both,0.2500,-7.250190e-08
mos_ff,-40,3.3,10u,both,0.3000,-2.165887e-07
mos_ff,-40,3.3,10u,both,0.3500,-3.019597e-07
mos_ff,-40,3.3,10u,both,0.4000,-3.499915e-07
mos_ff,-40,3.3,10u,both,0.4500,-3.797045e-07
mos_ff,-40,3.3,10u,both,0.5000,-3.872523e-07
mos_ff,-40,3.3,10u,both,0.5500,-3.310054e-07
mos_ff,-40,3.3,10u,both,0.6000,-2.045015e-07
mos_ff,-40,3.3,10u,both,0.6500,-8.959521e-08
mos_ff,-40,3.3,10u,both,0.7000,-2.908269e-08
mos_ff,-40,3.3,10u,both,0.7500,-7.918671e-09
mos_ff,-40,3.3,10u,both,0.8000,-2.970410e-09
mos_ff,-40,3.3,10u,both,0.8500,-2.822313e-09
mos_ff,-40,3.3,10u,both,0.9000,-3.848919e-09
mos_ff,-40,3.3,10u,both,0.9500,-5.113229e-09
mos_ff,-40,3.3,10u,both,1.0000,-6.400935e-09
mos_ff,-40,3.3,10u,both,1.0500,-7.649294e-09
mos_ff,-40,3.3,10u,both,1.1000,-8.869490e-09
mos_ff,-40,3.3,10u,both,1.1500,-1.005952e-08
mos_ff,-40,3.3,10u,both,1.2000,-1.122385e-08
mos_ff,-40,3.3,10u,both,1.2500,-1.236496e-08
mos_ff,-40,3.3,10u,both,1.3000,-1.348432e-08
mos_ff,-40,3.3,10u,both,1.3500,-1.459327e-08
mos_ff,-40,3.3,10u,both,1.4000,-1.567281e-08
mos_ff,-40,3.3,10u,both,1.4500,-1.673488e-08
mos_ff,-40,3.3,10u,both,1.5000,-1.778105e-08
mos_ff,-40,3.3,10u,both,1.5500,-1.881254e-08
mos_ff,-40,3.3,10u,both,1.6000,-1.983056e-08
mos_ff,-40,3.3,10u,both,1.6500,-2.083627e-08
mos_ff,-40,3.3,10u,both,1.7000,-2.183088e-08
mos_ff,-40,3.3,10u,both,1.7500,-2.281571e-08
mos_ff,-40,3.3,10u,both,1.8000,-2.379232e-08
mos_ff,-40,3.3,10u,both,1.8500,-2.476259e-08
mos_ff,-40,3.3,10u,both,1.9000,-2.572889e-08
mos_ff,-40,3.3,10u,both,1.9500,-2.669427e-08
mos_ff,-40,3.3,10u,both,2.0000,-2.766259e-08
mos_ff,-40,3.3,10u,both,2.0500,-2.863884e-08
mos_ff,-40,3.3,10u,both,2.1000,-2.962926e-08
mos_ff,-40,3.3,10u,both,2.1500,-3.064166e-08
mos_ff,-40,3.3,10u,both,2.2000,-3.168569e-08
mos_ff,-40,3.3,10u,both,2.2500,-3.277304e-08
mos_ff,-40,3.3,10u,both,2.3000,-3.391776e-08
mos_ff,-40,3.3,10u,both,2.3500,-3.517720e-08
mos_ff,-40,3.3,10u,both,2.4000,-3.649978e-08
mos_ff,-40,3.3,10u,both,2.4500,-3.794011e-08
mos_ff,-40,3.3,10u,both,2.5000,-3.952427e-08
mos_ff,-40,3.3,10u,both,2.5500,-4.128194e-08
mos_ff,-40,3.3,10u,both,2.6000,-4.324673e-08
mos_ff,-40,3.3,10u,both,2.6500,-4.545670e-08
mos_ff,-40,3.3,10u,both,2.7000,-4.795574e-08
mos_ff,-40,3.3,10u,both,2.7500,-5.079769e-08
mos_ff,-40,3.3,10u,both,2.8000,-5.406282e-08
mos_ff,-40,3.3,10u,both,2.8500,-5.794173e-08
mos_ff,-40,3.3,10u,both,2.9000,-6.326795e-08
mos_ff,-40,3.3,10u,both,2.9500,-7.361859e-08
mos_ff,-40,3.3,10u,both,3.0000,-9.499986e-08
mos_ff,-40,3.3,10u,both,3.0500,-1.351876e-07
mos_ff,-40,3.3,10u,both,3.1000,-2.214969e-07
mos_ff,-40,3.3,10u,both,3.1500,-4.850026e-07
mos_sf,27,3.3,10u,up,0.1500,9.990727e-06
mos_sf,27,3.3,10u,up,0.2000,9.989960e-06
mos_sf,27,3.3,10u,up,0.2500,9.989278e-06
mos_sf,27,3.3,10u,up,0.3000,9.988546e-06
mos_sf,27,3.3,10u,up,0.3500,9.987754e-06
mos_sf,27,3.3,10u,up,0.4000,9.986940e-06
mos_sf,27,3.3,10u,up,0.4500,9.986110e-06
mos_sf,27,3.3,10u,up,0.5000,9.985357e-06
mos_sf,27,3.3,10u,up,0.5500,9.985039e-06
mos_sf,27,3.3,10u,up,0.6000,9.985989e-06
mos_sf,27,3.3,10u,up,0.6500,9.988752e-06
mos_sf,27,3.3,10u,up,0.7000,9.992485e-06
mos_sf,27,3.3,10u,up,0.7500,9.995899e-06
mos_sf,27,3.3,10u,up,0.8000,9.998286e-06
mos_sf,27,3.3,10u,up,0.8500,9.999647e-06
mos_sf,27,3.3,10u,up,0.9000,1.000029e-05
mos_sf,27,3.3,10u,up,0.9500,1.000054e-05
mos_sf,27,3.3,10u,up,1.0000,1.000063e-05
mos_sf,27,3.3,10u,up,1.0500,1.000066e-05
mos_sf,27,3.3,10u,up,1.1000,1.000066e-05
mos_sf,27,3.3,10u,up,1.1500,1.000066e-05
mos_sf,27,3.3,10u,up,1.2000,1.000065e-05
mos_sf,27,3.3,10u,up,1.2500,1.000064e-05
mos_sf,27,3.3,10u,up,1.3000,1.000063e-05
mos_sf,27,3.3,10u,up,1.3500,1.000061e-05
mos_sf,27,3.3,10u,up,1.4000,1.000059e-05
mos_sf,27,3.3,10u,up,1.4500,1.000057e-05
mos_sf,27,3.3,10u,up,1.5000,1.000056e-05
mos_sf,27,3.3,10u,up,1.5500,1.000054e-05
mos_sf,27,3.3,10u,up,1.6000,1.000052e-05
mos_sf,27,3.3,10u,up,1.6500,1.000050e-05
mos_sf,27,3.3,10u,up,1.7000,1.000047e-05
mos_sf,27,3.3,10u,up,1.7500,1.000045e-05
mos_sf,27,3.3,10u,up,1.8000,1.000043e-05
mos_sf,27,3.3,10u,up,1.8500,1.000041e-05
mos_sf,27,3.3,10u,up,1.9000,1.000039e-05
mos_sf,27,3.3,10u,up,1.9500,1.000036e-05
mos_sf,27,3.3,10u,up,2.0000,1.000034e-05
mos_sf,27,3.3,10u,up,2.0500,1.000031e-05
mos_sf,27,3.3,10u,up,2.1000,1.000029e-05
mos_sf,27,3.3,10u,up,2.1500,1.000026e-05
mos_sf,27,3.3,10u,up,2.2000,1.000023e-05
mos_sf,27,3.3,10u,up,2.2500,1.000021e-05
mos_sf,27,3.3,10u,up,2.3000,1.000018e-05
mos_sf,27,3.3,10u,up,2.3500,1.000014e-05
mos_sf,27,3.3,10u,up,2.4000,1.000011e-05
mos_sf,27,3.3,10u,up,2.4500,1.000007e-05
mos_sf,27,3.3,10u,up,2.5000,1.000003e-05
mos_sf,27,3.3,10u,up,2.5500,9.999987e-06
mos_sf,27,3.3,10u,up,2.6000,9.999932e-06
mos_sf,27,3.3,10u,up,2.6500,9.999862e-06
mos_sf,27,3.3,10u,up,2.7000,9.999764e-06
mos_sf,27,3.3,10u,up,2.7500,9.999599e-06
mos_sf,27,3.3,10u,up,2.8000,9.999244e-06
mos_sf,27,3.3,10u,up,2.8500,9.998186e-06
mos_sf,27,3.3,10u,up,2.9000,9.991400e-06
mos_sf,27,3.3,10u,up,2.9500,9.977049e-06
mos_sf,27,3.3,10u,up,3.0000,9.948858e-06
mos_sf,27,3.3,10u,up,3.0500,9.891829e-06
mos_sf,27,3.3,10u,up,3.1000,9.751576e-06
mos_sf,27,3.3,10u,up,3.1500,9.313959e-06
mos_sf,27,3.3,10u,dn,0.1500,-8.763443e-06
mos_sf,27,3.3,10u,dn,0.2000,-9.357663e-06
mos_sf,27,3.3,10u,dn,0.2500,-9.643712e-06
mos_sf,27,3.3,10u,dn,0.3000,-9.803248e-06
mos_sf,27,3.3,10u,dn,0.3500,-9.898451e-06
mos_sf,27,3.3,10u,dn,0.4000,-9.950869e-06
mos_sf,27,3.3,10u,dn,0.4500,-9.974880e-06
mos_sf,27,3.3,10u,dn,0.5000,-9.985072e-06
mos_sf,27,3.3,10u,dn,0.5500,-9.990057e-06
mos_sf,27,3.3,10u,dn,0.6000,-9.993791e-06
mos_sf,27,3.3,10u,dn,0.6500,-9.995662e-06
mos_sf,27,3.3,10u,dn,0.7000,-9.997343e-06
mos_sf,27,3.3,10u,dn,0.7500,-9.998852e-06
mos_sf,27,3.3,10u,dn,0.8000,-1.000023e-05
mos_sf,27,3.3,10u,dn,0.8500,-1.000151e-05
mos_sf,27,3.3,10u,dn,0.9000,-1.000272e-05
mos_sf,27,3.3,10u,dn,0.9500,-1.000386e-05
mos_sf,27,3.3,10u,dn,1.0000,-1.000495e-05
mos_sf,27,3.3,10u,dn,1.0500,-1.000599e-05
mos_sf,27,3.3,10u,dn,1.1000,-1.000700e-05
mos_sf,27,3.3,10u,dn,1.1500,-1.000798e-05
mos_sf,27,3.3,10u,dn,1.2000,-1.000894e-05
mos_sf,27,3.3,10u,dn,1.2500,-1.000986e-05
mos_sf,27,3.3,10u,dn,1.3000,-1.001077e-05
mos_sf,27,3.3,10u,dn,1.3500,-1.001166e-05
mos_sf,27,3.3,10u,dn,1.4000,-1.001253e-05
mos_sf,27,3.3,10u,dn,1.4500,-1.001339e-05
mos_sf,27,3.3,10u,dn,1.5000,-1.001423e-05
mos_sf,27,3.3,10u,dn,1.5500,-1.001505e-05
mos_sf,27,3.3,10u,dn,1.6000,-1.001587e-05
mos_sf,27,3.3,10u,dn,1.6500,-1.001667e-05
mos_sf,27,3.3,10u,dn,1.7000,-1.001747e-05
mos_sf,27,3.3,10u,dn,1.7500,-1.001826e-05
mos_sf,27,3.3,10u,dn,1.8000,-1.001903e-05
mos_sf,27,3.3,10u,dn,1.8500,-1.001981e-05
mos_sf,27,3.3,10u,dn,1.9000,-1.002057e-05
mos_sf,27,3.3,10u,dn,1.9500,-1.002134e-05
mos_sf,27,3.3,10u,dn,2.0000,-1.002210e-05
mos_sf,27,3.3,10u,dn,2.0500,-1.002287e-05
mos_sf,27,3.3,10u,dn,2.1000,-1.002364e-05
mos_sf,27,3.3,10u,dn,2.1500,-1.002443e-05
mos_sf,27,3.3,10u,dn,2.2000,-1.002524e-05
mos_sf,27,3.3,10u,dn,2.2500,-1.002608e-05
mos_sf,27,3.3,10u,dn,2.3000,-1.002696e-05
mos_sf,27,3.3,10u,dn,2.3500,-1.002789e-05
mos_sf,27,3.3,10u,dn,2.4000,-1.002890e-05
mos_sf,27,3.3,10u,dn,2.4500,-1.002998e-05
mos_sf,27,3.3,10u,dn,2.5000,-1.003118e-05
mos_sf,27,3.3,10u,dn,2.5500,-1.003250e-05
mos_sf,27,3.3,10u,dn,2.6000,-1.003398e-05
mos_sf,27,3.3,10u,dn,2.6500,-1.003563e-05
mos_sf,27,3.3,10u,dn,2.7000,-1.003749e-05
mos_sf,27,3.3,10u,dn,2.7500,-1.003958e-05
mos_sf,27,3.3,10u,dn,2.8000,-1.004192e-05
mos_sf,27,3.3,10u,dn,2.8500,-1.004449e-05
mos_sf,27,3.3,10u,dn,2.9000,-1.004723e-05
mos_sf,27,3.3,10u,dn,2.9500,-1.004973e-05
mos_sf,27,3.3,10u,dn,3.0000,-1.005165e-05
mos_sf,27,3.3,10u,dn,3.0500,-1.005278e-05
mos_sf,27,3.3,10u,dn,3.1000,-1.005360e-05
mos_sf,27,3.3,10u,dn,3.1500,-1.005390e-05
mos_sf,27,3.3,10u,both,0.1500,1.223198e-06
mos_sf,27,3.3,10u,both,0.2000,6.314905e-07
mos_sf,27,3.3,10u,both,0.2500,3.454292e-07
mos_sf,27,3.3,10u,both,0.3000,1.853066e-07
mos_sf,27,3.3,10u,both,0.3500,8.936762e-08
mos_sf,27,3.3,10u,both,0.4000,3.607279e-08
mos_sf,27,3.3,10u,both,0.4500,1.131632e-08
mos_sf,27,3.3,10u,both,0.5000,6.782937e-10
mos_sf,27,3.3,10u,both,0.5500,-3.795116e-09
mos_sf,27,3.3,10u,both,0.6000,-4.298018e-09
mos_sf,27,3.3,10u,both,0.6500,-2.464804e-09
mos_sf,27,3.3,10u,both,0.7000,-6.082073e-10
mos_sf,27,3.3,10u,both,0.7500,1.330589e-10
mos_sf,27,3.3,10u,both,0.8000,-1.576115e-10
mos_sf,27,3.3,10u,both,0.8500,-1.014223e-09
mos_sf,27,3.3,10u,both,0.9000,-2.076094e-09
mos_sf,27,3.3,10u,both,0.9500,-3.176090e-09
mos_sf,27,3.3,10u,both,1.0000,-4.257025e-09
mos_sf,27,3.3,10u,both,1.0500,-5.304963e-09
mos_sf,27,3.3,10u,both,1.1000,-6.320034e-09
mos_sf,27,3.3,10u,both,1.1500,-7.306535e-09
mos_sf,27,3.3,10u,both,1.2000,-8.269229e-09
mos_sf,27,3.3,10u,both,1.2500,-9.211224e-09
mos_sf,27,3.3,10u,both,1.3000,-1.013424e-08
mos_sf,27,3.3,10u,both,1.3500,-1.103965e-08
mos_sf,27,3.3,10u,both,1.4000,-1.193671e-08
mos_sf,27,3.3,10u,both,1.4500,-1.281034e-08
mos_sf,27,3.3,10u,both,1.5000,-1.367024e-08
mos_sf,27,3.3,10u,both,1.5500,-1.451765e-08
mos_sf,27,3.3,10u,both,1.6000,-1.535358e-08
mos_sf,27,3.3,10u,both,1.6500,-1.617903e-08
mos_sf,27,3.3,10u,both,1.7000,-1.699495e-08
mos_sf,27,3.3,10u,both,1.7500,-1.780236e-08
mos_sf,27,3.3,10u,both,1.8000,-1.860241e-08
mos_sf,27,3.3,10u,both,1.8500,-1.939643e-08
mos_sf,27,3.3,10u,both,1.9000,-2.018611e-08
mos_sf,27,3.3,10u,both,1.9500,-2.097359e-08
mos_sf,27,3.3,10u,both,2.0000,-2.176165e-08
mos_sf,27,3.3,10u,both,2.0500,-2.255386e-08
mos_sf,27,3.3,10u,both,2.1000,-2.335482e-08
mos_sf,27,3.3,10u,both,2.1500,-2.417036e-08
mos_sf,27,3.3,10u,both,2.2000,-2.500776e-08
mos_sf,27,3.3,10u,both,2.2500,-2.587601e-08
mos_sf,27,3.3,10u,both,2.3000,-2.678608e-08
mos_sf,27,3.3,10u,both,2.3500,-2.778151e-08
mos_sf,27,3.3,10u,both,2.4000,-2.882529e-08
mos_sf,27,3.3,10u,both,2.4500,-2.995919e-08
mos_sf,27,3.3,10u,both,2.5000,-3.120444e-08
mos_sf,27,3.3,10u,both,2.5500,-3.258546e-08
mos_sf,27,3.3,10u,both,2.6000,-3.413044e-08
mos_sf,27,3.3,10u,both,2.6500,-3.587290e-08
mos_sf,27,3.3,10u,both,2.7000,-3.785710e-08
mos_sf,27,3.3,10u,both,2.7500,-4.016043e-08
mos_sf,27,3.3,10u,both,2.8000,-4.300182e-08
mos_sf,27,3.3,10u,both,2.8500,-4.727462e-08
mos_sf,27,3.3,10u,both,2.9000,-5.582929e-08
mos_sf,27,3.3,10u,both,2.9500,-7.268753e-08
mos_sf,27,3.3,10u,both,3.0000,-1.027973e-07
mos_sf,27,3.3,10u,both,3.0500,-1.609513e-07
mos_sf,27,3.3,10u,both,3.1000,-3.018323e-07
mos_sf,27,3.3,10u,both,3.1500,-7.398753e-07
mos_sf,125,3.3,10u,up,0.1500,1.000122e-05
mos_sf,125,3.3,10u,up,0.2000,1.000122e-05
mos_sf,125,3.3,10u,up,0.2500,1.000122e-05
mos_sf,125,3.3,10u,up,0.3000,1.000122e-05
mos_sf,125,3.3,10u,up,0.3500,1.000121e-05
mos_sf,125,3.3,10u,up,0.4000,1.000121e-05
mos_sf,125,3.3,10u,up,0.4500,1.000121e-05
mos_sf,125,3.3,10u,up,0.5000,1.000121e-05
mos_sf,125,3.3,10u,up,0.5500,1.000121e-05
mos_sf,125,3.3,10u,up,0.6000,1.000121e-05
mos_sf,125,3.3,10u,up,0.6500,1.000121e-05
mos_sf,125,3.3,10u,up,0.7000,1.000121e-05
mos_sf,125,3.3,10u,up,0.7500,1.000120e-05
mos_sf,125,3.3,10u,up,0.8000,1.000120e-05
mos_sf,125,3.3,10u,up,0.8500,1.000120e-05
mos_sf,125,3.3,10u,up,0.9000,1.000120e-05
mos_sf,125,3.3,10u,up,0.9500,1.000120e-05
mos_sf,125,3.3,10u,up,1.0000,1.000119e-05
mos_sf,125,3.3,10u,up,1.0500,1.000119e-05
mos_sf,125,3.3,10u,up,1.1000,1.000118e-05
mos_sf,125,3.3,10u,up,1.1500,1.000117e-05
mos_sf,125,3.3,10u,up,1.2000,1.000116e-05
mos_sf,125,3.3,10u,up,1.2500,1.000114e-05
mos_sf,125,3.3,10u,up,1.3000,1.000112e-05
mos_sf,125,3.3,10u,up,1.3500,1.000110e-05
mos_sf,125,3.3,10u,up,1.4000,1.000108e-05
mos_sf,125,3.3,10u,up,1.4500,1.000106e-05
mos_sf,125,3.3,10u,up,1.5000,1.000104e-05
mos_sf,125,3.3,10u,up,1.5500,1.000101e-05
mos_sf,125,3.3,10u,up,1.6000,1.000099e-05
mos_sf,125,3.3,10u,up,1.6500,1.000097e-05
mos_sf,125,3.3,10u,up,1.7000,1.000094e-05
mos_sf,125,3.3,10u,up,1.7500,1.000092e-05
mos_sf,125,3.3,10u,up,1.8000,1.000089e-05
mos_sf,125,3.3,10u,up,1.8500,1.000086e-05
mos_sf,125,3.3,10u,up,1.9000,1.000084e-05
mos_sf,125,3.3,10u,up,1.9500,1.000081e-05
mos_sf,125,3.3,10u,up,2.0000,1.000078e-05
mos_sf,125,3.3,10u,up,2.0500,1.000075e-05
mos_sf,125,3.3,10u,up,2.1000,1.000072e-05
mos_sf,125,3.3,10u,up,2.1500,1.000069e-05
mos_sf,125,3.3,10u,up,2.2000,1.000065e-05
mos_sf,125,3.3,10u,up,2.2500,1.000062e-05
mos_sf,125,3.3,10u,up,2.3000,1.000058e-05
mos_sf,125,3.3,10u,up,2.3500,1.000054e-05
mos_sf,125,3.3,10u,up,2.4000,1.000049e-05
mos_sf,125,3.3,10u,up,2.4500,1.000044e-05
mos_sf,125,3.3,10u,up,2.5000,1.000038e-05
mos_sf,125,3.3,10u,up,2.5500,1.000030e-05
mos_sf,125,3.3,10u,up,2.6000,1.000019e-05
mos_sf,125,3.3,10u,up,2.6500,1.000001e-05
mos_sf,125,3.3,10u,up,2.7000,9.999660e-06
mos_sf,125,3.3,10u,up,2.7500,9.998816e-06
mos_sf,125,3.3,10u,up,2.8000,9.994891e-06
mos_sf,125,3.3,10u,up,2.8500,9.986693e-06
mos_sf,125,3.3,10u,up,2.9000,9.970872e-06
mos_sf,125,3.3,10u,up,2.9500,9.942901e-06
mos_sf,125,3.3,10u,up,3.0000,9.891264e-06
mos_sf,125,3.3,10u,up,3.0500,9.782537e-06
mos_sf,125,3.3,10u,up,3.1000,9.513599e-06
mos_sf,125,3.3,10u,up,3.1500,8.801604e-06
mos_sf,125,3.3,10u,dn,0.1500,-8.253227e-06
mos_sf,125,3.3,10u,dn,0.2000,-9.046977e-06
mos_sf,125,3.3,10u,dn,0.2500,-9.448139e-06
mos_sf,125,3.3,10u,dn,0.3000,-9.668642e-06
mos_sf,125,3.3,10u,dn,0.3500,-9.802529e-06
mos_sf,125,3.3,10u,dn,0.4000,-9.888243e-06
mos_sf,125,3.3,10u,dn,0.4500,-9.941462e-06
mos_sf,125,3.3,10u,dn,0.5000,-9.970878e-06
mos_sf,125,3.3,10u,dn,0.5500,-9.985299e-06
mos_sf,125,3.3,10u,dn,0.6000,-9.992331e-06
mos_sf,125,3.3,10u,dn,0.6500,-9.996192e-06
mos_sf,125,3.3,10u,dn,0.7000,-9.999187e-06
mos_sf,125,3.3,10u,dn,0.7500,-1.000075e-05
mos_sf,125,3.3,10u,dn,0.8000,-1.000210e-05
mos_sf,125,3.3,10u,dn,0.8500,-1.000330e-05
mos_sf,125,3.3,10u,dn,0.9000,-1.000438e-05
mos_sf,125,3.3,10u,dn,0.9500,-1.000538e-05
mos_sf,125,3.3,10u,dn,1.0000,-1.000631e-05
mos_sf,125,3.3,10u,dn,1.0500,-1.000719e-05
mos_sf,125,3.3,10u,dn,1.1000,-1.000804e-05
mos_sf,125,3.3,10u,dn,1.1500,-1.000884e-05
mos_sf,125,3.3,10u,dn,1.2000,-1.000962e-05
mos_sf,125,3.3,10u,dn,1.2500,-1.001038e-05
mos_sf,125,3.3,10u,dn,1.3000,-1.001111e-05
mos_sf,125,3.3,10u,dn,1.3500,-1.001183e-05
mos_sf,125,3.3,10u,dn,1.4000,-1.001253e-05
mos_sf,125,3.3,10u,dn,1.4500,-1.001321e-05
mos_sf,125,3.3,10u,dn,1.5000,-1.001389e-05
mos_sf,125,3.3,10u,dn,1.5500,-1.001455e-05
mos_sf,125,3.3,10u,dn,1.6000,-1.001520e-05
mos_sf,125,3.3,10u,dn,1.6500,-1.001584e-05
mos_sf,125,3.3,10u,dn,1.7000,-1.001647e-05
mos_sf,125,3.3,10u,dn,1.7500,-1.001709e-05
mos_sf,125,3.3,10u,dn,1.8000,-1.001771e-05
mos_sf,125,3.3,10u,dn,1.8500,-1.001832e-05
mos_sf,125,3.3,10u,dn,1.9000,-1.001892e-05
mos_sf,125,3.3,10u,dn,1.9500,-1.001952e-05
mos_sf,125,3.3,10u,dn,2.0000,-1.002012e-05
mos_sf,125,3.3,10u,dn,2.0500,-1.002072e-05
mos_sf,125,3.3,10u,dn,2.1000,-1.002132e-05
mos_sf,125,3.3,10u,dn,2.1500,-1.002192e-05
mos_sf,125,3.3,10u,dn,2.2000,-1.002254e-05
mos_sf,125,3.3,10u,dn,2.2500,-1.002317e-05
mos_sf,125,3.3,10u,dn,2.3000,-1.002382e-05
mos_sf,125,3.3,10u,dn,2.3500,-1.002451e-05
mos_sf,125,3.3,10u,dn,2.4000,-1.002524e-05
mos_sf,125,3.3,10u,dn,2.4500,-1.002602e-05
mos_sf,125,3.3,10u,dn,2.5000,-1.002687e-05
mos_sf,125,3.3,10u,dn,2.5500,-1.002780e-05
mos_sf,125,3.3,10u,dn,2.6000,-1.002883e-05
mos_sf,125,3.3,10u,dn,2.6500,-1.002997e-05
mos_sf,125,3.3,10u,dn,2.7000,-1.003125e-05
mos_sf,125,3.3,10u,dn,2.7500,-1.003265e-05
mos_sf,125,3.3,10u,dn,2.8000,-1.003418e-05
mos_sf,125,3.3,10u,dn,2.8500,-1.003578e-05
mos_sf,125,3.3,10u,dn,2.9000,-1.003723e-05
mos_sf,125,3.3,10u,dn,2.9500,-1.003843e-05
mos_sf,125,3.3,10u,dn,3.0000,-1.003925e-05
mos_sf,125,3.3,10u,dn,3.0500,-1.003990e-05
mos_sf,125,3.3,10u,dn,3.1000,-1.004019e-05
mos_sf,125,3.3,10u,dn,3.1500,-1.004043e-05
mos_sf,125,3.3,10u,both,0.1500,1.737261e-06
mos_sf,125,3.3,10u,both,0.2000,9.509082e-07
mos_sf,125,3.3,10u,both,0.2500,5.519529e-07
mos_sf,125,3.3,10u,both,0.3000,3.321038e-07
mos_sf,125,3.3,10u,both,0.3500,1.984111e-07
mos_sf,125,3.3,10u,both,0.4000,1.127560e-07
mos_sf,125,3.3,10u,both,0.4500,5.953976e-08
mos_sf,125,3.3,10u,both,0.5000,3.010909e-08
mos_sf,125,3.3,10u,both,0.5500,1.571023e-08
mos_sf,125,3.3,10u,both,0.6000,8.696557e-09
mos_sf,125,3.3,10u,both,0.6500,4.842579e-09
mos_sf,125,3.3,10u,both,0.7000,2.362807e-09
mos_sf,125,3.3,10u,both,0.7500,5.447272e-10
mos_sf,125,3.3,10u,both,0.8000,-9.170558e-10
mos_sf,125,3.3,10u,both,0.8500,-2.166048e-09
mos_sf,125,3.3,10u,both,0.9000,-3.276669e-09
mos_sf,125,3.3,10u,both,0.9500,-4.291102e-09
mos_sf,125,3.3,10u,both,1.0000,-5.235265e-09
mos_sf,125,3.3,10u,both,1.0500,-6.126459e-09
mos_sf,125,3.3,10u,both,1.1000,-6.977209e-09
mos_sf,125,3.3,10u,both,1.1500,-7.796591e-09
mos_sf,125,3.3,10u,both,1.2000,-8.590412e-09
mos_sf,125,3.3,10u,both,1.2500,-9.362245e-09
mos_sf,125,3.3,10u,both,1.3000,-1.011467e-08
mos_sf,125,3.3,10u,both,1.3500,-1.085812e-08
mos_sf,125,3.3,10u,both,1.4000,-1.157703e-08
mos_sf,125,3.3,10u,both,1.4500,-1.228215e-08
mos_sf,125,3.3,10u,both,1.5000,-1.297498e-08
mos_sf,125,3.3,10u,both,1.5500,-1.365667e-08
mos_sf,125,3.3,10u,both,1.6000,-1.432828e-08
mos_sf,125,3.3,10u,both,1.6500,-1.499072e-08
mos_sf,125,3.3,10u,both,1.7000,-1.564486e-08
mos_sf,125,3.3,10u,both,1.7500,-1.629151e-08
mos_sf,125,3.3,10u,both,1.8000,-1.693151e-08
mos_sf,125,3.3,10u,both,1.8500,-1.756577e-08
mos_sf,125,3.3,10u,both,1.9000,-1.819536e-08
mos_sf,125,3.3,10u,both,1.9500,-1.882160e-08
mos_sf,125,3.3,10u,both,2.0000,-1.944619e-08
mos_sf,125,3.3,10u,both,2.0500,-2.007131e-08
mos_sf,125,3.3,10u,both,2.1000,-2.069983e-08
mos_sf,125,3.3,10u,both,2.1500,-2.133545e-08
mos_sf,125,3.3,10u,both,2.2000,-2.198294e-08
mos_sf,125,3.3,10u,both,2.2500,-2.264832e-08
mos_sf,125,3.3,10u,both,2.3000,-2.333913e-08
mos_sf,125,3.3,10u,both,2.3500,-2.406469e-08
mos_sf,125,3.3,10u,both,2.4000,-2.483642e-08
mos_sf,125,3.3,10u,both,2.4500,-2.570153e-08
mos_sf,125,3.3,10u,both,2.5000,-2.662028e-08
mos_sf,125,3.3,10u,both,2.5500,-2.764177e-08
mos_sf,125,3.3,10u,both,2.6000,-2.880078e-08
mos_sf,125,3.3,10u,both,2.6500,-3.016192e-08
mos_sf,125,3.3,10u,both,2.7000,-3.188706e-08
mos_sf,125,3.3,10u,both,2.7500,-3.448267e-08
mos_sf,125,3.3,10u,both,2.8000,-3.939951e-08
mos_sf,125,3.3,10u,both,2.8500,-4.914701e-08
mos_sf,125,3.3,10u,both,2.9000,-6.643252e-08
mos_sf,125,3.3,10u,both,2.9500,-9.560042e-08
mos_sf,125,3.3,10u,both,3.0000,-1.480588e-07
mos_sf,125,3.3,10u,both,3.0500,-2.573007e-07
mos_sf,125,3.3,10u,both,3.1000,-5.265863e-07
mos_sf,125,3.3,10u,both,3.1500,-1.238853e-06
mos_sf,-40,3.3,10u,up,0.1500,1.000034e-05
mos_sf,-40,3.3,10u,up,0.2000,1.000032e-05
mos_sf,-40,3.3,10u,up,0.2500,1.000030e-05
mos_sf,-40,3.3,10u,up,0.3000,1.000027e-05
mos_sf,-40,3.3,10u,up,0.3500,1.000025e-05
mos_sf,-40,3.3,10u,up,0.4000,1.000022e-05
mos_sf,-40,3.3,10u,up,0.4500,1.000018e-05
mos_sf,-40,3.3,10u,up,0.5000,1.000015e-05
mos_sf,-40,3.3,10u,up,0.5500,1.000012e-05
mos_sf,-40,3.3,10u,up,0.6000,1.000010e-05
mos_sf,-40,3.3,10u,up,0.6500,1.000014e-05
mos_sf,-40,3.3,10u,up,0.7000,1.000027e-05
mos_sf,-40,3.3,10u,up,0.7500,1.000041e-05
mos_sf,-40,3.3,10u,up,0.8000,1.000052e-05
mos_sf,-40,3.3,10u,up,0.8500,1.000058e-05
mos_sf,-40,3.3,10u,up,0.9000,1.000060e-05
mos_sf,-40,3.3,10u,up,0.9500,1.000061e-05
mos_sf,-40,3.3,10u,up,1.0000,1.000061e-05
mos_sf,-40,3.3,10u,up,1.0500,1.000061e-05
mos_sf,-40,3.3,10u,up,1.1000,1.000060e-05
mos_sf,-40,3.3,10u,up,1.1500,1.000060e-05
mos_sf,-40,3.3,10u,up,1.2000,1.000059e-05
mos_sf,-40,3.3,10u,up,1.2500,1.000058e-05
mos_sf,-40,3.3,10u,up,1.3000,1.000057e-05
mos_sf,-40,3.3,10u,up,1.3500,1.000055e-05
mos_sf,-40,3.3,10u,up,1.4000,1.000053e-05
mos_sf,-40,3.3,10u,up,1.4500,1.000052e-05
mos_sf,-40,3.3,10u,up,1.5000,1.000050e-05
mos_sf,-40,3.3,10u,up,1.5500,1.000048e-05
mos_sf,-40,3.3,10u,up,1.6000,1.000046e-05
mos_sf,-40,3.3,10u,up,1.6500,1.000044e-05
mos_sf,-40,3.3,10u,up,1.7000,1.000041e-05
mos_sf,-40,3.3,10u,up,1.7500,1.000039e-05
mos_sf,-40,3.3,10u,up,1.8000,1.000037e-05
mos_sf,-40,3.3,10u,up,1.8500,1.000035e-05
mos_sf,-40,3.3,10u,up,1.9000,1.000032e-05
mos_sf,-40,3.3,10u,up,1.9500,1.000030e-05
mos_sf,-40,3.3,10u,up,2.0000,1.000028e-05
mos_sf,-40,3.3,10u,up,2.0500,1.000025e-05
mos_sf,-40,3.3,10u,up,2.1000,1.000023e-05
mos_sf,-40,3.3,10u,up,2.1500,1.000020e-05
mos_sf,-40,3.3,10u,up,2.2000,1.000017e-05
mos_sf,-40,3.3,10u,up,2.2500,1.000015e-05
mos_sf,-40,3.3,10u,up,2.3000,1.000012e-05
mos_sf,-40,3.3,10u,up,2.3500,1.000009e-05
mos_sf,-40,3.3,10u,up,2.4000,1.000006e-05
mos_sf,-40,3.3,10u,up,2.4500,1.000002e-05
mos_sf,-40,3.3,10u,up,2.5000,9.999986e-06
mos_sf,-40,3.3,10u,up,2.5500,9.999947e-06
mos_sf,-40,3.3,10u,up,2.6000,9.999903e-06
mos_sf,-40,3.3,10u,up,2.6500,9.999852e-06
mos_sf,-40,3.3,10u,up,2.7000,9.999791e-06
mos_sf,-40,3.3,10u,up,2.7500,9.999709e-06
mos_sf,-40,3.3,10u,up,2.8000,9.999580e-06
mos_sf,-40,3.3,10u,up,2.8500,9.999315e-06
mos_sf,-40,3.3,10u,up,2.9000,9.998508e-06
mos_sf,-40,3.3,10u,up,2.9500,9.991434e-06
mos_sf,-40,3.3,10u,up,3.0000,9.974407e-06
mos_sf,-40,3.3,10u,up,3.0500,9.938485e-06
mos_sf,-40,3.3,10u,up,3.1000,9.854675e-06
mos_sf,-40,3.3,10u,up,3.1500,9.585443e-06
mos_sf,-40,3.3,10u,dn,0.1500,-9.021138e-06
mos_sf,-40,3.3,10u,dn,0.2000,-9.499718e-06
mos_sf,-40,3.3,10u,dn,0.2500,-9.732453e-06
mos_sf,-40,3.3,10u,dn,0.3000,-9.863923e-06
mos_sf,-40,3.3,10u,dn,0.3500,-9.935921e-06
mos_sf,-40,3.3,10u,dn,0.4000,-9.967783e-06
mos_sf,-40,3.3,10u,dn,0.4500,-9.980190e-06
mos_sf,-40,3.3,10u,dn,0.5000,-9.985875e-06
mos_sf,-40,3.3,10u,dn,0.5500,-9.990085e-06
mos_sf,-40,3.3,10u,dn,0.6000,-9.992241e-06
mos_sf,-40,3.3,10u,dn,0.6500,-9.994220e-06
mos_sf,-40,3.3,10u,dn,0.7000,-9.996014e-06
mos_sf,-40,3.3,10u,dn,0.7500,-9.997663e-06
mos_sf,-40,3.3,10u,dn,0.8000,-9.999197e-06
mos_sf,-40,3.3,10u,dn,0.8500,-1.000064e-05
mos_sf,-40,3.3,10u,dn,0.9000,-1.000201e-05
mos_sf,-40,3.3,10u,dn,0.9500,-1.000332e-05
mos_sf,-40,3.3,10u,dn,1.0000,-1.000457e-05
mos_sf,-40,3.3,10u,dn,1.0500,-1.000579e-05
mos_sf,-40,3.3,10u,dn,1.1000,-1.000696e-05
mos_sf,-40,3.3,10u,dn,1.1500,-1.000810e-05
mos_sf,-40,3.3,10u,dn,1.2000,-1.000922e-05
mos_sf,-40,3.3,10u,dn,1.2500,-1.001030e-05
mos_sf,-40,3.3,10u,dn,1.3000,-1.001136e-05
mos_sf,-40,3.3,10u,dn,1.3500,-1.001241e-05
mos_sf,-40,3.3,10u,dn,1.4000,-1.001343e-05
mos_sf,-40,3.3,10u,dn,1.4500,-1.001443e-05
mos_sf,-40,3.3,10u,dn,1.5000,-1.001542e-05
mos_sf,-40,3.3,10u,dn,1.5500,-1.001639e-05
mos_sf,-40,3.3,10u,dn,1.6000,-1.001735e-05
mos_sf,-40,3.3,10u,dn,1.6500,-1.001830e-05
mos_sf,-40,3.3,10u,dn,1.7000,-1.001923e-05
mos_sf,-40,3.3,10u,dn,1.7500,-1.002016e-05
mos_sf,-40,3.3,10u,dn,1.8000,-1.002107e-05
mos_sf,-40,3.3,10u,dn,1.8500,-1.002198e-05
mos_sf,-40,3.3,10u,dn,1.9000,-1.002289e-05
mos_sf,-40,3.3,10u,dn,1.9500,-1.002379e-05
mos_sf,-40,3.3,10u,dn,2.0000,-1.002470e-05
mos_sf,-40,3.3,10u,dn,2.0500,-1.002561e-05
mos_sf,-40,3.3,10u,dn,2.1000,-1.002653e-05
mos_sf,-40,3.3,10u,dn,2.1500,-1.002747e-05
mos_sf,-40,3.3,10u,dn,2.2000,-1.002844e-05
mos_sf,-40,3.3,10u,dn,2.2500,-1.002945e-05
mos_sf,-40,3.3,10u,dn,2.3000,-1.003051e-05
mos_sf,-40,3.3,10u,dn,2.3500,-1.003164e-05
mos_sf,-40,3.3,10u,dn,2.4000,-1.003286e-05
mos_sf,-40,3.3,10u,dn,2.4500,-1.003418e-05
mos_sf,-40,3.3,10u,dn,2.5000,-1.003563e-05
mos_sf,-40,3.3,10u,dn,2.5500,-1.003724e-05
mos_sf,-40,3.3,10u,dn,2.6000,-1.003904e-05
mos_sf,-40,3.3,10u,dn,2.6500,-1.004105e-05
mos_sf,-40,3.3,10u,dn,2.7000,-1.004331e-05
mos_sf,-40,3.3,10u,dn,2.7500,-1.004584e-05
mos_sf,-40,3.3,10u,dn,2.8000,-1.004866e-05
mos_sf,-40,3.3,10u,dn,2.8500,-1.005172e-05
mos_sf,-40,3.3,10u,dn,2.9000,-1.005475e-05
mos_sf,-40,3.3,10u,dn,2.9500,-1.005709e-05
mos_sf,-40,3.3,10u,dn,3.0000,-1.005833e-05
mos_sf,-40,3.3,10u,dn,3.0500,-1.005917e-05
mos_sf,-40,3.3,10u,dn,3.1000,-1.005941e-05
mos_sf,-40,3.3,10u,dn,3.1500,-1.005972e-05
mos_sf,-40,3.3,10u,both,0.1500,9.791007e-07
mos_sf,-40,3.3,10u,both,0.2000,5.005862e-07
mos_sf,-40,3.3,10u,both,0.2500,2.678417e-07
mos_sf,-40,3.3,10u,both,0.3000,1.363489e-07
mos_sf,-40,3.3,10u,both,0.3500,6.418076e-08
mos_sf,-40,3.3,10u,both,0.4000,3.227631e-08
mos_sf,-40,3.3,10u,both,0.4500,1.996484e-08
mos_sf,-40,3.3,10u,both,0.5000,1.427822e-08
mos_sf,-40,3.3,10u,both,0.5500,1.078577e-08
mos_sf,-40,3.3,10u,both,0.6000,8.220374e-09
mos_sf,-40,3.3,10u,both,0.6500,6.201459e-09
mos_sf,-40,3.3,10u,both,0.7000,4.505224e-09
mos_sf,-40,3.3,10u,both,0.7500,2.942164e-09
mos_sf,-40,3.3,10u,both,0.8000,1.444507e-09
mos_sf,-40,3.3,10u,both,0.8500,7.536272e-12
mos_sf,-40,3.3,10u,both,0.9000,-1.365941e-09
mos_sf,-40,3.3,10u,both,0.9500,-2.680161e-09
mos_sf,-40,3.3,10u,both,1.0000,-3.942528e-09
mos_sf,-40,3.3,10u,both,1.0500,-5.160317e-09
mos_sf,-40,3.3,10u,both,1.1000,-6.339916e-09
mos_sf,-40,3.3,10u,both,1.1500,-7.487194e-09
mos_sf,-40,3.3,10u,both,1.2000,-8.607838e-09
mos_sf,-40,3.3,10u,both,1.2500,-9.706055e-09
mos_sf,-40,3.3,10u,both,1.3000,-1.078379e-08
mos_sf,-40,3.3,10u,both,1.3500,-1.184218e-08
mos_sf,-40,3.3,10u,both,1.4000,-1.289128e-08
mos_sf,-40,3.3,10u,both,1.4500,-1.391407e-08
mos_sf,-40,3.3,10u,both,1.5000,-1.492116e-08
mos_sf,-40,3.3,10u,both,1.5500,-1.591394e-08
mos_sf,-40,3.3,10u,both,1.6000,-1.689351e-08
mos_sf,-40,3.3,10u,both,1.6500,-1.786101e-08
mos_sf,-40,3.3,10u,both,1.7000,-1.881758e-08
mos_sf,-40,3.3,10u,both,1.7500,-1.976448e-08
mos_sf,-40,3.3,10u,both,1.8000,-2.070315e-08
mos_sf,-40,3.3,10u,both,1.8500,-2.163534e-08
mos_sf,-40,3.3,10u,both,1.9000,-2.256327e-08
mos_sf,-40,3.3,10u,both,1.9500,-2.348974e-08
mos_sf,-40,3.3,10u,both,2.0000,-2.441837e-08
mos_sf,-40,3.3,10u,both,2.0500,-2.535379e-08
mos_sf,-40,3.3,10u,both,2.1000,-2.630185e-08
mos_sf,-40,3.3,10u,both,2.1500,-2.726989e-08
mos_sf,-40,3.3,10u,both,2.2000,-2.826695e-08
mos_sf,-40,3.3,10u,both,2.2500,-2.930408e-08
mos_sf,-40,3.3,10u,both,2.3000,-3.039453e-08
mos_sf,-40,3.3,10u,both,2.3500,-3.159203e-08
mos_sf,-40,3.3,10u,both,2.4000,-3.284870e-08
mos_sf,-40,3.3,10u,both,2.4500,-3.421555e-08
mos_sf,-40,3.3,10u,both,2.5000,-3.571687e-08
mos_sf,-40,3.3,10u,both,2.5500,-3.737992e-08
mos_sf,-40,3.3,10u,both,2.6000,-3.923473e-08
mos_sf,-40,3.3,10u,both,2.6500,-4.131370e-08
mos_sf,-40,3.3,10u,both,2.7000,-4.365072e-08
mos_sf,-40,3.3,10u,both,2.7500,-4.628036e-08
mos_sf,-40,3.3,10u,both,2.8000,-4.924174e-08
mos_sf,-40,3.3,10u,both,2.8500,-5.263113e-08
mos_sf,-40,3.3,10u,both,2.9000,-5.706929e-08
mos_sf,-40,3.3,10u,both,2.9500,-6.565668e-08
mos_sf,-40,3.3,10u,both,3.0000,-8.404143e-08
mos_sf,-40,3.3,10u,both,3.0500,-1.206022e-07
mos_sf,-40,3.3,10u,both,3.1000,-2.046832e-07
mos_sf,-40,3.3,10u,both,3.1500,-4.742670e-07
mos_fs,27,3.3,10u,up,0.1500,9.586673e-06
mos_fs,27,3.3,10u,up,0.2000,9.559001e-06
mos_fs,27,3.3,10u,up,0.2500,9.532642e-06
mos_fs,27,3.3,10u,up,0.3000,9.506949e-06
mos_fs,27,3.3,10u,up,0.3500,9.480512e-06
mos_fs,27,3.3,10u,up,0.4000,9.454327e-06
mos_fs,27,3.3,10u,up,0.4500,9.431910e-06
mos_fs,27,3.3,10u,up,0.5000,9.426110e-06
mos_fs,27,3.3,10u,up,0.5500,9.464388e-06
mos_fs,27,3.3,10u,up,0.6000,9.562912e-06
mos_fs,27,3.3,10u,up,0.6500,9.696077e-06
mos_fs,27,3.3,10u,up,0.7000,9.821909e-06
mos_fs,27,3.3,10u,up,0.7500,9.912312e-06
mos_fs,27,3.3,10u,up,0.8000,9.963671e-06
mos_fs,27,3.3,10u,up,0.8500,9.987133e-06
mos_fs,27,3.3,10u,up,0.9000,9.996116e-06
mos_fs,27,3.3,10u,up,0.9500,9.999178e-06
mos_fs,27,3.3,10u,up,1.0000,1.000016e-05
mos_fs,27,3.3,10u,up,1.0500,1.000046e-05
mos_fs,27,3.3,10u,up,1.1000,1.000055e-05
mos_fs,27,3.3,10u,up,1.1500,1.000058e-05
mos_fs,27,3.3,10u,up,1.2000,1.000058e-05
mos_fs,27,3.3,10u,up,1.2500,1.000058e-05
mos_fs,27,3.3,10u,up,1.3000,1.000057e-05
mos_fs,27,3.3,10u,up,1.3500,1.000055e-05
mos_fs,27,3.3,10u,up,1.4000,1.000054e-05
mos_fs,27,3.3,10u,up,1.4500,1.000052e-05
mos_fs,27,3.3,10u,up,1.5000,1.000050e-05
mos_fs,27,3.3,10u,up,1.5500,1.000048e-05
mos_fs,27,3.3,10u,up,1.6000,1.000046e-05
mos_fs,27,3.3,10u,up,1.6500,1.000044e-05
mos_fs,27,3.3,10u,up,1.7000,1.000042e-05
mos_fs,27,3.3,10u,up,1.7500,1.000040e-05
mos_fs,27,3.3,10u,up,1.8000,1.000038e-05
mos_fs,27,3.3,10u,up,1.8500,1.000036e-05
mos_fs,27,3.3,10u,up,1.9000,1.000034e-05
mos_fs,27,3.3,10u,up,1.9500,1.000031e-05
mos_fs,27,3.3,10u,up,2.0000,1.000029e-05
mos_fs,27,3.3,10u,up,2.0500,1.000026e-05
mos_fs,27,3.3,10u,up,2.1000,1.000024e-05
mos_fs,27,3.3,10u,up,2.1500,1.000021e-05
mos_fs,27,3.3,10u,up,2.2000,1.000018e-05
mos_fs,27,3.3,10u,up,2.2500,1.000016e-05
mos_fs,27,3.3,10u,up,2.3000,1.000013e-05
mos_fs,27,3.3,10u,up,2.3500,1.000009e-05
mos_fs,27,3.3,10u,up,2.4000,1.000006e-05
mos_fs,27,3.3,10u,up,2.4500,1.000002e-05
mos_fs,27,3.3,10u,up,2.5000,9.999981e-06
mos_fs,27,3.3,10u,up,2.5500,9.999934e-06
mos_fs,27,3.3,10u,up,2.6000,9.999878e-06
mos_fs,27,3.3,10u,up,2.6500,9.999806e-06
mos_fs,27,3.3,10u,up,2.7000,9.999701e-06
mos_fs,27,3.3,10u,up,2.7500,9.999521e-06
mos_fs,27,3.3,10u,up,2.8000,9.999117e-06
mos_fs,27,3.3,10u,up,2.8500,9.997877e-06
mos_fs,27,3.3,10u,up,2.9000,9.990204e-06
mos_fs,27,3.3,10u,up,2.9500,9.974779e-06
mos_fs,27,3.3,10u,up,3.0000,9.944890e-06
mos_fs,27,3.3,10u,up,3.0500,9.884059e-06
mos_fs,27,3.3,10u,up,3.1000,9.732502e-06
mos_fs,27,3.3,10u,up,3.1500,9.259479e-06
mos_fs,27,3.3,10u,dn,0.1500,-8.607059e-06
mos_fs,27,3.3,10u,dn,0.2000,-9.339952e-06
mos_fs,27,3.3,10u,dn,0.2500,-9.653034e-06
mos_fs,27,3.3,10u,dn,0.3000,-9.815460e-06
mos_fs,27,3.3,10u,dn,0.3500,-9.908122e-06
mos_fs,27,3.3,10u,dn,0.4000,-9.956755e-06
mos_fs,27,3.3,10u,dn,0.4500,-9.978103e-06
mos_fs,27,3.3,10u,dn,0.5000,-9.987137e-06
mos_fs,27,3.3,10u,dn,0.5500,-9.991705e-06
mos_fs,27,3.3,10u,dn,0.6000,-9.995199e-06
mos_fs,27,3.3,10u,dn,0.6500,-9.997070e-06
mos_fs,27,3.3,10u,dn,0.7000,-9.998752e-06
mos_fs,27,3.3,10u,dn,0.7500,-1.000027e-05
mos_fs,27,3.3,10u,dn,0.8000,-1.000166e-05
mos_fs,27,3.3,10u,dn,0.8500,-1.000296e-05
mos_fs,27,3.3,10u,dn,0.9000,-1.000418e-05
mos_fs,27,3.3,10u,dn,0.9500,-1.000534e-05
mos_fs,27,3.3,10u,dn,1.0000,-1.000645e-05
mos_fs,27,3.3,10u,dn,1.0500,-1.000752e-05
mos_fs,27,3.3,10u,dn,1.1000,-1.000855e-05
mos_fs,27,3.3,10u,dn,1.1500,-1.000956e-05
mos_fs,27,3.3,10u,dn,1.2000,-1.001053e-05
mos_fs,27,3.3,10u,dn,1.2500,-1.001148e-05
mos_fs,27,3.3,10u,dn,1.3000,-1.001241e-05
mos_fs,27,3.3,10u,dn,1.3500,-1.001332e-05
mos_fs,27,3.3,10u,dn,1.4000,-1.001421e-05
mos_fs,27,3.3,10u,dn,1.4500,-1.001509e-05
mos_fs,27,3.3,10u,dn,1.5000,-1.001595e-05
mos_fs,27,3.3,10u,dn,1.5500,-1.001680e-05
mos_fs,27,3.3,10u,dn,1.6000,-1.001764e-05
mos_fs,27,3.3,10u,dn,1.6500,-1.001846e-05
mos_fs,27,3.3,10u,dn,1.7000,-1.001928e-05
mos_fs,27,3.3,10u,dn,1.7500,-1.002009e-05
mos_fs,27,3.3,10u,dn,1.8000,-1.002089e-05
mos_fs,27,3.3,10u,dn,1.8500,-1.002168e-05
mos_fs,27,3.3,10u,dn,1.9000,-1.002247e-05
mos_fs,27,3.3,10u,dn,1.9500,-1.002325e-05
mos_fs,27,3.3,10u,dn,2.0000,-1.002404e-05
mos_fs,27,3.3,10u,dn,2.0500,-1.002483e-05
mos_fs,27,3.3,10u,dn,2.1000,-1.002563e-05
mos_fs,27,3.3,10u,dn,2.1500,-1.002644e-05
mos_fs,27,3.3,10u,dn,2.2000,-1.002728e-05
mos_fs,27,3.3,10u,dn,2.2500,-1.002815e-05
mos_fs,27,3.3,10u,dn,2.3000,-1.002906e-05
mos_fs,27,3.3,10u,dn,2.3500,-1.003003e-05
mos_fs,27,3.3,10u,dn,2.4000,-1.003107e-05
mos_fs,27,3.3,10u,dn,2.4500,-1.003220e-05
mos_fs,27,3.3,10u,dn,2.5000,-1.003344e-05
mos_fs,27,3.3,10u,dn,2.5500,-1.003482e-05
mos_fs,27,3.3,10u,dn,2.6000,-1.003637e-05
mos_fs,27,3.3,10u,dn,2.6500,-1.003811e-05
mos_fs,27,3.3,10u,dn,2.7000,-1.004007e-05
mos_fs,27,3.3,10u,dn,2.7500,-1.004230e-05
mos_fs,27,3.3,10u,dn,2.8000,-1.004482e-05
mos_fs,27,3.3,10u,dn,2.8500,-1.004767e-05
mos_fs,27,3.3,10u,dn,2.9000,-1.005087e-05
mos_fs,27,3.3,10u,dn,2.9500,-1.005443e-05
mos_fs,27,3.3,10u,dn,3.0000,-1.005830e-05
mos_fs,27,3.3,10u,dn,3.0500,-1.006223e-05
mos_fs,27,3.3,10u,dn,3.1000,-1.006561e-05
mos_fs,27,3.3,10u,dn,3.1500,-1.006790e-05
mos_fs,27,3.3,10u,both,0.1500,8.116692e-07
mos_fs,27,3.3,10u,both,0.2000,2.125360e-07
mos_fs,27,3.3,10u,both,0.2500,-8.665673e-08
mos_fs,27,3.3,10u,both,0.3000,-2.629522e-07
mos_fs,27,3.3,10u,both,0.3500,-3.754758e-07
mos_fs,27,3.3,10u,both,0.4000,-4.437047e-07
mos_fs,27,3.3,10u,both,0.4500,-4.768703e-07
mos_fs,27,3.3,10u,both,0.5000,-4.691336e-07
mos_fs,27,3.3,10u,both,0.5500,-3.962701e-07
mos_fs,27,3.3,10u,both,0.6000,-2.690900e-07
mos_fs,27,3.3,10u,both,0.6500,-1.445541e-07
mos_fs,27,3.3,10u,both,0.7000,-6.258518e-08
mos_fs,27,3.3,10u,both,0.7500,-2.332227e-08
mos_fs,27,3.3,10u,both,0.8000,-8.861847e-09
mos_fs,27,3.3,10u,both,0.8500,-4.787752e-09
mos_fs,27,3.3,10u,both,0.9000,-4.308460e-09
mos_fs,27,3.3,10u,both,0.9500,-4.949828e-09
mos_fs,27,3.3,10u,both,1.0000,-5.906534e-09
mos_fs,27,3.3,10u,both,1.0500,-6.931773e-09
mos_fs,27,3.3,10u,both,1.1000,-7.961028e-09
mos_fs,27,3.3,10u,both,1.1500,-8.955499e-09
mos_fs,27,3.3,10u,both,1.2000,-9.933737e-09
mos_fs,27,3.3,10u,both,1.2500,-1.089144e-08
mos_fs,27,3.3,10u,both,1.3000,-1.183158e-08
mos_fs,27,3.3,10u,both,1.3500,-1.275573e-08
mos_fs,27,3.3,10u,both,1.4000,-1.366473e-08
mos_fs,27,3.3,10u,both,1.4500,-1.456641e-08
mos_fs,27,3.3,10u,both,1.5000,-1.544729e-08
mos_fs,27,3.3,10u,both,1.5500,-1.631564e-08
mos_fs,27,3.3,10u,both,1.6000,-1.717259e-08
mos_fs,27,3.3,10u,both,1.6500,-1.801905e-08
mos_fs,27,3.3,10u,both,1.7000,-1.885601e-08
mos_fs,27,3.3,10u,both,1.7500,-1.968448e-08
mos_fs,27,3.3,10u,both,1.8000,-2.050564e-08
mos_fs,27,3.3,10u,both,1.8500,-2.132090e-08
mos_fs,27,3.3,10u,both,1.9000,-2.213204e-08
mos_fs,27,3.3,10u,both,1.9500,-2.294131e-08
mos_fs,27,3.3,10u,both,2.0000,-2.375165e-08
mos_fs,27,3.3,10u,both,2.0500,-2.456685e-08
mos_fs,27,3.3,10u,both,2.1000,-2.539174e-08
mos_fs,27,3.3,10u,both,2.1500,-2.623248e-08
mos_fs,27,3.3,10u,both,2.2000,-2.709672e-08
mos_fs,27,3.3,10u,both,2.2500,-2.799390e-08
mos_fs,27,3.3,10u,both,2.3000,-2.893553e-08
mos_fs,27,3.3,10u,both,2.3500,-2.996764e-08
mos_fs,27,3.3,10u,both,2.4000,-3.105085e-08
mos_fs,27,3.3,10u,both,2.4500,-3.222944e-08
mos_fs,27,3.3,10u,both,2.5000,-3.352606e-08
mos_fs,27,3.3,10u,both,2.5500,-3.496717e-08
mos_fs,27,3.3,10u,both,2.6000,-3.658404e-08
mos_fs,27,3.3,10u,both,2.6500,-3.841538e-08
mos_fs,27,3.3,10u,both,2.7000,-4.051539e-08
mos_fs,27,3.3,10u,both,2.7500,-4.298424e-08
mos_fs,27,3.3,10u,both,2.8000,-4.610782e-08
mos_fs,27,3.3,10u,both,2.8500,-5.099672e-08
mos_fs,27,3.3,10u,both,2.9000,-6.083691e-08
mos_fs,27,3.3,10u,both,2.9500,-7.980553e-08
mos_fs,27,3.3,10u,both,3.0000,-1.134984e-07
mos_fs,27,3.3,10u,both,3.0500,-1.781705e-07
mos_fs,27,3.3,10u,both,3.1000,-3.331034e-07
mos_fs,27,3.3,10u,both,3.1500,-8.084203e-07
mos_fs,125,3.3,10u,up,0.1500,1.000100e-05
mos_fs,125,3.3,10u,up,0.2000,1.000100e-05
mos_fs,125,3.3,10u,up,0.2500,1.000099e-05
mos_fs,125,3.3,10u,up,0.3000,1.000099e-05
mos_fs,125,3.3,10u,up,0.3500,1.000099e-05
mos_fs,125,3.3,10u,up,0.4000,1.000099e-05
mos_fs,125,3.3,10u,up,0.4500,1.000099e-05
mos_fs,125,3.3,10u,up,0.5000,1.000099e-05
mos_fs,125,3.3,10u,up,0.5500,1.000099e-05
mos_fs,125,3.3,10u,up,0.6000,1.000099e-05
mos_fs,125,3.3,10u,up,0.6500,1.000098e-05
mos_fs,125,3.3,10u,up,0.7000,1.000098e-05
mos_fs,125,3.3,10u,up,0.7500,1.000098e-05
mos_fs,125,3.3,10u,up,0.8000,1.000098e-05
mos_fs,125,3.3,10u,up,0.8500,1.000098e-05
mos_fs,125,3.3,10u,up,0.9000,1.000098e-05
mos_fs,125,3.3,10u,up,0.9500,1.000098e-05
mos_fs,125,3.3,10u,up,1.0000,1.000098e-05
mos_fs,125,3.3,10u,up,1.0500,1.000097e-05
mos_fs,125,3.3,10u,up,1.1000,1.000097e-05
mos_fs,125,3.3,10u,up,1.1500,1.000097e-05
mos_fs,125,3.3,10u,up,1.2000,1.000096e-05
mos_fs,125,3.3,10u,up,1.2500,1.000095e-05
mos_fs,125,3.3,10u,up,1.3000,1.000093e-05
mos_fs,125,3.3,10u,up,1.3500,1.000091e-05
mos_fs,125,3.3,10u,up,1.4000,1.000089e-05
mos_fs,125,3.3,10u,up,1.4500,1.000087e-05
mos_fs,125,3.3,10u,up,1.5000,1.000085e-05
mos_fs,125,3.3,10u,up,1.5500,1.000083e-05
mos_fs,125,3.3,10u,up,1.6000,1.000081e-05
mos_fs,125,3.3,10u,up,1.6500,1.000078e-05
mos_fs,125,3.3,10u,up,1.7000,1.000076e-05
mos_fs,125,3.3,10u,up,1.7500,1.000073e-05
mos_fs,125,3.3,10u,up,1.8000,1.000071e-05
mos_fs,125,3.3,10u,up,1.8500,1.000068e-05
mos_fs,125,3.3,10u,up,1.9000,1.000066e-05
mos_fs,125,3.3,10u,up,1.9500,1.000063e-05
mos_fs,125,3.3,10u,up,2.0000,1.000060e-05
mos_fs,125,3.3,10u,up,2.0500,1.000057e-05
mos_fs,125,3.3,10u,up,2.1000,1.000054e-05
mos_fs,125,3.3,10u,up,2.1500,1.000051e-05
mos_fs,125,3.3,10u,up,2.2000,1.000047e-05
mos_fs,125,3.3,10u,up,2.2500,1.000044e-05
mos_fs,125,3.3,10u,up,2.3000,1.000040e-05
mos_fs,125,3.3,10u,up,2.3500,1.000036e-05
mos_fs,125,3.3,10u,up,2.4000,1.000031e-05
mos_fs,125,3.3,10u,up,2.4500,1.000026e-05
mos_fs,125,3.3,10u,up,2.5000,1.000020e-05
mos_fs,125,3.3,10u,up,2.5500,1.000011e-05
mos_fs,125,3.3,10u,up,2.6000,9.999995e-06
mos_fs,125,3.3,10u,up,2.6500,9.999801e-06
mos_fs,125,3.3,10u,up,2.7000,9.999410e-06
mos_fs,125,3.3,10u,up,2.7500,9.998432e-06
mos_fs,125,3.3,10u,up,2.8000,9.993946e-06
mos_fs,125,3.3,10u,up,2.8500,9.984984e-06
mos_fs,125,3.3,10u,up,2.9000,9.968145e-06
mos_fs,125,3.3,10u,up,2.9500,9.938585e-06
mos_fs,125,3.3,10u,up,3.0000,9.883769e-06
mos_fs,125,3.3,10u,up,3.0500,9.767329e-06
mos_fs,125,3.3,10u,up,3.1000,9.478286e-06
mos_fs,125,3.3,10u,up,3.1500,8.724373e-06
mos_fs,125,3.3,10u,dn,0.1500,-8.304891e-06
mos_fs,125,3.3,10u,dn,0.2000,-9.082329e-06
mos_fs,125,3.3,10u,dn,0.2500,-9.472907e-06
mos_fs,125,3.3,10u,dn,0.3000,-9.687361e-06
mos_fs,125,3.3,10u,dn,0.3500,-9.817316e-06
mos_fs,125,3.3,10u,dn,0.4000,-9.899645e-06
mos_fs,125,3.3,10u,dn,0.4500,-9.949441e-06
mos_fs,125,3.3,10u,dn,0.5000,-9.975952e-06
mos_fs,125,3.3,10u,dn,0.5500,-9.988645e-06
mos_fs,125,3.3,10u,dn,0.6000,-9.994883e-06
mos_fs,125,3.3,10u,dn,0.6500,-9.998408e-06
mos_fs,125,3.3,10u,dn,0.7000,-1.000119e-05
mos_fs,125,3.3,10u,dn,0.7500,-1.000273e-05
mos_fs,125,3.3,10u,dn,0.8000,-1.000407e-05
mos_fs,125,3.3,10u,dn,0.8500,-1.000526e-05
mos_fs,125,3.3,10u,dn,0.9000,-1.000634e-05
mos_fs,125,3.3,10u,dn,0.9500,-1.000735e-05
mos_fs,125,3.3,10u,dn,1.0000,-1.000829e-05
mos_fs,125,3.3,10u,dn,1.0500,-1.000919e-05
mos_fs,125,3.3,10u,dn,1.1000,-1.001004e-05
mos_fs,125,3.3,10u,dn,1.1500,-1.001086e-05
mos_fs,125,3.3,10u,dn,1.2000,-1.001166e-05
mos_fs,125,3.3,10u,dn,1.2500,-1.001243e-05
mos_fs,125,3.3,10u,dn,1.3000,-1.001318e-05
mos_fs,125,3.3,10u,dn,1.3500,-1.001391e-05
mos_fs,125,3.3,10u,dn,1.4000,-1.001462e-05
mos_fs,125,3.3,10u,dn,1.4500,-1.001532e-05
mos_fs,125,3.3,10u,dn,1.5000,-1.001601e-05
mos_fs,125,3.3,10u,dn,1.5500,-1.001669e-05
mos_fs,125,3.3,10u,dn,1.6000,-1.001735e-05
mos_fs,125,3.3,10u,dn,1.6500,-1.001801e-05
mos_fs,125,3.3,10u,dn,1.7000,-1.001866e-05
mos_fs,125,3.3,10u,dn,1.7500,-1.001929e-05
mos_fs,125,3.3,10u,dn,1.8000,-1.001993e-05
mos_fs,125,3.3,10u,dn,1.8500,-1.002055e-05
mos_fs,125,3.3,10u,dn,1.9000,-1.002117e-05
mos_fs,125,3.3,10u,dn,1.9500,-1.002179e-05
mos_fs,125,3.3,10u,dn,2.0000,-1.002240e-05
mos_fs,125,3.3,10u,dn,2.0500,-1.002302e-05
mos_fs,125,3.3,10u,dn,2.1000,-1.002363e-05
mos_fs,125,3.3,10u,dn,2.1500,-1.002426e-05
mos_fs,125,3.3,10u,dn,2.2000,-1.002489e-05
mos_fs,125,3.3,10u,dn,2.2500,-1.002554e-05
mos_fs,125,3.3,10u,dn,2.3000,-1.002622e-05
mos_fs,125,3.3,10u,dn,2.3500,-1.002693e-05
mos_fs,125,3.3,10u,dn,2.4000,-1.002769e-05
mos_fs,125,3.3,10u,dn,2.4500,-1.002850e-05
mos_fs,125,3.3,10u,dn,2.5000,-1.002938e-05
mos_fs,125,3.3,10u,dn,2.5500,-1.003035e-05
mos_fs,125,3.3,10u,dn,2.6000,-1.003143e-05
mos_fs,125,3.3,10u,dn,2.6500,-1.003262e-05
mos_fs,125,3.3,10u,dn,2.7000,-1.003395e-05
mos_fs,125,3.3,10u,dn,2.7500,-1.003542e-05
mos_fs,125,3.3,10u,dn,2.8000,-1.003702e-05
mos_fs,125,3.3,10u,dn,2.8500,-1.003869e-05
mos_fs,125,3.3,10u,dn,2.9000,-1.004022e-05
mos_fs,125,3.3,10u,dn,2.9500,-1.004149e-05
mos_fs,125,3.3,10u,dn,3.0000,-1.004236e-05
mos_fs,125,3.3,10u,dn,3.0500,-1.004305e-05
mos_fs,125,3.3,10u,dn,3.1000,-1.004335e-05
mos_fs,125,3.3,10u,dn,3.1500,-1.004359e-05
mos_fs,125,3.3,10u,both,0.1500,1.685398e-06
mos_fs,125,3.3,10u,both,0.2000,9.154406e-07
mos_fs,125,3.3,10u,both,0.2500,5.270909e-07
mos_fs,125,3.3,10u,both,0.3000,3.132945e-07
mos_fs,125,3.3,10u,both,0.3500,1.835324e-07
mos_fs,125,3.3,10u,both,0.4000,1.012710e-07
mos_fs,125,3.3,10u,both,0.4500,5.145561e-08
mos_fs,125,3.3,10u,both,0.5000,2.493482e-08
mos_fs,125,3.3,10u,both,0.5500,1.226598e-08
mos_fs,125,3.3,10u,both,0.6000,6.044365e-09
mos_fs,125,3.3,10u,both,0.6500,2.519224e-09
mos_fs,125,3.3,10u,both,0.7000,1.825899e-10
mos_fs,125,3.3,10u,both,0.7500,-1.572739e-09
mos_fs,125,3.3,10u,both,0.8000,-3.008437e-09
mos_fs,125,3.3,10u,both,0.8500,-4.249533e-09
mos_fs,125,3.3,10u,both,0.9000,-5.361945e-09
mos_fs,125,3.3,10u,both,0.9500,-6.383553e-09
mos_fs,125,3.3,10u,both,1.0000,-7.337793e-09
mos_fs,125,3.3,10u,both,1.0500,-8.240157e-09
mos_fs,125,3.3,10u,both,1.1000,-9.101624e-09
mos_fs,125,3.3,10u,both,1.1500,-9.930665e-09
mos_fs,125,3.3,10u,both,1.2000,-1.073415e-08
mos_fs,125,3.3,10u,both,1.2500,-1.151705e-08
mos_fs,125,3.3,10u,both,1.3000,-1.228223e-08
mos_fs,125,3.3,10u,both,1.3500,-1.303145e-08
mos_fs,125,3.3,10u,both,1.4000,-1.376610e-08
mos_fs,125,3.3,10u,both,1.4500,-1.449390e-08
mos_fs,125,3.3,10u,both,1.5000,-1.520262e-08
mos_fs,125,3.3,10u,both,1.5500,-1.590031e-08
mos_fs,125,3.3,10u,both,1.6000,-1.658803e-08
mos_fs,125,3.3,10u,both,1.6500,-1.726666e-08
mos_fs,125,3.3,10u,both,1.7000,-1.793703e-08
mos_fs,125,3.3,10u,both,1.7500,-1.859994e-08
mos_fs,125,3.3,10u,both,1.8000,-1.925626e-08
mos_fs,125,3.3,10u,both,1.8500,-1.990691e-08
mos_fs,125,3.3,10u,both,1.9000,-2.055303e-08
mos_fs,125,3.3,10u,both,1.9500,-2.119600e-08
mos_fs,125,3.3,10u,both,2.0000,-2.183763e-08
mos_fs,125,3.3,10u,both,2.0500,-2.248025e-08
mos_fs,125,3.3,10u,both,2.1000,-2.312690e-08
mos_fs,125,3.3,10u,both,2.1500,-2.378152e-08
mos_fs,125,3.3,10u,both,2.2000,-2.444916e-08
mos_fs,125,3.3,10u,both,2.2500,-2.513617e-08
mos_fs,125,3.3,10u,both,2.3000,-2.585050e-08
mos_fs,125,3.3,10u,both,2.3500,-2.660195e-08
mos_fs,125,3.3,10u,both,2.4000,-2.740253e-08
mos_fs,125,3.3,10u,both,2.4500,-2.830217e-08
mos_fs,125,3.3,10u,both,2.5000,-2.925865e-08
mos_fs,125,3.3,10u,both,2.5500,-3.032437e-08
mos_fs,125,3.3,10u,both,2.6000,-3.153755e-08
mos_fs,125,3.3,10u,both,2.6500,-3.297174e-08
mos_fs,125,3.3,10u,both,2.7000,-3.481718e-08
mos_fs,125,3.3,10u,both,2.7500,-3.766900e-08
mos_fs,125,3.3,10u,both,2.8000,-4.313068e-08
mos_fs,125,3.3,10u,both,2.8500,-5.371730e-08
mos_fs,125,3.3,10u,both,2.9000,-7.209844e-08
mos_fs,125,3.3,10u,both,2.9500,-1.029243e-07
mos_fs,125,3.3,10u,both,3.0000,-1.586109e-07
mos_fs,125,3.3,10u,both,3.0500,-2.755960e-07
mos_fs,125,3.3,10u,both,3.1000,-5.650031e-07
mos_fs,125,3.3,10u,both,3.1500,-1.319201e-06
mos_fs,-40,3.3,10u,up,0.1500,9.969039e-06
mos_fs,-40,3.3,10u,up,0.2000,9.966571e-06
mos_fs,-40,3.3,10u,up,0.2500,9.964082e-06
mos_fs,-40,3.3,10u,up,0.3000,9.961368e-06
mos_fs,-40,3.3,10u,up,0.3500,9.958443e-06
mos_fs,-40,3.3,10u,up,0.4000,9.955197e-06
mos_fs,-40,3.3,10u,up,0.4500,9.951886e-06
mos_fs,-40,3.3,10u,up,0.5000,9.948779e-06
mos_fs,-40,3.3,10u,up,0.5500,9.947978e-06
mos_fs,-40,3.3,10u,up,0.6000,9.954706e-06
mos_fs,-40,3.3,10u,up,0.6500,9.968994e-06
mos_fs,-40,3.3,10u,up,0.7000,9.983412e-06
mos_fs,-40,3.3,10u,up,0.7500,9.993105e-06
mos_fs,-40,3.3,10u,up,0.8000,9.997942e-06
mos_fs,-40,3.3,10u,up,0.8500,9.999778e-06
mos_fs,-40,3.3,10u,up,0.9000,1.000034e-05
mos_fs,-40,3.3,10u,up,0.9500,1.000049e-05
mos_fs,-40,3.3,10u,up,1.0000,1.000052e-05
mos_fs,-40,3.3,10u,up,1.0500,1.000053e-05
mos_fs,-40,3.3,10u,up,1.1000,1.000053e-05
mos_fs,-40,3.3,10u,up,1.1500,1.000053e-05
mos_fs,-40,3.3,10u,up,1.2000,1.000053e-05
mos_fs,-40,3.3,10u,up,1.2500,1.000052e-05
mos_fs,-40,3.3,10u,up,1.3000,1.000052e-05
mos_fs,-40,3.3,10u,up,1.3500,1.000050e-05
mos_fs,-40,3.3,10u,up,1.4000,1.000049e-05
mos_fs,-40,3.3,10u,up,1.4500,1.000047e-05
mos_fs,-40,3.3,10u,up,1.5000,1.000045e-05
mos_fs,-40,3.3,10u,up,1.5500,1.000043e-05
mos_fs,-40,3.3,10u,up,1.6000,1.000041e-05
mos_fs,-40,3.3,10u,up,1.6500,1.000039e-05
mos_fs,-40,3.3,10u,up,1.7000,1.000037e-05
mos_fs,-40,3.3,10u,up,1.7500,1.000035e-05
mos_fs,-40,3.3,10u,up,1.8000,1.000033e-05
mos_fs,-40,3.3,10u,up,1.8500,1.000031e-05
mos_fs,-40,3.3,10u,up,1.9000,1.000028e-05
mos_fs,-40,3.3,10u,up,1.9500,1.000026e-05
mos_fs,-40,3.3,10u,up,2.0000,1.000024e-05
mos_fs,-40,3.3,10u,up,2.0500,1.000021e-05
mos_fs,-40,3.3,10u,up,2.1000,1.000019e-05
mos_fs,-40,3.3,10u,up,2.1500,1.000016e-05
mos_fs,-40,3.3,10u,up,2.2000,1.000013e-05
mos_fs,-40,3.3,10u,up,2.2500,1.000011e-05
mos_fs,-40,3.3,10u,up,2.3000,1.000008e-05
mos_fs,-40,3.3,10u,up,2.3500,1.000005e-05
mos_fs,-40,3.3,10u,up,2.4000,1.000002e-05
mos_fs,-40,3.3,10u,up,2.4500,9.999981e-06
mos_fs,-40,3.3,10u,up,2.5000,9.999945e-06
mos_fs,-40,3.3,10u,up,2.5500,9.999905e-06
mos_fs,-40,3.3,10u,up,2.6000,9.999861e-06
mos_fs,-40,3.3,10u,up,2.6500,9.999809e-06
mos_fs,-40,3.3,10u,up,2.7000,9.999745e-06
mos_fs,-40,3.3,10u,up,2.7500,9.999659e-06
mos_fs,-40,3.3,10u,up,2.8000,9.999519e-06
mos_fs,-40,3.3,10u,up,2.8500,9.999223e-06
mos_fs,-40,3.3,10u,up,2.9000,9.998277e-06
mos_fs,-40,3.3,10u,up,2.9500,9.990227e-06
mos_fs,-40,3.3,10u,up,3.0000,9.971943e-06
mos_fs,-40,3.3,10u,up,3.0500,9.933747e-06
mos_fs,-40,3.3,10u,up,3.1000,9.843458e-06
mos_fs,-40,3.3,10u,up,3.1500,9.549212e-06
mos_fs,-40,3.3,10u,dn,0.1500,-9.047307e-06
mos_fs,-40,3.3,10u,dn,0.2000,-9.521447e-06
mos_fs,-40,3.3,10u,dn,0.2500,-9.748896e-06
mos_fs,-40,3.3,10u,dn,0.3000,-9.875830e-06
mos_fs,-40,3.3,10u,dn,0.3500,-9.942982e-06
mos_fs,-40,3.3,10u,dn,0.4000,-9.971339e-06
mos_fs,-40,3.3,10u,dn,0.4500,-9.982307e-06
mos_fs,-40,3.3,10u,dn,0.5000,-9.987532e-06
mos_fs,-40,3.3,10u,dn,0.5500,-9.991499e-06
mos_fs,-40,3.3,10u,dn,0.6000,-9.993675e-06
mos_fs,-40,3.3,10u,dn,0.6500,-9.995665e-06
mos_fs,-40,3.3,10u,dn,0.7000,-9.997476e-06
mos_fs,-40,3.3,10u,dn,0.7500,-9.999144e-06
mos_fs,-40,3.3,10u,dn,0.8000,-1.000070e-05
mos_fs,-40,3.3,10u,dn,0.8500,-1.000217e-05
mos_fs,-40,3.3,10u,dn,0.9000,-1.000356e-05
mos_fs,-40,3.3,10u,dn,0.9500,-1.000490e-05
mos_fs,-40,3.3,10u,dn,1.0000,-1.000618e-05
mos_fs,-40,3.3,10u,dn,1.0500,-1.000742e-05
mos_fs,-40,3.3,10u,dn,1.1000,-1.000862e-05
mos_fs,-40,3.3,10u,dn,1.1500,-1.000979e-05
mos_fs,-40,3.3,10u,dn,1.2000,-1.001093e-05
mos_fs,-40,3.3,10u,dn,1.2500,-1.001204e-05
mos_fs,-40,3.3,10u,dn,1.3000,-1.001313e-05
mos_fs,-40,3.3,10u,dn,1.3500,-1.001420e-05
mos_fs,-40,3.3,10u,dn,1.4000,-1.001524e-05
mos_fs,-40,3.3,10u,dn,1.4500,-1.001627e-05
mos_fs,-40,3.3,10u,dn,1.5000,-1.001729e-05
mos_fs,-40,3.3,10u,dn,1.5500,-1.001828e-05
mos_fs,-40,3.3,10u,dn,1.6000,-1.001927e-05
mos_fs,-40,3.3,10u,dn,1.6500,-1.002024e-05
mos_fs,-40,3.3,10u,dn,1.7000,-1.002120e-05
mos_fs,-40,3.3,10u,dn,1.7500,-1.002215e-05
mos_fs,-40,3.3,10u,dn,1.8000,-1.002309e-05
mos_fs,-40,3.3,10u,dn,1.8500,-1.002403e-05
mos_fs,-40,3.3,10u,dn,1.9000,-1.002496e-05
mos_fs,-40,3.3,10u,dn,1.9500,-1.002589e-05
mos_fs,-40,3.3,10u,dn,2.0000,-1.002682e-05
mos_fs,-40,3.3,10u,dn,2.0500,-1.002775e-05
mos_fs,-40,3.3,10u,dn,2.1000,-1.002870e-05
mos_fs,-40,3.3,10u,dn,2.1500,-1.002968e-05
mos_fs,-40,3.3,10u,dn,2.2000,-1.003068e-05
mos_fs,-40,3.3,10u,dn,2.2500,-1.003172e-05
mos_fs,-40,3.3,10u,dn,2.3000,-1.003282e-05
mos_fs,-40,3.3,10u,dn,2.3500,-1.003399e-05
mos_fs,-40,3.3,10u,dn,2.4000,-1.003524e-05
mos_fs,-40,3.3,10u,dn,2.4500,-1.003661e-05
mos_fs,-40,3.3,10u,dn,2.5000,-1.003812e-05
mos_fs,-40,3.3,10u,dn,2.5500,-1.003979e-05
mos_fs,-40,3.3,10u,dn,2.6000,-1.004166e-05
mos_fs,-40,3.3,10u,dn,2.6500,-1.004376e-05
mos_fs,-40,3.3,10u,dn,2.7000,-1.004613e-05
mos_fs,-40,3.3,10u,dn,2.7500,-1.004881e-05
mos_fs,-40,3.3,10u,dn,2.8000,-1.005183e-05
mos_fs,-40,3.3,10u,dn,2.8500,-1.005524e-05
mos_fs,-40,3.3,10u,dn,2.9000,-1.005905e-05
mos_fs,-40,3.3,10u,dn,2.9500,-1.006326e-05
mos_fs,-40,3.3,10u,dn,3.0000,-1.006777e-05
mos_fs,-40,3.3,10u,dn,3.0500,-1.007178e-05
mos_fs,-40,3.3,10u,dn,3.1000,-1.007448e-05
mos_fs,-40,3.3,10u,dn,3.1500,-1.007578e-05
mos_fs,-40,3.3,10u,both,0.1500,9.101544e-07
mos_fs,-40,3.3,10u,both,0.2000,4.436529e-07
mos_fs,-40,3.3,10u,both,0.2500,2.152633e-07
mos_fs,-40,3.3,10u,both,0.3000,8.589504e-08
mos_fs,-40,3.3,10u,both,0.3500,1.573477e-08
mos_fs,-40,3.3,10u,both,0.4000,-1.563233e-08
mos_fs,-40,3.3,10u,both,0.4500,-2.956003e-08
mos_fs,-40,3.3,10u,both,0.5000,-3.704204e-08
mos_fs,-40,3.3,10u,both,0.5500,-3.756971e-08
mos_fs,-40,3.3,10u,both,0.6000,-2.677525e-08
mos_fs,-40,3.3,10u,both,0.6500,-1.236533e-08
mos_fs,-40,3.3,10u,both,0.7000,-3.516558e-09
mos_fs,-40,3.3,10u,both,0.7500,-5.704628e-10
mos_fs,-40,3.3,10u,both,0.8000,-6.411414e-10
mos_fs,-40,3.3,10u,both,0.8500,-1.717619e-09
mos_fs,-40,3.3,10u,both,0.9000,-3.022455e-09
mos_fs,-40,3.3,10u,both,0.9500,-4.340418e-09
mos_fs,-40,3.3,10u,both,1.0000,-5.623813e-09
mos_fs,-40,3.3,10u,both,1.0500,-6.866579e-09
mos_fs,-40,3.3,10u,both,1.1000,-8.071635e-09
mos_fs,-40,3.3,10u,both,1.1500,-9.243300e-09
mos_fs,-40,3.3,10u,both,1.2000,-1.038591e-08
mos_fs,-40,3.3,10u,both,1.2500,-1.150395e-08
mos_fs,-40,3.3,10u,both,1.3000,-1.260179e-08
mos_fs,-40,3.3,10u,both,1.3500,-1.368203e-08
mos_fs,-40,3.3,10u,both,1.4000,-1.474555e-08
mos_fs,-40,3.3,10u,both,1.4500,-1.579299e-08
mos_fs,-40,3.3,10u,both,1.5000,-1.683266e-08
mos_fs,-40,3.3,10u,both,1.5500,-1.785019e-08
mos_fs,-40,3.3,10u,both,1.6000,-1.885444e-08
mos_fs,-40,3.3,10u,both,1.6500,-1.984661e-08
mos_fs,-40,3.3,10u,both,1.7000,-2.082784e-08
mos_fs,-40,3.3,10u,both,1.7500,-2.179941e-08
mos_fs,-40,3.3,10u,both,1.8000,-2.276279e-08
mos_fs,-40,3.3,10u,both,1.8500,-2.371984e-08
mos_fs,-40,3.3,10u,both,1.9000,-2.467284e-08
mos_fs,-40,3.3,10u,both,1.9500,-2.562477e-08
mos_fs,-40,3.3,10u,both,2.0000,-2.657942e-08
mos_fs,-40,3.3,10u,both,2.0500,-2.754162e-08
mos_fs,-40,3.3,10u,both,2.1000,-2.851751e-08
mos_fs,-40,3.3,10u,both,2.1500,-2.951474e-08
mos_fs,-40,3.3,10u,both,2.2000,-3.054275e-08
mos_fs,-40,3.3,10u,both,2.2500,-3.161304e-08
mos_fs,-40,3.3,10u,both,2.3000,-3.273940e-08
mos_fs,-40,3.3,10u,both,2.3500,-3.397806e-08
mos_fs,-40,3.3,10u,both,2.4000,-3.527865e-08
mos_fs,-40,3.3,10u,both,2.4500,-3.669470e-08
mos_fs,-40,3.3,10u,both,2.5000,-3.825185e-08
mos_fs,-40,3.3,10u,both,2.5500,-3.997927e-08
mos_fs,-40,3.3,10u,both,2.6000,-4.190992e-08
mos_fs,-40,3.3,10u,both,2.6500,-4.408110e-08
mos_fs,-40,3.3,10u,both,2.7000,-4.653584e-08
mos_fs,-40,3.3,10u,both,2.7500,-4.932760e-08
mos_fs,-40,3.3,10u,both,2.8000,-5.254041e-08
mos_fs,-40,3.3,10u,both,2.8500,-5.639759e-08
mos_fs,-40,3.3,10u,both,2.9000,-6.194494e-08
mos_fs,-40,3.3,10u,both,2.9500,-7.318618e-08
mos_fs,-40,3.3,10u,both,3.0000,-9.583041e-08
mos_fs,-40,3.3,10u,both,3.0500,-1.381871e-07
mos_fs,-40,3.3,10u,both,3.1000,-2.310174e-07
mos_fs,-40,3.3,10u,both,3.1500,-5.265712e-07
mos_tt,27,3.0,10u,up,0.1500,9.930126e-06
mos_tt,27,3.0,10u,up,0.2000,9.924780e-06
mos_tt,27,3.0,10u,up,0.2500,9.920105e-06
mos_tt,27,3.0,10u,up,0.3000,9.915012e-06
mos_tt,27,3.0,10u,up,0.3500,9.909725e-06
mos_tt,27,3.0,10u,up,0.4000,9.904267e-06
mos_tt,27,3.0,10u,up,0.4500,9.898918e-06
mos_tt,27,3.0,10u,up,0.5000,9.894917e-06
mos_tt,27,3.0,10u,up,0.5500,9.896159e-06
mos_tt,27,3.0,10u,up,0.6000,9.908492e-06
mos_tt,27,3.0,10u,up,0.6500,9.931327e-06
mos_tt,27,3.0,10u,up,0.7000,9.956473e-06
mos_tt,27,3.0,10u,up,0.7500,9.976718e-06
mos_tt,27,3.0,10u,up,0.8000,9.989522e-06
mos_tt,27,3.0,10u,up,0.8500,9.996140e-06
mos_tt,27,3.0,10u,up,0.9000,9.998976e-06
mos_tt,27,3.0,10u,up,0.9500,1.000002e-05
mos_tt,27,3.0,10u,up,1.0000,1.000037e-05
mos_tt,27,3.0,10u,up,1.0500,1.000048e-05
mos_tt,27,3.0,10u,up,1.1000,1.000051e-05
mos_tt,27,3.0,10u,up,1.1500,1.000052e-05
mos_tt,27,3.0,10u,up,1.2000,1.000051e-05
mos_tt,27,3.0,10u,up,1.2500,1.000050e-05
mos_tt,27,3.0,10u,up,1.3000,1.000048e-05
mos_tt,27,3.0,10u,up,1.3500,1.000046e-05
mos_tt,27,3.0,10u,up,1.4000,1.000044e-05
mos_tt,27,3.0,10u,up,1.4500,1.000042e-05
mos_tt,27,3.0,10u,up,1.5000,1.000040e-05
mos_tt,27,3.0,10u,up,1.5500,1.000038e-05
mos_tt,27,3.0,10u,up,1.6000,1.000036e-05
mos_tt,27,3.0,10u,up,1.6500,1.000034e-05
mos_tt,27,3.0,10u,up,1.7000,1.000031e-05
mos_tt,27,3.0,10u,up,1.7500,1.000029e-05
mos_tt,27,3.0,10u,up,1.8000,1.000026e-05
mos_tt,27,3.0,10u,up,1.8500,1.000024e-05
mos_tt,27,3.0,10u,up,1.9000,1.000021e-05
mos_tt,27,3.0,10u,up,1.9500,1.000018e-05
mos_tt,27,3.0,10u,up,2.0000,1.000015e-05
mos_tt,27,3.0,10u,up,2.0500,1.000012e-05
mos_tt,27,3.0,10u,up,2.1000,1.000008e-05
mos_tt,27,3.0,10u,up,2.1500,1.000005e-05
mos_tt,27,3.0,10u,up,2.2000,1.000001e-05
mos_tt,27,3.0,10u,up,2.2500,9.999959e-06
mos_tt,27,3.0,10u,up,2.3000,9.999903e-06
mos_tt,27,3.0,10u,up,2.3500,9.999832e-06
mos_tt,27,3.0,10u,up,2.4000,9.999731e-06
mos_tt,27,3.0,10u,up,2.4500,9.999557e-06
mos_tt,27,3.0,10u,up,2.5000,9.999176e-06
mos_tt,27,3.0,10u,up,2.5500,9.998021e-06
mos_tt,27,3.0,10u,up,2.6000,9.990750e-06
mos_tt,27,3.0,10u,up,2.6500,9.975801e-06
mos_tt,27,3.0,10u,up,2.7000,9.946659e-06
mos_tt,27,3.0,10u,up,2.7500,9.887494e-06
mos_tt,27,3.0,10u,up,2.8000,9.740868e-06
mos_tt,27,3.0,10u,up,2.8500,9.283104e-06
mos_tt,27,3.0,10u,dn,0.1500,-8.766872e-06
mos_tt,27,3.0,10u,dn,0.2000,-9.366901e-06
mos_tt,27,3.0,10u,dn,0.2500,-9.651972e-06
mos_tt,27,3.0,10u,dn,0.3000,-9.809882e-06
mos_tt,27,3.0,10u,dn,0.3500,-9.903267e-06
mos_tt,27,3.0,10u,dn,0.4000,-9.953763e-06
mos_tt,27,3.0,10u,dn,0.4500,-9.976453e-06
mos_tt,27,3.0,10u,dn,0.5000,-9.986067e-06
mos_tt,27,3.0,10u,dn,0.5500,-9.990843e-06
mos_tt,27,3.0,10u,dn,0.6000,-9.994457e-06
mos_tt,27,3.0,10u,dn,0.6500,-9.996328e-06
mos_tt,27,3.0,10u,dn,0.7000,-9.998009e-06
mos_tt,27,3.0,10u,dn,0.7500,-9.999523e-06
mos_tt,27,3.0,10u,dn,0.8000,-1.000091e-05
mos_tt,27,3.0,10u,dn,0.8500,-1.000220e-05
mos_tt,27,3.0,10u,dn,0.9000,-1.000341e-05
mos_tt,27,3.0,10u,dn,0.9500,-1.000456e-05
mos_tt,27,3.0,10u,dn,1.0000,-1.000566e-05
mos_tt,27,3.0,10u,dn,1.0500,-1.000672e-05
mos_tt,27,3.0,10u,dn,1.1000,-1.000774e-05
mos_tt,27,3.0,10u,dn,1.1500,-1.000873e-05
mos_tt,27,3.0,10u,dn,1.2000,-1.000969e-05
mos_tt,27,3.0,10u,dn,1.2500,-1.001063e-05
mos_tt,27,3.0,10u,dn,1.3000,-1.001155e-05
mos_tt,27,3.0,10u,dn,1.3500,-1.001244e-05
mos_tt,27,3.0,10u,dn,1.4000,-1.001333e-05
mos_tt,27,3.0,10u,dn,1.4500,-1.001419e-05
mos_tt,27,3.0,10u,dn,1.5000,-1.001504e-05
mos_tt,27,3.0,10u,dn,1.5500,-1.001588e-05
mos_tt,27,3.0,10u,dn,1.6000,-1.001671e-05
mos_tt,27,3.0,10u,dn,1.6500,-1.001752e-05
mos_tt,27,3.0,10u,dn,1.7000,-1.001833e-05
mos_tt,27,3.0,10u,dn,1.7500,-1.001912e-05
mos_tt,27,3.0,10u,dn,1.8000,-1.001991e-05
mos_tt,27,3.0,10u,dn,1.8500,-1.002069e-05
mos_tt,27,3.0,10u,dn,1.9000,-1.002147e-05
mos_tt,27,3.0,10u,dn,1.9500,-1.002224e-05
mos_tt,27,3.0,10u,dn,2.0000,-1.002301e-05
mos_tt,27,3.0,10u,dn,2.0500,-1.002379e-05
mos_tt,27,3.0,10u,dn,2.1000,-1.002457e-05
mos_tt,27,3.0,10u,dn,2.1500,-1.002537e-05
mos_tt,27,3.0,10u,dn,2.2000,-1.002619e-05
mos_tt,27,3.0,10u,dn,2.2500,-1.002704e-05
mos_tt,27,3.0,10u,dn,2.3000,-1.002793e-05
mos_tt,27,3.0,10u,dn,2.3500,-1.002887e-05
mos_tt,27,3.0,10u,dn,2.4000,-1.002987e-05
mos_tt,27,3.0,10u,dn,2.4500,-1.003096e-05
mos_tt,27,3.0,10u,dn,2.5000,-1.003213e-05
mos_tt,27,3.0,10u,dn,2.5500,-1.003342e-05
mos_tt,27,3.0,10u,dn,2.6000,-1.003482e-05
mos_tt,27,3.0,10u,dn,2.6500,-1.003631e-05
mos_tt,27,3.0,10u,dn,2.7000,-1.003777e-05
mos_tt,27,3.0,10u,dn,2.7500,-1.003897e-05
mos_tt,27,3.0,10u,dn,2.8000,-1.003975e-05
mos_tt,27,3.0,10u,dn,2.8500,-1.004017e-05
mos_tt,27,3.0,10u,both,0.1500,1.143832e-06
mos_tt,27,3.0,10u,both,0.2000,5.552499e-07
mos_tt,27,3.0,10u,both,0.2500,2.689534e-07
mos_tt,27,3.0,10u,both,0.3000,1.069306e-07
mos_tt,27,3.0,10u,both,0.3500,8.673936e-09
mos_tt,27,3.0,10u,both,0.4000,-4.691769e-08
mos_tt,27,3.0,10u,both,0.4500,-7.385917e-08
mos_tt,27,3.0,10u,both,0.5000,-8.443012e-08
mos_tt,27,3.0,10u,both,0.5500,-8.022406e-08
mos_tt,27,3.0,10u,both,0.6000,-6.041656e-08
mos_tt,27,3.0,10u,both,0.6500,-3.535402e-08
mos_tt,27,3.0,10u,both,0.7000,-1.647702e-08
mos_tt,27,3.0,10u,both,0.7500,-6.588362e-09
mos_tt,27,3.0,10u,both,0.8000,-3.011560e-09
mos_tt,27,3.0,10u,both,0.8500,-2.492101e-09
mos_tt,27,3.0,10u,both,0.9000,-3.111009e-09
mos_tt,27,3.0,10u,both,0.9500,-4.079255e-09
mos_tt,27,3.0,10u,both,1.0000,-5.126946e-09
mos_tt,27,3.0,10u,both,1.0500,-6.172269e-09
mos_tt,27,3.0,10u,both,1.1000,-7.194481e-09
mos_tt,27,3.0,10u,both,1.1500,-8.191638e-09
mos_tt,27,3.0,10u,both,1.2000,-9.166268e-09
mos_tt,27,3.0,10u,both,1.2500,-1.012044e-08
mos_tt,27,3.0,10u,both,1.3000,-1.105557e-08
mos_tt,27,3.0,10u,both,1.3500,-1.197305e-08
mos_tt,27,3.0,10u,both,1.4000,-1.288217e-08
mos_tt,27,3.0,10u,both,1.4500,-1.376787e-08
mos_tt,27,3.0,10u,both,1.5000,-1.463991e-08
mos_tt,27,3.0,10u,both,1.5500,-1.549954e-08
mos_tt,27,3.0,10u,both,1.6000,-1.634780e-08
mos_tt,27,3.0,10u,both,1.6500,-1.718570e-08
mos_tt,27,3.0,10u,both,1.7000,-1.801424e-08
mos_tt,27,3.0,10u,both,1.7500,-1.883451e-08
mos_tt,27,3.0,10u,both,1.8000,-1.964768e-08
mos_tt,27,3.0,10u,both,1.8500,-2.045519e-08
mos_tt,27,3.0,10u,both,1.9000,-2.125884e-08
mos_tt,27,3.0,10u,both,1.9500,-2.206090e-08
mos_tt,27,3.0,10u,both,2.0000,-2.286434e-08
mos_tt,27,3.0,10u,both,2.0500,-2.367299e-08
mos_tt,27,3.0,10u,both,2.1000,-2.449179e-08
mos_tt,27,3.0,10u,both,2.1500,-2.532708e-08
mos_tt,27,3.0,10u,both,2.2000,-2.618694e-08
mos_tt,27,3.0,10u,both,2.2500,-2.708172e-08
mos_tt,27,3.0,10u,both,2.3000,-2.802491e-08
mos_tt,27,3.0,10u,both,2.3500,-2.907435e-08
mos_tt,27,3.0,10u,both,2.4000,-3.020060e-08
mos_tt,27,3.0,10u,both,2.4500,-3.150763e-08
mos_tt,27,3.0,10u,both,2.5000,-3.324216e-08
mos_tt,27,3.0,10u,both,2.5500,-3.641954e-08
mos_tt,27,3.0,10u,both,2.6000,-4.411304e-08
mos_tt,27,3.0,10u,both,2.6500,-6.052662e-08
mos_tt,27,3.0,10u,both,2.7000,-9.110849e-08
mos_tt,27,3.0,10u,both,2.7500,-1.514805e-07
mos_tt,27,3.0,10u,both,2.8000,-2.988778e-07
mos_tt,27,3.0,10u,both,2.8500,-7.570633e-07
mos_tt,27,3.6,10u,up,0.1500,9.930317e-06
mos_tt,27,3.6,10u,up,0.2000,9.924970e-06
mos_tt,27,3.6,10u,up,0.2500,9.920296e-06
mos_tt,27,3.6,10u,up,0.3000,9.915205e-06
mos_tt,27,3.6,10u,up,0.3500,9.909927e-06
mos_tt,27,3.6,10u,up,0.4000,9.904507e-06
mos_tt,27,3.6,10u,up,0.4500,9.899329e-06
mos_tt,27,3.6,10u,up,0.5000,9.895992e-06
mos_tt,27,3.6,10u,up,0.5500,9.899054e-06
mos_tt,27,3.6,10u,up,0.6000,9.913828e-06
mos_tt,27,3.6,10u,up,0.6500,9.937716e-06
mos_tt,27,3.6,10u,up,0.7000,9.962047e-06
mos_tt,27,3.6,10u,up,0.7500,9.980568e-06
mos_tt,27,3.6,10u,up,0.8000,9.991734e-06
mos_tt,27,3.6,10u,up,0.8500,9.997249e-06
mos_tt,27,3.6,10u,up,0.9000,9.999521e-06
mos_tt,27,3.6,10u,up,0.9500,1.000034e-05
mos_tt,27,3.6,10u,up,1.0000,1.000060e-05
mos_tt,27,3.6,10u,up,1.0500,1.000069e-05
mos_tt,27,3.6,10u,up,1.1000,1.000071e-05
mos_tt,27,3.6,10u,up,1.1500,1.000072e-05
mos_tt,27,3.6,10u,up,1.2000,1.000072e-05
mos_tt,27,3.6,10u,up,1.2500,1.000071e-05
mos_tt,27,3.6,10u,up,1.3000,1.000070e-05
mos_tt,27,3.6,10u,up,1.3500,1.000069e-05
mos_tt,27,3.6,10u,up,1.4000,1.000068e-05
mos_tt,27,3.6,10u,up,1.4500,1.000066e-05
mos_tt,27,3.6,10u,up,1.5000,1.000065e-05
mos_tt,27,3.6,10u,up,1.5500,1.000063e-05
mos_tt,27,3.6,10u,up,1.6000,1.000061e-05
mos_tt,27,3.6,10u,up,1.6500,1.000059e-05
mos_tt,27,3.6,10u,up,1.7000,1.000057e-05
mos_tt,27,3.6,10u,up,1.7500,1.000055e-05
mos_tt,27,3.6,10u,up,1.8000,1.000053e-05
mos_tt,27,3.6,10u,up,1.8500,1.000051e-05
mos_tt,27,3.6,10u,up,1.9000,1.000049e-05
mos_tt,27,3.6,10u,up,1.9500,1.000047e-05
mos_tt,27,3.6,10u,up,2.0000,1.000045e-05
mos_tt,27,3.6,10u,up,2.0500,1.000043e-05
mos_tt,27,3.6,10u,up,2.1000,1.000041e-05
mos_tt,27,3.6,10u,up,2.1500,1.000038e-05
mos_tt,27,3.6,10u,up,2.2000,1.000036e-05
mos_tt,27,3.6,10u,up,2.2500,1.000034e-05
mos_tt,27,3.6,10u,up,2.3000,1.000031e-05
mos_tt,27,3.6,10u,up,2.3500,1.000029e-05
mos_tt,27,3.6,10u,up,2.4000,1.000026e-05
mos_tt,27,3.6,10u,up,2.4500,1.000024e-05
mos_tt,27,3.6,10u,up,2.5000,1.000021e-05
mos_tt,27,3.6,10u,up,2.5500,1.000018e-05
mos_tt,27,3.6,10u,up,2.6000,1.000015e-05
mos_tt,27,3.6,10u,up,2.6500,1.000012e-05
mos_tt,27,3.6,10u,up,2.7000,1.000008e-05
mos_tt,27,3.6,10u,up,2.7500,1.000005e-05
mos_tt,27,3.6,10u,up,2.8000,1.000001e-05
mos_tt,27,3.6,10u,up,2.8500,9.999960e-06
mos_tt,27,3.6,10u,up,2.9000,9.999905e-06
mos_tt,27,3.6,10u,up,2.9500,9.999834e-06
mos_tt,27,3.6,10u,up,3.0000,9.999734e-06
mos_tt,27,3.6,10u,up,3.0500,9.999563e-06
mos_tt,27,3.6,10u,up,3.1000,9.999190e-06
mos_tt,27,3.6,10u,up,3.1500,9.998065e-06
mos_tt,27,3.6,10u,up,3.2000,9.990945e-06
mos_tt,27,3.6,10u,up,3.2500,9.976183e-06
mos_tt,27,3.6,10u,up,3.3000,9.947350e-06
mos_tt,27,3.6,10u,up,3.3500,9.888902e-06
mos_tt,27,3.6,10u,up,3.4000,9.744489e-06
mos_tt,27,3.6,10u,up,3.4500,9.293923e-06
mos_tt,27,3.6,10u,dn,0.1500,-8.746343e-06
mos_tt,27,3.6,10u,dn,0.2000,-9.362832e-06
mos_tt,27,3.6,10u,dn,0.2500,-9.651387e-06
mos_tt,27,3.6,10u,dn,0.3000,-9.809959e-06
mos_tt,27,3.6,10u,dn,0.3500,-9.903407e-06
mos_tt,27,3.6,10u,dn,0.4000,-9.953849e-06
mos_tt,27,3.6,10u,dn,0.4500,-9.976493e-06
mos_tt,27,3.6,10u,dn,0.5000,-9.986087e-06
mos_tt,27,3.6,10u,dn,0.5500,-9.990855e-06
mos_tt,27,3.6,10u,dn,0.6000,-9.994464e-06
mos_tt,27,3.6,10u,dn,0.6500,-9.996335e-06
mos_tt,27,3.6,10u,dn,0.7000,-9.998015e-06
mos_tt,27,3.6,10u,dn,0.7500,-9.999528e-06
mos_tt,27,3.6,10u,dn,0.8000,-1.000091e-05
mos_tt,27,3.6,10u,dn,0.8500,-1.000220e-05
mos_tt,27,3.6,10u,dn,0.9000,-1.000342e-05
mos_tt,27,3.6,10u,dn,0.9500,-1.000457e-05
mos_tt,27,3.6,10u,dn,1.0000,-1.000567e-05
mos_tt,27,3.6,10u,dn,1.0500,-1.000672e-05
mos_tt,27,3.6,10u,dn,1.1000,-1.000774e-05
mos_tt,27,3.6,10u,dn,1.1500,-1.000873e-05
mos_tt,27,3.6,10u,dn,1.2000,-1.000970e-05
mos_tt,27,3.6,10u,dn,1.2500,-1.001064e-05
mos_tt,27,3.6,10u,dn,1.3000,-1.001155e-05
mos_tt,27,3.6,10u,dn,1.3500,-1.001245e-05
mos_tt,27,3.6,10u,dn,1.4000,-1.001333e-05
mos_tt,27,3.6,10u,dn,1.4500,-1.001420e-05
mos_tt,27,3.6,10u,dn,1.5000,-1.001505e-05
mos_tt,27,3.6,10u,dn,1.5500,-1.001589e-05
mos_tt,27,3.6,10u,dn,1.6000,-1.001672e-05
mos_tt,27,3.6,10u,dn,1.6500,-1.001753e-05
mos_tt,27,3.6,10u,dn,1.7000,-1.001834e-05
mos_tt,27,3.6,10u,dn,1.7500,-1.001913e-05
mos_tt,27,3.6,10u,dn,1.8000,-1.001992e-05
mos_tt,27,3.6,10u,dn,1.8500,-1.002070e-05
mos_tt,27,3.6,10u,dn,1.9000,-1.002148e-05
mos_tt,27,3.6,10u,dn,1.9500,-1.002226e-05
mos_tt,27,3.6,10u,dn,2.0000,-1.002303e-05
mos_tt,27,3.6,10u,dn,2.0500,-1.002381e-05
mos_tt,27,3.6,10u,dn,2.1000,-1.002460e-05
mos_tt,27,3.6,10u,dn,2.1500,-1.002540e-05
mos_tt,27,3.6,10u,dn,2.2000,-1.002623e-05
mos_tt,27,3.6,10u,dn,2.2500,-1.002708e-05
mos_tt,27,3.6,10u,dn,2.3000,-1.002798e-05
mos_tt,27,3.6,10u,dn,2.3500,-1.002893e-05
mos_tt,27,3.6,10u,dn,2.4000,-1.002996e-05
mos_tt,27,3.6,10u,dn,2.4500,-1.003107e-05
mos_tt,27,3.6,10u,dn,2.5000,-1.003230e-05
mos_tt,27,3.6,10u,dn,2.5500,-1.003366e-05
mos_tt,27,3.6,10u,dn,2.6000,-1.003519e-05
mos_tt,27,3.6,10u,dn,2.6500,-1.003691e-05
mos_tt,27,3.6,10u,dn,2.7000,-1.003886e-05
mos_tt,27,3.6,10u,dn,2.7500,-1.004109e-05
mos_tt,27,3.6,10u,dn,2.8000,-1.004362e-05
mos_tt,27,3.6,10u,dn,2.8500,-1.004650e-05
mos_tt,27,3.6,10u,dn,2.9000,-1.004979e-05
mos_tt,27,3.6,10u,dn,2.9500,-1.005353e-05
mos_tt,27,3.6,10u,dn,3.0000,-1.005777e-05
mos_tt,27,3.6,10u,dn,3.0500,-1.006255e-05
mos_tt,27,3.6,10u,dn,3.1000,-1.006792e-05
mos_tt,27,3.6,10u,dn,3.1500,-1.007387e-05
mos_tt,27,3.6,10u,dn,3.2000,-1.008039e-05
mos_tt,27,3.6,10u,dn,3.2500,-1.008731e-05
mos_tt,27,3.6,10u,dn,3.3000,-1.009384e-05
mos_tt,27,3.6,10u,dn,3.3500,-1.009909e-05
mos_tt,27,3.6,10u,dn,3.4000,-1.010232e-05
mos_tt,27,3.6,10u,dn,3.4500,-1.010468e-05
mos_tt,27,3.6,10u,both,0.1500,1.142248e-06
mos_tt,27,3.6,10u,both,0.2000,5.545375e-07
mos_tt,27,3.6,10u,both,0.2500,2.686276e-07
mos_tt,27,3.6,10u,both,0.3000,1.067969e-07
mos_tt,27,3.6,10u,both,0.3500,8.683273e-09
mos_tt,27,3.6,10u,both,0.4000,-4.672063e-08
mos_tt,27,3.6,10u,both,0.4500,-7.321257e-08
mos_tt,27,3.6,10u,both,0.5000,-8.242273e-08
mos_tt,27,3.6,10u,both,0.5500,-7.540314e-08
mos_tt,27,3.6,10u,both,0.6000,-5.378470e-08
mos_tt,27,3.6,10u,both,0.6500,-2.966326e-08
mos_tt,27,3.6,10u,both,0.7000,-1.295115e-08
mos_tt,27,3.6,10u,both,0.7500,-4.840810e-09
mos_tt,27,3.6,10u,both,0.8000,-2.226885e-09
mos_tt,27,3.6,10u,both,0.8500,-2.102950e-09
mos_tt,27,3.6,10u,both,0.9000,-2.860866e-09
mos_tt,27,3.6,10u,both,0.9500,-3.874216e-09
mos_tt,27,3.6,10u,both,1.0000,-4.935782e-09
mos_tt,27,3.6,10u,both,1.0500,-5.984646e-09
mos_tt,27,3.6,10u,both,1.1000,-7.006075e-09
mos_tt,27,3.6,10u,both,1.1500,-7.999000e-09
mos_tt,27,3.6,10u,both,1.2000,-8.966228e-09
mos_tt,27,3.6,10u,both,1.2500,-9.911743e-09
mos_tt,27,3.6,10u,both,1.3000,-1.083924e-08
mos_tt,27,3.6,10u,both,1.3500,-1.175081e-08
mos_tt,27,3.6,10u,both,1.4000,-1.264736e-08
mos_tt,27,3.6,10u,both,1.4500,-1.352968e-08
mos_tt,27,3.6,10u,both,1.5000,-1.440518e-08
mos_tt,27,3.6,10u,both,1.5500,-1.526132e-08
mos_tt,27,3.6,10u,both,1.6000,-1.610592e-08
mos_tt,27,3.6,10u,both,1.6500,-1.694004e-08
mos_tt,27,3.6,10u,both,1.7000,-1.776457e-08
mos_tt,27,3.6,10u,both,1.7500,-1.858054e-08
mos_tt,27,3.6,10u,both,1.8000,-1.938907e-08
mos_tt,27,3.6,10u,both,1.8500,-2.019153e-08
mos_tt,27,3.6,10u,both,1.9000,-2.098963e-08
mos_tt,27,3.6,10u,both,1.9500,-2.178554e-08
mos_tt,27,3.6,10u,both,2.0000,-2.258211e-08
mos_tt,27,3.6,10u,both,2.0500,-2.338299e-08
mos_tt,27,3.6,10u,both,2.1000,-2.419289e-08
mos_tt,27,3.6,10u,both,2.1500,-2.501777e-08
mos_tt,27,3.6,10u,both,2.2000,-2.586509e-08
mos_tt,27,3.6,10u,both,2.2500,-2.674406e-08
mos_tt,27,3.6,10u,both,2.3000,-2.766588e-08
mos_tt,27,3.6,10u,both,2.3500,-2.867521e-08
mos_tt,27,3.6,10u,both,2.4000,-2.973409e-08
mos_tt,27,3.6,10u,both,2.4500,-3.088534e-08
mos_tt,27,3.6,10u,both,2.5000,-3.215075e-08
mos_tt,27,3.6,10u,both,2.5500,-3.355521e-08
mos_tt,27,3.6,10u,both,2.6000,-3.512699e-08
mos_tt,27,3.6,10u,both,2.6500,-3.689777e-08
mos_tt,27,3.6,10u,both,2.7000,-3.890286e-08
mos_tt,27,3.6,10u,both,2.7500,-4.118117e-08
mos_tt,27,3.6,10u,both,2.8000,-4.377534e-08
mos_tt,27,3.6,10u,both,2.8500,-4.673181e-08
mos_tt,27,3.6,10u,both,2.9000,-5.010115e-08
mos_tt,27,3.6,10u,both,2.9500,-5.393954e-08
mos_tt,27,3.6,10u,both,3.0000,-5.831433e-08
mos_tt,27,3.6,10u,both,3.0500,-6.332827e-08
mos_tt,27,3.6,10u,both,3.1000,-6.923743e-08
mos_tt,27,3.6,10u,both,3.1500,-7.702076e-08
mos_tt,27,3.6,10u,both,3.2000,-8.965018e-08
mos_tt,27,3.6,10u,both,3.2500,-1.111571e-07
mos_tt,27,3.6,10u,both,3.3000,-1.464923e-07
mos_tt,27,3.6,10u,both,3.3500,-2.101889e-07
mos_tt,27,3.6,10u,both,3.4000,-3.578332e-07
mos_tt,27,3.6,10u,both,3.4500,-8.101737e-07
