corner_tag,tau_xwin,tau_s,state_discharged_start,state_charged_start,lka_min_v,lka_max_v,lka_avg_v,lkb_min_v,lkb_max_v,lkb_avg_v,vwin_a_min_v,vwin_a_max_v,vwin_a_avg_v
mos_tt_res_typ_-40c_3.3v_25MHz_real,0.25,6.284175e-11,IN,IN,-1.599340e-05,9.648790e-06,1.711960e-10,-1.599340e-05,9.648790e-06,1.711960e-10,3.299950e+00,3.300040e+00,3.300000e+00
mos_tt_res_typ_-40c_3.3v_25MHz_real,0.50,1.256835e-10,IN,IN,-1.199400e-05,9.736350e-06,1.831940e-12,-1.199400e-05,9.736350e-06,1.832600e-12,3.299950e+00,3.300030e+00,3.300000e+00
mos_tt_res_typ_-40c_3.3v_25MHz_real,1.00,2.513670e-10,IN,IN,-1.142820e-04,2.519570e-04,-2.523450e-10,-1.142820e-04,2.519570e-04,-2.523460e-10,3.299360e+00,3.301400e+00,3.300000e+00
mos_tt_res_typ_-40c_3.3v_25MHz_real,1.15,2.890720e-10,IN,IN,-1.025320e-01,3.300630e-02,2.665240e-04,-1.025320e-01,3.300630e-02,2.665240e-04,2.283650e+00,3.308390e+00,3.247500e+00
mos_tt_res_typ_-40c_3.3v_25MHz_real,1.30,3.267771e-10,TOG,TOG,-1.259710e-01,5.279840e-01,7.044650e-03,-1.259710e-01,5.279840e-01,7.044650e-03,1.489850e+00,3.308250e+00,3.202270e+00
mos_tt_res_typ_-40c_3.3v_25MHz_real,1.45,3.644821e-10,TOG,TOG,-1.223770e-01,2.661800e+00,4.536170e-02,-1.223770e-01,2.661800e+00,4.536170e-02,1.009710e+00,3.308540e+00,3.172950e+00
mos_tt_res_typ_-40c_3.3v_25MHz_real,1.60,4.021872e-10,TOG,TOG,-1.210740e-01,3.182500e+00,7.821720e-02,-1.210740e-01,3.182500e+00,7.821720e-02,6.627450e-01,3.308610e+00,3.150330e+00
mos_tt_res_typ_-40c_3.3v_25MHz_real,1.75,4.398923e-10,TOG,TOG,-1.211420e-01,3.283820e+00,9.464760e-02,-1.211420e-01,3.283820e+00,9.464760e-02,4.890240e-01,3.308580e+00,3.137230e+00
mos_tt_res_typ_-40c_3.3v_25MHz_real,1.90,4.775973e-10,TOG,TOG,-1.213940e-01,3.329060e+00,1.116890e-01,-1.213940e-01,3.329060e+00,1.116890e-01,2.785490e-01,3.308580e+00,3.122360e+00
mos_tt_res_typ_-40c_3.3v_25MHz_real,2.05,5.153023e-10,TOG,TOG,-1.214120e-01,3.334920e+00,1.196310e-01,-1.214120e-01,3.334920e+00,1.196310e-01,2.221420e-01,3.308600e+00,3.115120e+00
mos_tt_res_typ_-40c_3.3v_25MHz_real,2.20,5.530074e-10,TOG,TOG,-1.215010e-01,3.336930e+00,1.263000e-01,-1.215010e-01,3.336930e+00,1.263000e-01,1.712050e-01,3.308600e+00,3.108870e+00
mos_tt_res_typ_-40c_3.3v_25MHz_real,2.35,5.907125e-10,TOG,TOG,-1.215270e-01,3.337620e+00,1.315700e-01,-1.215270e-01,3.337620e+00,1.315700e-01,1.213310e-01,3.308600e+00,3.103850e+00
mos_tt_res_typ_-40c_3.3v_25MHz_real,2.50,6.284175e-10,TOG,TOG,-1.213860e-01,3.337970e+00,1.371560e-01,-1.213860e-01,3.337970e+00,1.371560e-01,8.449030e-02,3.308590e+00,3.098490e+00
mos_tt_res_typ_-40c_3.3v_25MHz_real,10.00,2.513670e-09,TOG,TOG,-1.214670e-01,3.338700e+00,2.973740e-01,-1.214670e-01,3.338700e+00,2.973740e-01,7.918040e-02,3.308610e+00,2.942670e+00
mos_tt_res_typ_-40c_3.3v_25MHz_ideal-0.20,0.25,6.038750e-11,IN,IN,-1.390730e-05,1.211410e-05,-1.338840e-10,-1.390730e-05,1.211410e-05,-1.338840e-10,3.299940e+00,3.300050e+00,3.300000e+00
mos_tt_res_typ_-40c_3.3v_25MHz_ideal-0.20,0.50,1.207750e-10,IN,IN,-1.706010e-05,1.671950e-05,-1.280280e-10,-1.706010e-05,1.671950e-05,-1.280290e-10,3.299940e+00,3.300040e+00,3.300000e+00
mos_tt_res_typ_-40c_3.3v_25MHz_ideal-0.20,1.00,2.415500e-10,IN,IN,-1.395080e-04,2.987270e-04,1.314450e-09,-1.395080e-04,2.987270e-04,1.314450e-09,3.299230e+00,3.301690e+00,3.300000e+00
mos_tt_res_typ_-40c_3.3v_25MHz_ideal-0.20,1.15,2.777825e-10,IN,IN,-1.180070e-01,6.297070e-02,5.491080e-04,-1.180070e-01,6.297070e-02,5.491080e-04,2.129890e+00,3.308960e+00,3.247720e+00
mos_tt_res_typ_-40c_3.3v_25MHz_ideal-0.20,1.30,3.140150e-10,TOG,TOG,-1.418220e-01,1.005980e+00,1.182880e-02,-1.418220e-01,1.005980e+00,1.182880e-02,1.357210e+00,3.308060e+00,3.207020e+00
mos_tt_res_typ_-40c_3.3v_25MHz_ideal-0.20,1.45,3.502475e-10,TOG,TOG,-1.377200e-01,2.955090e+00,5.337900e-02,-1.377200e-01,2.955090e+00,5.337900e-02,8.430600e-01,3.308870e+00,3.180610e+00
mos_tt_res_typ_-40c_3.3v_25MHz_ideal-0.20,1.60,3.864800e-10,TOG,TOG,-1.362100e-01,3.280710e+00,8.510250e-02,-1.362100e-01,3.280710e+00,8.510250e-02,4.181510e-01,3.309210e+00,3.156520e+00
mos_tt_res_typ_-40c_3.3v_25MHz_ideal-0.20,1.75,4.227125e-10,TOG,TOG,-1.361780e-01,3.318620e+00,9.473640e-02,-1.361780e-01,3.318620e+00,9.473640e-02,3.181560e-01,3.309290e+00,3.148290e+00
mos_tt_res_typ_-40c_3.3v_25MHz_ideal-0.20,1.90,4.589450e-10,TOG,TOG,-1.364270e-01,3.337330e+00,1.052310e-01,-1.364270e-01,3.337330e+00,1.052310e-01,2.101220e-01,3.309270e+00,3.138740e+00
mos_tt_res_typ_-40c_3.3v_25MHz_ideal-0.20,2.05,4.951775e-10,TOG,TOG,-1.368020e-01,3.340850e+00,1.108310e-01,-1.368020e-01,3.340850e+00,1.108310e-01,1.658570e-01,3.309150e+00,3.133500e+00
mos_tt_res_typ_-40c_3.3v_25MHz_ideal-0.20,2.20,5.314100e-10,TOG,TOG,-1.369430e-01,3.342820e+00,1.179830e-01,-1.369430e-01,3.342820e+00,1.179830e-01,1.252920e-01,3.309160e+00,3.126710e+00
mos_tt_res_typ_-40c_3.3v_25MHz_ideal-0.20,2.35,5.676425e-10,TOG,TOG,-1.369240e-01,3.343250e+00,1.214010e-01,-1.369240e-01,3.343250e+00,1.214010e-01,9.061770e-02,3.309170e+00,3.123440e+00
mos_tt_res_typ_-40c_3.3v_25MHz_ideal-0.20,2.50,6.038750e-10,TOG,TOG,-1.367500e-01,3.343560e+00,1.258660e-01,-1.367500e-01,3.343560e+00,1.258660e-01,6.563400e-02,3.309180e+00,3.119140e+00
mos_tt_res_typ_-40c_3.3v_25MHz_ideal-0.20,10.00,2.415500e-09,TOG,TOG,-1.367640e-01,3.344440e+00,2.790160e-01,-1.367640e-01,3.344440e+00,2.790160e-01,7.819650e-02,3.309220e+00,2.970180e+00
mos_tt_res_typ_-40c_3.3v_25MHz_ideal0.00,0.25,6.284400e-11,IN,IN,-1.565140e-05,9.636230e-06,2.053570e-10,-1.565140e-05,9.636230e-06,2.053570e-10,3.299950e+00,3.300040e+00,3.300000e+00
mos_tt_res_typ_-40c_3.3v_25MHz_ideal0.00,0.50,1.256880e-10,IN,IN,-1.190500e-05,9.617900e-06,3.894030e-11,-1.190500e-05,9.617900e-06,3.894020e-11,3.299950e+00,3.300030e+00,3.300000e+00
mos_tt_res_typ_-40c_3.3v_25MHz_ideal0.00,1.00,2.513760e-10,IN,IN,-1.148520e-04,2.520490e-04,-2.832430e-10,-1.148520e-04,2.520490e-04,-2.832430e-10,3.299360e+00,3.301400e+00,3.300000e+00
mos_tt_res_typ_-40c_3.3v_25MHz_ideal0.00,1.15,2.890824e-10,IN,IN,-1.025490e-01,3.300690e-02,2.664220e-04,-1.025490e-01,3.300690e-02,2.664220e-04,2.283740e+00,3.308460e+00,3.247500e+00
mos_tt_res_typ_-40c_3.3v_25MHz_ideal0.00,1.30,3.267888e-10,TOG,TOG,-1.259840e-01,5.280190e-01,7.045280e-03,-1.259840e-01,5.280190e-01,7.045280e-03,1.489750e+00,3.308340e+00,3.202260e+00
mos_tt_res_typ_-40c_3.3v_25MHz_ideal0.00,1.45,3.644952e-10,TOG,TOG,-1.223900e-01,2.661860e+00,4.536350e-02,-1.223900e-01,2.661860e+00,4.536350e-02,1.009650e+00,3.308620e+00,3.172950e+00
mos_tt_res_typ_-40c_3.3v_25MHz_ideal0.00,1.60,4.022016e-10,TOG,TOG,-1.210870e-01,3.182560e+00,7.822500e-02,-1.210870e-01,3.182560e+00,7.822500e-02,6.625690e-01,3.308660e+00,3.150320e+00
mos_tt_res_typ_-40c_3.3v_25MHz_ideal0.00,1.75,4.399080e-10,TOG,TOG,-1.211560e-01,3.283850e+00,9.465450e-02,-1.211560e-01,3.283850e+00,9.465450e-02,4.889300e-01,3.308620e+00,3.137220e+00
mos_tt_res_typ_-40c_3.3v_25MHz_ideal0.00,1.90,4.776144e-10,TOG,TOG,-1.214080e-01,3.329070e+00,1.116910e-01,-1.214080e-01,3.329070e+00,1.116910e-01,2.784600e-01,3.308630e+00,3.122360e+00
mos_tt_res_typ_-40c_3.3v_25MHz_ideal0.00,2.05,5.153208e-10,TOG,TOG,-1.214260e-01,3.334920e+00,1.196360e-01,-1.214260e-01,3.334920e+00,1.196360e-01,2.220820e-01,3.308660e+00,3.115110e+00
mos_tt_res_typ_-40c_3.3v_25MHz_ideal0.00,2.20,5.530272e-10,TOG,TOG,-1.215150e-01,3.336930e+00,1.263000e-01,-1.215150e-01,3.336930e+00,1.263000e-01,1.711930e-01,3.308660e+00,3.108870e+00
mos_tt_res_typ_-40c_3.3v_25MHz_ideal0.00,2.35,5.907336e-10,TOG,TOG,-1.215410e-01,3.337620e+00,1.315750e-01,-1.215410e-01,3.337620e+00,1.315750e-01,1.212730e-01,3.308660e+00,3.103840e+00
mos_tt_res_typ_-40c_3.3v_25MHz_ideal0.00,2.50,6.284400e-10,TOG,TOG,-1.214000e-01,3.337970e+00,1.371580e-01,-1.214000e-01,3.337970e+00,1.371580e-01,8.445830e-02,3.308660e+00,3.098490e+00
mos_tt_res_typ_-40c_3.3v_25MHz_ideal0.00,10.00,2.513760e-09,TOG,TOG,-1.214810e-01,3.338720e+00,2.973810e-01,-1.214810e-01,3.338720e+00,2.973810e-01,7.918500e-02,3.308670e+00,2.942660e+00
mos_tt_res_typ_-40c_3.3v_25MHz_ideal0.20,0.25,6.515975e-11,IN,IN,-1.557020e-05,7.922120e-06,2.216080e-10,-1.557020e-05,7.922120e-06,2.216080e-10,3.299950e+00,3.300030e+00,3.300000e+00
mos_tt_res_typ_-40c_3.3v_25MHz_ideal0.20,0.50,1.303195e-10,IN,IN,-9.606780e-06,5.188240e-06,9.415360e-11,-9.606780e-06,5.188240e-06,9.415370e-11,3.299960e+00,3.300020e+00,3.300000e+00
mos_tt_res_typ_-40c_3.3v_25MHz_ideal0.20,1.00,2.606390e-10,IN,IN,-9.538730e-05,2.112550e-04,-7.903120e-12,-9.538730e-05,2.112550e-04,-7.903000e-12,3.299450e+00,3.301190e+00,3.300000e+00
mos_tt_res_typ_-40c_3.3v_25MHz_ideal0.20,1.15,2.997348e-10,IN,IN,-8.682540e-02,1.572720e-02,1.025730e-04,-8.682540e-02,1.572720e-02,1.025730e-04,2.400350e+00,3.307310e+00,3.248290e+00
mos_tt_res_typ_-40c_3.3v_25MHz_ideal0.20,1.30,3.388307e-10,IN,IN,-1.128380e-01,3.175140e-01,4.821970e-03,-1.128380e-01,3.175140e-01,4.821970e-03,1.649130e+00,3.307470e+00,3.198990e+00
mos_tt_res_typ_-40c_3.3v_25MHz_ideal0.20,1.45,3.779265e-10,TOG,TOG,-1.083870e-01,1.667500e+00,2.570170e-02,-1.083870e-01,1.667500e+00,2.570170e-02,1.251610e+00,3.307430e+00,3.171340e+00
mos_tt_res_typ_-40c_3.3v_25MHz_ideal0.20,1.60,4.170224e-10,TOG,TOG,-1.070260e-01,2.928210e+00,6.154360e-02,-1.070260e-01,2.928210e+00,6.154360e-02,9.749530e-01,3.307420e+00,3.149940e+00
mos_tt_res_typ_-40c_3.3v_25MHz_ideal0.20,1.75,4.561182e-10,TOG,TOG,-1.069340e-01,3.233660e+00,9.334060e-02,-1.069340e-01,3.233660e+00,9.334060e-02,5.878670e-01,3.307380e+00,3.126570e+00
mos_tt_res_typ_-40c_3.3v_25MHz_ideal0.20,1.90,4.952141e-10,TOG,TOG,-1.072830e-01,3.304910e+00,1.104350e-01,-1.072830e-01,3.304910e+00,1.104350e-01,4.323070e-01,3.307410e+00,3.112440e+00
mos_tt_res_typ_-40c_3.3v_25MHz_ideal0.20,2.05,5.343099e-10,TOG,TOG,-1.076160e-01,3.328500e+00,1.256240e-01,-1.076160e-01,3.328500e+00,1.256240e-01,2.887190e-01,3.307440e+00,3.099050e+00
mos_tt_res_typ_-40c_3.3v_25MHz_ideal0.20,2.20,5.734058e-10,TOG,TOG,-1.076370e-01,3.331780e+00,1.327720e-01,-1.076370e-01,3.331780e+00,1.327720e-01,2.121840e-01,3.307420e+00,3.092510e+00
mos_tt_res_typ_-40c_3.3v_25MHz_ideal0.20,2.35,6.125017e-10,TOG,TOG,-1.075660e-01,3.333210e+00,1.414020e-01,-1.075660e-01,3.333210e+00,1.414020e-01,1.465810e-01,3.307430e+00,3.084420e+00
mos_tt_res_typ_-40c_3.3v_25MHz_ideal0.20,2.50,6.515975e-10,TOG,TOG,-1.074790e-01,3.333580e+00,1.473150e-01,-1.074790e-01,3.333580e+00,1.473150e-01,1.103570e-01,3.307430e+00,3.078800e+00
mos_tt_res_typ_-40c_3.3v_25MHz_ideal0.20,10.00,2.606390e-09,TOG,TOG,-1.074830e-01,3.334290e+00,3.151900e-01,-1.074830e-01,3.334290e+00,3.151900e-01,8.000700e-02,3.307430e+00,2.915570e+00
mos_tt_res_typ_27c_3.3v_25MHz_real,0.25,7.236325e-11,IN,IN,-1.442100e-05,1.033640e-05,1.847220e-09,-1.442100e-05,1.033640e-05,1.847220e-09,3.299940e+00,3.300040e+00,3.300000e+00
mos_tt_res_typ_27c_3.3v_25MHz_real,0.50,1.447265e-10,IN,IN,-1.057980e-05,1.196200e-05,1.512750e-09,-1.057980e-05,1.196200e-05,1.512750e-09,3.299960e+00,3.300030e+00,3.300000e+00
mos_tt_res_typ_27c_3.3v_25MHz_real,1.00,2.894530e-10,IN,IN,-1.242890e-04,2.676560e-04,2.481300e-09,-1.242890e-04,2.676560e-04,2.481300e-09,3.299350e+00,3.301470e+00,3.300000e+00
mos_tt_res_typ_27c_3.3v_25MHz_real,1.15,3.328709e-10,IN,IN,-1.052700e-01,3.649530e-02,2.829540e-04,-1.052700e-01,3.649530e-02,2.829540e-04,2.334400e+00,3.309020e+00,3.257120e+00
mos_tt_res_typ_27c_3.3v_25MHz_real,1.30,3.762889e-10,TOG,TOG,-1.315320e-01,4.899760e-01,6.690330e-03,-1.315320e-01,4.899760e-01,6.690330e-03,1.604220e+00,3.309310e+00,3.217660e+00
mos_tt_res_typ_27c_3.3v_25MHz_real,1.45,4.197068e-10,TOG,TOG,-1.267670e-01,2.125060e+00,3.334160e-02,-1.267670e-01,2.125060e+00,3.334160e-02,1.147540e+00,3.309360e+00,3.194790e+00
mos_tt_res_typ_27c_3.3v_25MHz_real,1.60,4.631248e-10,TOG,TOG,-1.247960e-01,3.087730e+00,6.863140e-02,-1.247960e-01,3.087730e+00,6.863140e-02,7.699780e-01,3.309310e+00,3.173350e+00
mos_tt_res_typ_27c_3.3v_25MHz_real,1.75,5.065428e-10,TOG,TOG,-1.244130e-01,3.235720e+00,8.505200e-02,-1.244130e-01,3.235720e+00,8.505200e-02,5.262320e-01,3.309160e+00,3.160710e+00
mos_tt_res_typ_27c_3.3v_25MHz_real,1.90,5.499607e-10,TOG,TOG,-1.246190e-01,3.309510e+00,9.984990e-02,-1.246190e-01,3.309510e+00,9.984990e-02,3.580420e-01,3.309160e+00,3.148270e+00
mos_tt_res_typ_27c_3.3v_25MHz_real,2.05,5.933786e-10,TOG,TOG,-1.254120e-01,3.332500e+00,1.090120e-01,-1.254120e-01,3.332500e+00,1.090120e-01,2.713210e-01,3.309310e+00,3.140160e+00
mos_tt_res_typ_27c_3.3v_25MHz_real,2.20,6.367966e-10,TOG,TOG,-1.256620e-01,3.342630e+00,1.170560e-01,-1.256620e-01,3.342630e+00,1.170560e-01,2.147040e-01,3.309320e+00,3.132830e+00
mos_tt_res_typ_27c_3.3v_25MHz_real,2.35,6.802145e-10,TOG,TOG,-1.255410e-01,3.346480e+00,1.234430e-01,-1.255410e-01,3.346480e+00,1.234430e-01,1.750560e-01,3.309320e+00,3.126870e+00
mos_tt_res_typ_27c_3.3v_25MHz_real,2.50,7.236325e-10,TOG,TOG,-1.253730e-01,3.348050e+00,1.284730e-01,-1.253730e-01,3.348050e+00,1.284730e-01,1.497790e-01,3.309310e+00,3.122120e+00
mos_tt_res_typ_27c_3.3v_25MHz_real,10.00,2.894530e-09,TOG,TOG,-1.254530e-01,3.349940e+00,3.123940e-01,-1.254530e-01,3.349940e+00,3.123940e-01,1.228250e-01,3.309320e+00,2.945780e+00
mos_tt_res_typ_27c_3.3v_25MHz_ideal-0.20,0.25,6.954950e-11,IN,IN,-1.878220e-05,1.306130e-05,1.791540e-09,-1.878220e-05,1.306130e-05,1.791540e-09,3.299920e+00,3.300050e+00,3.300000e+00
mos_tt_res_typ_27c_3.3v_25MHz_ideal-0.20,0.50,1.390990e-10,IN,IN,-1.543820e-05,8.938880e-06,2.094850e-09,-1.543820e-05,8.938880e-06,2.094850e-09,3.299940e+00,3.300050e+00,3.300000e+00
mos_tt_res_typ_27c_3.3v_25MHz_ideal-0.20,1.00,2.781980e-10,IN,IN,-1.444940e-04,3.216530e-04,2.593970e-09,-1.444940e-04,3.216530e-04,2.593970e-09,3.299210e+00,3.301770e+00,3.300000e+00
mos_tt_res_typ_27c_3.3v_25MHz_ideal-0.20,1.15,3.199277e-10,IN,IN,-1.215100e-01,5.640870e-02,4.522410e-04,-1.215100e-01,5.640870e-02,4.522410e-04,2.250010e+00,3.309760e+00,3.258680e+00
mos_tt_res_typ_27c_3.3v_25MHz_ideal-0.20,1.30,3.616574e-10,TOG,TOG,-1.431640e-01,1.030000e+00,1.267000e-02,-1.431640e-01,1.030000e+00,1.267000e-02,1.405110e+00,3.310090e+00,3.218730e+00
mos_tt_res_typ_27c_3.3v_25MHz_ideal-0.20,1.45,4.033871e-10,TOG,TOG,-1.393160e-01,2.811130e+00,4.774470e-02,-1.393160e-01,2.811130e+00,4.774470e-02,9.449270e-01,3.310150e+00,3.197730e+00
mos_tt_res_typ_27c_3.3v_25MHz_ideal-0.20,1.60,4.451168e-10,TOG,TOG,-1.389990e-01,3.194990e+00,7.267710e-02,-1.389990e-01,3.194990e+00,7.267710e-02,5.787640e-01,3.309970e+00,3.180220e+00
mos_tt_res_typ_27c_3.3v_25MHz_ideal-0.20,1.75,4.868465e-10,TOG,TOG,-1.396850e-01,3.286930e+00,8.539190e-02,-1.396850e-01,3.286930e+00,8.539190e-02,3.731220e-01,3.309710e+00,3.169780e+00
mos_tt_res_typ_27c_3.3v_25MHz_ideal-0.20,1.90,5.285762e-10,TOG,TOG,-1.401960e-01,3.328720e+00,9.580770e-02,-1.401960e-01,3.328720e+00,9.580770e-02,2.658490e-01,3.309650e+00,3.160660e+00
mos_tt_res_typ_27c_3.3v_25MHz_ideal-0.20,2.05,5.703059e-10,TOG,TOG,-1.394300e-01,3.343660e+00,1.029340e-01,-1.394300e-01,3.343660e+00,1.029340e-01,2.143650e-01,3.309910e+00,3.154180e+00
mos_tt_res_typ_27c_3.3v_25MHz_ideal-0.20,2.20,6.120356e-10,TOG,TOG,-1.389960e-01,3.350730e+00,1.093750e-01,-1.389960e-01,3.350730e+00,1.093750e-01,1.721430e-01,3.309980e+00,3.148210e+00
mos_tt_res_typ_27c_3.3v_25MHz_ideal-0.20,2.35,6.537653e-10,TOG,TOG,-1.392560e-01,3.353720e+00,1.146100e-01,-1.392560e-01,3.353720e+00,1.146100e-01,1.436810e-01,3.309960e+00,3.143280e+00
mos_tt_res_typ_27c_3.3v_25MHz_ideal-0.20,2.50,6.954950e-10,TOG,TOG,-1.392600e-01,3.355080e+00,1.189650e-01,-1.392600e-01,3.355080e+00,1.189650e-01,1.285510e-01,3.309950e+00,3.139130e+00
mos_tt_res_typ_27c_3.3v_25MHz_ideal-0.20,10.00,2.781980e-09,TOG,TOG,-1.392620e-01,3.356970e+00,2.946910e-01,-1.392620e-01,3.356970e+00,2.946910e-01,1.216980e-01,3.309940e+00,2.970600e+00
mos_tt_res_typ_27c_3.3v_25MHz_ideal0.00,0.25,7.236575e-11,IN,IN,-1.442910e-05,1.034710e-05,1.862590e-09,-1.442910e-05,1.034710e-05,1.862590e-09,3.299940e+00,3.300040e+00,3.300000e+00
mos_tt_res_typ_27c_3.3v_25MHz_ideal0.00,0.50,1.447315e-10,IN,IN,-1.054980e-05,1.192320e-05,1.557460e-09,-1.054980e-05,1.192320e-05,1.557460e-09,3.299960e+00,3.300030e+00,3.300000e+00
mos_tt_res_typ_27c_3.3v_25MHz_ideal0.00,1.00,2.894630e-10,IN,IN,-1.242020e-04,2.677530e-04,2.456210e-09,-1.242020e-04,2.677530e-04,2.456210e-09,3.299350e+00,3.301480e+00,3.300000e+00
mos_tt_res_typ_27c_3.3v_25MHz_ideal0.00,1.15,3.328824e-10,IN,IN,-1.052910e-01,3.648780e-02,2.829150e-04,-1.052910e-01,3.648780e-02,2.829150e-04,2.334390e+00,3.309060e+00,3.257120e+00
mos_tt_res_typ_27c_3.3v_25MHz_ideal0.00,1.30,3.763019e-10,TOG,TOG,-1.315310e-01,4.899410e-01,6.689960e-03,-1.315310e-01,4.899410e-01,6.689960e-03,1.604180e+00,3.309330e+00,3.217660e+00
mos_tt_res_typ_27c_3.3v_25MHz_ideal0.00,1.45,4.197213e-10,TOG,TOG,-1.267680e-01,2.125280e+00,3.334620e-02,-1.267680e-01,2.125280e+00,3.334620e-02,1.147470e+00,3.309400e+00,3.194790e+00
mos_tt_res_typ_27c_3.3v_25MHz_ideal0.00,1.60,4.631408e-10,TOG,TOG,-1.247970e-01,3.087790e+00,6.863530e-02,-1.247970e-01,3.087790e+00,6.863530e-02,7.698460e-01,3.309340e+00,3.173350e+00
mos_tt_res_typ_27c_3.3v_25MHz_ideal0.00,1.75,5.065602e-10,TOG,TOG,-1.244150e-01,3.235750e+00,8.505610e-02,-1.244150e-01,3.235750e+00,8.505610e-02,5.260680e-01,3.309190e+00,3.160710e+00
mos_tt_res_typ_27c_3.3v_25MHz_ideal0.00,1.90,5.499797e-10,TOG,TOG,-1.246210e-01,3.309520e+00,9.985270e-02,-1.246210e-01,3.309520e+00,9.985270e-02,3.578660e-01,3.309190e+00,3.148270e+00
mos_tt_res_typ_27c_3.3v_25MHz_ideal0.00,2.05,5.933991e-10,TOG,TOG,-1.254140e-01,3.332510e+00,1.090160e-01,-1.254140e-01,3.332510e+00,1.090160e-01,2.712370e-01,3.309340e+00,3.140160e+00
mos_tt_res_typ_27c_3.3v_25MHz_ideal0.00,2.20,6.368186e-10,TOG,TOG,-1.256640e-01,3.342630e+00,1.170590e-01,-1.256640e-01,3.342630e+00,1.170590e-01,2.146160e-01,3.309350e+00,3.132830e+00
mos_tt_res_typ_27c_3.3v_25MHz_ideal0.00,2.35,6.802380e-10,TOG,TOG,-1.255430e-01,3.346480e+00,1.234460e-01,-1.255430e-01,3.346480e+00,1.234460e-01,1.749850e-01,3.309350e+00,3.126870e+00
mos_tt_res_typ_27c_3.3v_25MHz_ideal0.00,2.50,7.236575e-10,TOG,TOG,-1.253740e-01,3.348050e+00,1.284740e-01,-1.253740e-01,3.348050e+00,1.284740e-01,1.496960e-01,3.309350e+00,3.122120e+00
mos_tt_res_typ_27c_3.3v_25MHz_ideal0.00,10.00,2.894630e-09,TOG,TOG,-1.254540e-01,3.349930e+00,3.124020e-01,-1.254540e-01,3.349930e+00,3.124020e-01,1.228310e-01,3.309350e+00,2.945770e+00
mos_tt_res_typ_27c_3.3v_25MHz_ideal0.20,0.25,7.501825e-11,IN,IN,-1.171840e-05,8.386280e-06,1.901570e-09,-1.171840e-05,8.386280e-06,1.901570e-09,3.299950e+00,3.300030e+00,3.300000e+00
mos_tt_res_typ_27c_3.3v_25MHz_ideal0.20,0.50,1.500365e-10,IN,IN,-1.086430e-05,7.772750e-06,1.516640e-09,-1.086430e-05,7.772750e-06,1.516640e-09,3.299950e+00,3.300020e+00,3.300000e+00
mos_tt_res_typ_27c_3.3v_25MHz_ideal0.20,1.00,3.000730e-10,IN,IN,-9.965490e-05,2.195410e-04,1.126350e-09,-9.965490e-05,2.195410e-04,1.126350e-09,3.299440e+00,3.301220e+00,3.300000e+00
mos_tt_res_typ_27c_3.3v_25MHz_ideal0.20,1.15,3.450839e-10,IN,IN,-9.002320e-02,1.817030e-02,1.224060e-04,-9.002320e-02,1.817030e-02,1.224060e-04,2.469370e+00,3.307090e+00,3.257810e+00
mos_tt_res_typ_27c_3.3v_25MHz_ideal0.20,1.30,3.900949e-10,TOG,TOG,-1.223270e-01,3.626680e-01,5.442330e-03,-1.223270e-01,3.626680e-01,5.442330e-03,1.662440e+00,3.306960e+00,3.213040e+00
mos_tt_res_typ_27c_3.3v_25MHz_ideal0.20,1.45,4.351058e-10,TOG,TOG,-1.184050e-01,1.602090e+00,2.505170e-02,-1.184050e-01,1.602090e+00,2.505170e-02,1.259170e+00,3.307250e+00,3.188900e+00
mos_tt_res_typ_27c_3.3v_25MHz_ideal0.20,1.60,4.801168e-10,TOG,TOG,-1.167600e-01,2.906400e+00,6.070130e-02,-1.167600e-01,2.906400e+00,6.070130e-02,9.233370e-01,3.307510e+00,3.168340e+00
mos_tt_res_typ_27c_3.3v_25MHz_ideal0.20,1.75,5.251278e-10,TOG,TOG,-1.167100e-01,3.175350e+00,8.369840e-02,-1.167100e-01,3.175350e+00,8.369840e-02,6.671290e-01,3.307570e+00,3.151890e+00
mos_tt_res_typ_27c_3.3v_25MHz_ideal0.20,1.90,5.701387e-10,TOG,TOG,-1.170080e-01,3.277060e+00,1.004390e-01,-1.170080e-01,3.277060e+00,1.004390e-01,4.649460e-01,3.307510e+00,3.138450e+00
mos_tt_res_typ_27c_3.3v_25MHz_ideal0.20,2.05,6.151496e-10,TOG,TOG,-1.172480e-01,3.320300e+00,1.138360e-01,-1.172480e-01,3.320300e+00,1.138360e-01,3.413100e-01,3.307410e+00,3.126960e+00
mos_tt_res_typ_27c_3.3v_25MHz_ideal0.20,2.20,6.601606e-10,TOG,TOG,-1.173330e-01,3.334450e+00,1.230050e-01,-1.173330e-01,3.334450e+00,1.230050e-01,2.696150e-01,3.307440e+00,3.118770e+00
mos_tt_res_typ_27c_3.3v_25MHz_ideal0.20,2.35,7.051716e-10,TOG,TOG,-1.173250e-01,3.340180e+00,1.309040e-01,-1.173250e-01,3.340180e+00,1.309040e-01,2.169480e-01,3.307450e+00,3.111520e+00
mos_tt_res_typ_27c_3.3v_25MHz_ideal0.20,2.50,7.501825e-10,TOG,TOG,-1.171830e-01,3.342280e+00,1.369040e-01,-1.171830e-01,3.342280e+00,1.369040e-01,1.791230e-01,3.307440e+00,3.105910e+00
mos_tt_res_typ_27c_3.3v_25MHz_ideal0.20,10.00,3.000730e-09,TOG,TOG,-1.172430e-01,3.344440e+00,3.293980e-01,-1.172430e-01,3.344440e+00,3.293980e-01,1.237550e-01,3.307450e+00,2.921430e+00
mos_tt_res_typ_125c_3.3v_25MHz_real,0.25,8.816500e-11,IN,IN,-1.110760e-05,1.082720e-05,4.010080e-07,-1.110760e-05,1.082720e-05,4.010080e-07,3.299940e+00,3.300040e+00,3.300000e+00
mos_tt_res_typ_125c_3.3v_25MHz_real,0.50,1.763300e-10,IN,IN,-9.515280e-06,7.026620e-06,4.004250e-07,-9.515280e-06,7.026620e-06,4.004250e-07,3.299950e+00,3.300030e+00,3.300000e+00
mos_tt_res_typ_125c_3.3v_25MHz_real,1.00,3.526600e-10,IN,IN,-1.291520e-04,2.832580e-04,4.012150e-07,-1.291520e-04,2.832580e-04,4.012150e-07,3.299350e+00,3.301580e+00,3.300000e+00
mos_tt_res_typ_125c_3.3v_25MHz_real,1.15,4.055590e-10,IN,IN,-9.476310e-02,3.092730e-02,2.517420e-04,-9.476310e-02,3.092730e-02,2.517420e-04,2.482030e+00,3.306250e+00,3.270400e+00
mos_tt_res_typ_125c_3.3v_25MHz_real,1.30,4.584580e-10,TOG,TOG,-1.379770e-01,5.340390e-01,7.364610e-03,-1.379770e-01,5.340390e-01,7.364610e-03,1.597620e+00,3.307270e+00,3.233720e+00
mos_tt_res_typ_125c_3.3v_25MHz_real,1.45,5.113570e-10,TOG,TOG,-1.343760e-01,1.933620e+00,3.012190e-02,-1.343760e-01,1.933620e+00,3.012190e-02,1.168660e+00,3.306760e+00,3.213990e+00
mos_tt_res_typ_125c_3.3v_25MHz_real,1.60,5.642560e-10,TOG,TOG,-1.325560e-01,2.893680e+00,5.657180e-02,-1.325560e-01,2.893680e+00,5.657180e-02,8.684950e-01,3.306210e+00,3.199440e+00
mos_tt_res_typ_125c_3.3v_25MHz_real,1.75,6.171550e-10,TOG,TOG,-1.323260e-01,3.136960e+00,7.288980e-02,-1.323260e-01,3.136960e+00,7.288980e-02,6.518280e-01,3.305770e+00,3.187820e+00
mos_tt_res_typ_125c_3.3v_25MHz_real,1.90,6.700540e-10,TOG,TOG,-1.324340e-01,3.249050e+00,8.577470e-02,-1.324340e-01,3.249050e+00,8.577470e-02,5.096900e-01,3.305670e+00,3.177540e+00
mos_tt_res_typ_125c_3.3v_25MHz_real,2.05,7.229530e-10,TOG,TOG,-1.327430e-01,3.299440e+00,9.476180e-02,-1.327430e-01,3.299440e+00,9.476180e-02,4.218670e-01,3.306070e+00,3.169960e+00
mos_tt_res_typ_125c_3.3v_25MHz_real,2.20,7.758520e-10,TOG,TOG,-1.330190e-01,3.329060e+00,1.029420e-01,-1.330190e-01,3.329060e+00,1.029420e-01,3.598100e-01,3.306220e+00,3.162850e+00
mos_tt_res_typ_125c_3.3v_25MHz_real,2.35,8.287510e-10,TOG,TOG,-1.330850e-01,3.344850e+00,1.097750e-01,-1.330850e-01,3.344850e+00,1.097750e-01,3.146490e-01,3.306170e+00,3.156790e+00
mos_tt_res_typ_125c_3.3v_25MHz_real,2.50,8.816500e-10,TOG,TOG,-1.329270e-01,3.353740e+00,1.159010e-01,-1.329270e-01,3.353740e+00,1.159010e-01,2.806090e-01,3.306160e+00,3.151260e+00
mos_tt_res_typ_125c_3.3v_25MHz_real,10.00,3.526600e-09,TOG,TOG,-1.329410e-01,3.366590e+00,3.391700e-01,-1.329410e-01,3.366590e+00,3.391700e-01,2.215340e-01,3.306160e+00,2.943850e+00
mos_tt_res_typ_125c_3.3v_25MHz_ideal-0.20,0.25,8.480150e-11,IN,IN,-1.041800e-05,1.326750e-05,4.009290e-07,-1.041800e-05,1.326750e-05,4.009290e-07,3.299940e+00,3.300050e+00,3.300000e+00
mos_tt_res_typ_125c_3.3v_25MHz_ideal-0.20,0.50,1.696030e-10,IN,IN,-1.103700e-05,8.589880e-06,4.005190e-07,-1.103700e-05,8.589880e-06,4.005190e-07,3.299940e+00,3.300030e+00,3.300000e+00
mos_tt_res_typ_125c_3.3v_25MHz_ideal-0.20,1.00,3.392060e-10,IN,IN,-1.533310e-04,3.346770e-04,4.019540e-07,-1.533310e-04,3.346770e-04,4.019540e-07,3.299220e+00,3.301890e+00,3.300000e+00
mos_tt_res_typ_125c_3.3v_25MHz_ideal-0.20,1.15,3.900869e-10,IN,IN,-1.130560e-01,5.504320e-02,4.838250e-04,-1.130560e-01,5.504320e-02,4.838250e-04,2.350690e+00,3.308350e+00,3.269580e+00
mos_tt_res_typ_125c_3.3v_25MHz_ideal-0.20,1.30,4.409678e-10,TOG,TOG,-1.535470e-01,9.068280e-01,1.146680e-02,-1.535470e-01,9.068280e-01,1.146680e-02,1.427070e+00,3.308330e+00,3.234930e+00
mos_tt_res_typ_125c_3.3v_25MHz_ideal-0.20,1.45,4.918487e-10,TOG,TOG,-1.496580e-01,2.543000e+00,4.048710e-02,-1.496580e-01,2.543000e+00,4.048710e-02,9.770430e-01,3.308380e+00,3.217180e+00
mos_tt_res_typ_125c_3.3v_25MHz_ideal-0.20,1.60,5.427296e-10,TOG,TOG,-1.475570e-01,3.058880e+00,6.101290e-02,-1.475570e-01,3.058880e+00,6.101290e-02,6.885170e-01,3.308570e+00,3.204310e+00
mos_tt_res_typ_125c_3.3v_25MHz_ideal-0.20,1.75,5.936105e-10,TOG,TOG,-1.469590e-01,3.213420e+00,7.390480e-02,-1.469590e-01,3.213420e+00,7.390480e-02,5.091850e-01,3.308640e+00,3.194350e+00
mos_tt_res_typ_125c_3.3v_25MHz_ideal-0.20,1.90,6.444914e-10,TOG,TOG,-1.467670e-01,3.283810e+00,8.316430e-02,-1.467670e-01,3.283810e+00,8.316430e-02,4.163440e-01,3.308620e+00,3.186640e+00
mos_tt_res_typ_125c_3.3v_25MHz_ideal-0.20,2.05,6.953723e-10,TOG,TOG,-1.471840e-01,3.322810e+00,9.093550e-02,-1.471840e-01,3.322810e+00,9.093550e-02,3.553480e-01,3.308600e+00,3.179920e+00
mos_tt_res_typ_125c_3.3v_25MHz_ideal-0.20,2.20,7.462532e-10,TOG,TOG,-1.478130e-01,3.345170e+00,9.784260e-02,-1.478130e-01,3.345170e+00,9.784260e-02,3.112380e-01,3.308580e+00,3.173800e+00
mos_tt_res_typ_125c_3.3v_25MHz_ideal-0.20,2.35,7.971341e-10,TOG,TOG,-1.479720e-01,3.356850e+00,1.035350e-01,-1.479720e-01,3.356850e+00,1.035350e-01,2.783260e-01,3.308590e+00,3.168680e+00
mos_tt_res_typ_125c_3.3v_25MHz_ideal-0.20,2.50,8.480150e-10,TOG,TOG,-1.477460e-01,3.363830e+00,1.089320e-01,-1.477460e-01,3.363830e+00,1.089320e-01,2.524720e-01,3.308600e+00,3.163760e+00
mos_tt_res_typ_125c_3.3v_25MHz_ideal-0.20,10.00,3.392060e-09,TOG,TOG,-1.477470e-01,3.373880e+00,3.225650e-01,-1.477470e-01,3.373880e+00,3.225650e-01,2.205190e-01,3.308590e+00,2.965210e+00
mos_tt_res_typ_125c_3.3v_25MHz_ideal0.00,0.25,8.817000e-11,IN,IN,-1.112780e-05,1.082660e-05,4.010150e-07,-1.112780e-05,1.082660e-05,4.010150e-07,3.299940e+00,3.300040e+00,3.300000e+00
mos_tt_res_typ_125c_3.3v_25MHz_ideal0.00,0.50,1.763400e-10,IN,IN,-9.510090e-06,7.020130e-06,4.004380e-07,-9.510090e-06,7.020130e-06,4.004380e-07,3.299950e+00,3.300030e+00,3.300000e+00
mos_tt_res_typ_125c_3.3v_25MHz_ideal0.00,1.00,3.526800e-10,IN,IN,-1.291430e-04,2.833440e-04,4.012370e-07,-1.291430e-04,2.833440e-04,4.012370e-07,3.299350e+00,3.301580e+00,3.300000e+00
mos_tt_res_typ_125c_3.3v_25MHz_ideal0.00,1.15,4.055820e-10,IN,IN,-9.479010e-02,3.095930e-02,2.521000e-04,-9.479010e-02,3.095930e-02,2.521000e-04,2.481780e+00,3.306260e+00,3.270390e+00
mos_tt_res_typ_125c_3.3v_25MHz_ideal0.00,1.30,4.584840e-10,TOG,TOG,-1.379790e-01,5.342210e-01,7.366960e-03,-1.379790e-01,5.342210e-01,7.366960e-03,1.597460e+00,3.307280e+00,3.233710e+00
mos_tt_res_typ_125c_3.3v_25MHz_ideal0.00,1.45,5.113860e-10,TOG,TOG,-1.343760e-01,1.934240e+00,3.013380e-02,-1.343760e-01,1.934240e+00,3.013380e-02,1.168510e+00,3.306770e+00,3.213990e+00
mos_tt_res_typ_125c_3.3v_25MHz_ideal0.00,1.60,5.642880e-10,TOG,TOG,-1.325560e-01,2.893870e+00,5.658060e-02,-1.325560e-01,2.893870e+00,5.658060e-02,8.683420e-01,3.306220e+00,3.199440e+00
mos_tt_res_typ_125c_3.3v_25MHz_ideal0.00,1.75,6.171900e-10,TOG,TOG,-1.323250e-01,3.137040e+00,7.289640e-02,-1.323250e-01,3.137040e+00,7.289640e-02,6.516760e-01,3.305780e+00,3.187820e+00
mos_tt_res_typ_125c_3.3v_25MHz_ideal0.00,1.90,6.700920e-10,TOG,TOG,-1.324340e-01,3.249100e+00,8.578170e-02,-1.324340e-01,3.249100e+00,8.578170e-02,5.096430e-01,3.305680e+00,3.177530e+00
mos_tt_res_typ_125c_3.3v_25MHz_ideal0.00,2.05,7.229940e-10,TOG,TOG,-1.327430e-01,3.299470e+00,9.476780e-02,-1.327430e-01,3.299470e+00,9.476780e-02,4.217520e-01,3.306080e+00,3.169950e+00
mos_tt_res_typ_125c_3.3v_25MHz_ideal0.00,2.20,7.758960e-10,TOG,TOG,-1.330190e-01,3.329080e+00,1.029470e-01,-1.330190e-01,3.329080e+00,1.029470e-01,3.597510e-01,3.306220e+00,3.162850e+00
mos_tt_res_typ_125c_3.3v_25MHz_ideal0.00,2.35,8.287980e-10,TOG,TOG,-1.330850e-01,3.344860e+00,1.097790e-01,-1.330850e-01,3.344860e+00,1.097790e-01,3.145880e-01,3.306180e+00,3.156780e+00
mos_tt_res_typ_125c_3.3v_25MHz_ideal0.00,2.50,8.817000e-10,TOG,TOG,-1.329270e-01,3.353750e+00,1.159050e-01,-1.329270e-01,3.353750e+00,1.159050e-01,2.805590e-01,3.306170e+00,3.151250e+00
mos_tt_res_typ_125c_3.3v_25MHz_ideal0.00,10.00,3.526800e-09,TOG,TOG,-1.329410e-01,3.366580e+00,3.391850e-01,-1.329410e-01,3.366580e+00,3.391850e-01,2.215360e-01,3.306170e+00,2.943830e+00
mos_tt_res_typ_125c_3.3v_25MHz_ideal0.20,0.25,9.142900e-11,IN,IN,-9.796710e-06,8.774180e-06,4.010390e-07,-9.796710e-06,8.774180e-06,4.010390e-07,3.299950e+00,3.300030e+00,3.300000e+00
mos_tt_res_typ_125c_3.3v_25MHz_ideal0.20,0.50,1.828580e-10,IN,IN,-8.268200e-06,5.462830e-06,4.006180e-07,-8.268200e-06,5.462830e-06,4.006180e-07,3.299960e+00,3.300020e+00,3.300000e+00
mos_tt_res_typ_125c_3.3v_25MHz_ideal0.20,1.00,3.657160e-10,IN,IN,-1.124580e-04,2.455090e-04,4.011080e-07,-1.124580e-04,2.455090e-04,4.011080e-07,3.299460e+00,3.301360e+00,3.300000e+00
mos_tt_res_typ_125c_3.3v_25MHz_ideal0.20,1.15,4.205734e-10,IN,IN,-8.829580e-02,2.043210e-02,1.582460e-04,-8.829580e-02,2.043210e-02,1.582460e-04,2.562610e+00,3.306700e+00,3.270000e+00
mos_tt_res_typ_125c_3.3v_25MHz_ideal0.20,1.30,4.754308e-10,TOG,TOG,-1.245410e-01,3.425780e-01,5.129460e-03,-1.245410e-01,3.425780e-01,5.129460e-03,1.767530e+00,3.307470e+00,3.233400e+00
mos_tt_res_typ_125c_3.3v_25MHz_ideal0.20,1.45,5.302882e-10,TOG,TOG,-1.218330e-01,1.331640e+00,2.063610e-02,-1.218330e-01,1.331640e+00,2.063610e-02,1.336000e+00,3.306940e+00,3.211650e+00
mos_tt_res_typ_125c_3.3v_25MHz_ideal0.20,1.60,5.851456e-10,TOG,TOG,-1.203500e-01,2.626410e+00,4.967290e-02,-1.203500e-01,2.626410e+00,4.967290e-02,1.031040e+00,3.307150e+00,3.195280e+00
mos_tt_res_typ_125c_3.3v_25MHz_ideal0.20,1.75,6.400030e-10,TOG,TOG,-1.203320e-01,3.039060e+00,7.026050e-02,-1.203320e-01,3.039060e+00,7.026050e-02,7.925110e-01,3.307330e+00,3.182110e+00
mos_tt_res_typ_125c_3.3v_25MHz_ideal0.20,1.90,6.948604e-10,TOG,TOG,-1.205950e-01,3.196680e+00,8.568990e-02,-1.205950e-01,3.196680e+00,8.568990e-02,6.137860e-01,3.307300e+00,3.170410e+00
mos_tt_res_typ_125c_3.3v_25MHz_ideal0.20,2.05,7.497178e-10,TOG,TOG,-1.206420e-01,3.272070e+00,9.745000e-02,-1.206420e-01,3.272070e+00,9.745000e-02,4.952010e-01,3.307100e+00,3.160820e+00
mos_tt_res_typ_125c_3.3v_25MHz_ideal0.20,2.20,8.045752e-10,TOG,TOG,-1.206970e-01,3.311810e+00,1.070810e-01,-1.206970e-01,3.311810e+00,1.070810e-01,4.165780e-01,3.307110e+00,3.152640e+00
mos_tt_res_typ_125c_3.3v_25MHz_ideal0.20,2.35,8.594326e-10,TOG,TOG,-1.207790e-01,3.332940e+00,1.151500e-01,-1.207790e-01,3.332940e+00,1.151500e-01,3.583480e-01,3.307120e+00,3.145600e+00
mos_tt_res_typ_125c_3.3v_25MHz_ideal0.20,2.50,9.142900e-10,TOG,TOG,-1.206670e-01,3.344370e+00,1.221600e-01,-1.206670e-01,3.344370e+00,1.221600e-01,3.140980e-01,3.307120e+00,3.139350e+00
mos_tt_res_typ_125c_3.3v_25MHz_ideal0.20,10.00,3.657160e-09,TOG,TOG,-1.206760e-01,3.360150e+00,3.555100e-01,-1.206760e-01,3.360150e+00,3.555100e-01,2.223560e-01,3.307120e+00,2.922730e+00
mos_ss_res_wcs_-40c_3.3v_25MHz_real,0.25,7.110625e-11,IN,IN,-1.199060e-05,8.829700e-06,1.455780e-10,-1.199060e-05,8.829700e-06,1.455770e-10,3.299950e+00,3.300030e+00,3.300000e+00
mos_ss_res_wcs_-40c_3.3v_25MHz_real,0.50,1.422125e-10,IN,IN,-1.279980e-05,9.175770e-06,-1.199230e-10,-1.279980e-05,9.175770e-06,-1.199230e-10,3.299950e+00,3.300030e+00,3.300000e+00
mos_ss_res_wcs_-40c_3.3v_25MHz_real,1.00,2.844250e-10,IN,IN,-6.791960e-05,1.655600e-04,1.711560e-10,-6.791960e-05,1.655600e-04,1.711560e-10,3.299460e+00,3.300830e+00,3.300000e+00
mos_ss_res_wcs_-40c_3.3v_25MHz_real,1.15,3.270887e-10,IN,IN,-7.126580e-02,4.260600e-03,3.831690e-06,-7.126580e-02,4.260600e-03,3.831690e-06,2.522290e+00,3.308930e+00,3.252570e+00
mos_ss_res_wcs_-40c_3.3v_25MHz_real,1.30,3.697525e-10,TOG,TOG,-1.198590e-01,4.432300e-01,6.637050e-03,-1.198590e-01,4.432300e-01,6.637050e-03,1.517330e+00,3.308630e+00,3.182270e+00
mos_ss_res_wcs_-40c_3.3v_25MHz_real,1.45,4.124162e-10,TOG,TOG,-1.146260e-01,2.725760e+00,5.463690e-02,-1.146260e-01,2.725760e+00,5.463690e-02,1.026820e+00,3.308600e+00,3.145180e+00
mos_ss_res_wcs_-40c_3.3v_25MHz_real,1.60,4.550800e-10,TOG,TOG,-1.126900e-01,3.074540e+00,7.807610e-02,-1.126900e-01,3.074540e+00,7.807610e-02,8.371690e-01,3.309100e+00,3.129920e+00
mos_ss_res_wcs_-40c_3.3v_25MHz_real,1.75,4.977437e-10,TOG,TOG,-1.125320e-01,3.298940e+00,1.160960e-01,-1.125320e-01,3.298940e+00,1.160960e-01,4.270270e-01,3.309290e+00,3.100460e+00
mos_ss_res_wcs_-40c_3.3v_25MHz_real,1.90,5.404075e-10,TOG,TOG,-1.129050e-01,3.325820e+00,1.300200e-01,-1.129050e-01,3.325820e+00,1.300200e-01,2.773730e-01,3.309180e+00,3.088390e+00
mos_ss_res_wcs_-40c_3.3v_25MHz_real,2.05,5.830712e-10,TOG,TOG,-1.133000e-01,3.334580e+00,1.440610e-01,-1.133000e-01,3.334580e+00,1.440610e-01,1.801310e-01,3.308950e+00,3.075660e+00
mos_ss_res_wcs_-40c_3.3v_25MHz_real,2.20,6.257350e-10,TOG,TOG,-1.133730e-01,3.336190e+00,1.527660e-01,-1.133730e-01,3.336190e+00,1.527660e-01,1.250110e-01,3.308980e+00,3.067510e+00
mos_ss_res_wcs_-40c_3.3v_25MHz_real,2.35,6.683988e-10,TOG,TOG,-1.133310e-01,3.336810e+00,1.595790e-01,-1.133310e-01,3.336810e+00,1.595790e-01,9.151530e-02,3.309000e+00,3.061010e+00
mos_ss_res_wcs_-40c_3.3v_25MHz_real,2.50,7.110625e-10,TOG,TOG,-1.131870e-01,3.337210e+00,1.654580e-01,-1.131870e-01,3.337210e+00,1.654580e-01,7.134140e-02,3.308990e+00,3.055350e+00
mos_ss_res_wcs_-40c_3.3v_25MHz_real,10.00,2.844250e-09,TOG,TOG,-1.132150e-01,3.338320e+00,3.450250e-01,-1.132150e-01,3.338320e+00,3.450250e-01,5.085920e-02,3.309070e+00,2.880010e+00
mos_ss_res_wcs_-40c_3.3v_25MHz_ideal-0.20,0.25,6.822950e-11,IN,IN,-1.882550e-05,1.116740e-05,-1.505400e-10,-1.882550e-05,1.116740e-05,-1.505400e-10,3.299930e+00,3.300040e+00,3.300000e+00
mos_ss_res_wcs_-40c_3.3v_25MHz_ideal-0.20,0.50,1.364590e-10,IN,IN,-1.589010e-05,1.626400e-05,-6.528720e-10,-1.589010e-05,1.626400e-05,-6.528720e-10,3.299950e+00,3.300050e+00,3.300000e+00
mos_ss_res_wcs_-40c_3.3v_25MHz_ideal-0.20,1.00,2.729180e-10,IN,IN,-8.259180e-05,2.006170e-04,7.594540e-10,-8.259180e-05,2.006170e-04,7.594540e-10,3.299350e+00,3.301010e+00,3.300000e+00
mos_ss_res_wcs_-40c_3.3v_25MHz_ideal-0.20,1.15,3.138557e-10,IN,IN,-8.562670e-02,1.132780e-02,4.764680e-05,-8.562670e-02,1.132780e-02,4.764680e-05,2.399960e+00,3.310210e+00,3.251730e+00
mos_ss_res_wcs_-40c_3.3v_25MHz_ideal-0.20,1.30,3.547934e-10,TOG,TOG,-1.339310e-01,8.046620e-01,1.029530e-02,-1.339310e-01,8.046620e-01,1.029530e-02,1.393910e+00,3.310530e+00,3.190350e+00
mos_ss_res_wcs_-40c_3.3v_25MHz_ideal-0.20,1.45,3.957311e-10,TOG,TOG,-1.283840e-01,3.036260e+00,6.784640e-02,-1.283840e-01,3.036260e+00,6.784640e-02,8.098810e-01,3.310610e+00,3.152500e+00
mos_ss_res_wcs_-40c_3.3v_25MHz_ideal-0.20,1.60,4.366688e-10,TOG,TOG,-1.263580e-01,3.256070e+00,9.500540e-02,-1.263580e-01,3.256070e+00,9.500540e-02,5.153620e-01,3.310510e+00,3.132040e+00
mos_ss_res_wcs_-40c_3.3v_25MHz_ideal-0.20,1.75,4.776065e-10,TOG,TOG,-1.260510e-01,3.325740e+00,1.155820e-01,-1.260510e-01,3.325740e+00,1.155820e-01,3.003270e-01,3.310350e+00,3.114620e+00
mos_ss_res_wcs_-40c_3.3v_25MHz_ideal-0.20,1.90,5.185442e-10,TOG,TOG,-1.263010e-01,3.335840e+00,1.240970e-01,-1.263010e-01,3.335840e+00,1.240970e-01,1.854420e-01,3.310320e+00,3.106900e+00
mos_ss_res_wcs_-40c_3.3v_25MHz_ideal-0.20,2.05,5.594819e-10,TOG,TOG,-1.269620e-01,3.340480e+00,1.337780e-01,-1.269620e-01,3.340480e+00,1.337780e-01,1.245300e-01,3.310510e+00,3.097890e+00
mos_ss_res_wcs_-40c_3.3v_25MHz_ideal-0.20,2.20,6.004196e-10,TOG,TOG,-1.271530e-01,3.341810e+00,1.408630e-01,-1.271530e-01,3.341810e+00,1.408630e-01,9.055710e-02,3.310510e+00,3.091180e+00
mos_ss_res_wcs_-40c_3.3v_25MHz_ideal-0.20,2.35,6.413573e-10,TOG,TOG,-1.270820e-01,3.342350e+00,1.460450e-01,-1.270820e-01,3.342350e+00,1.460450e-01,6.698700e-02,3.310520e+00,3.086200e+00
mos_ss_res_wcs_-40c_3.3v_25MHz_ideal-0.20,2.50,6.822950e-10,TOG,TOG,-1.268990e-01,3.342740e+00,1.510230e-01,-1.268990e-01,3.342740e+00,1.510230e-01,5.028200e-02,3.310510e+00,3.081390e+00
mos_ss_res_wcs_-40c_3.3v_25MHz_ideal-0.20,10.00,2.729180e-09,TOG,TOG,-1.269070e-01,3.343870e+00,3.223930e-01,-1.269070e-01,3.343870e+00,3.223930e-01,4.715170e-02,3.310490e+00,2.914040e+00
mos_ss_res_wcs_-40c_3.3v_25MHz_ideal0.00,0.25,7.110925e-11,IN,IN,-1.198650e-05,8.888990e-06,1.523360e-10,-1.198650e-05,8.888990e-06,1.523360e-10,3.299950e+00,3.300030e+00,3.300000e+00
mos_ss_res_wcs_-40c_3.3v_25MHz_ideal0.00,0.50,1.422185e-10,IN,IN,-1.278460e-05,9.161950e-06,-1.257480e-10,-1.278460e-05,9.161950e-06,-1.257480e-10,3.299950e+00,3.300030e+00,3.300000e+00
mos_ss_res_wcs_-40c_3.3v_25MHz_ideal0.00,1.00,2.844370e-10,IN,IN,-6.808000e-05,1.656160e-04,1.858350e-10,-6.808000e-05,1.656160e-04,1.858350e-10,3.299460e+00,3.300830e+00,3.300000e+00
mos_ss_res_wcs_-40c_3.3v_25MHz_ideal0.00,1.15,3.271025e-10,IN,IN,-7.128650e-02,4.268440e-03,3.849670e-06,-7.128650e-02,4.268440e-03,3.849670e-06,2.522120e+00,3.308970e+00,3.252570e+00
mos_ss_res_wcs_-40c_3.3v_25MHz_ideal0.00,1.30,3.697681e-10,TOG,TOG,-1.198700e-01,4.437180e-01,6.643550e-03,-1.198700e-01,4.437180e-01,6.643550e-03,1.517040e+00,3.308660e+00,3.182250e+00
mos_ss_res_wcs_-40c_3.3v_25MHz_ideal0.00,1.45,4.124336e-10,TOG,TOG,-1.146350e-01,2.725260e+00,5.461710e-02,-1.146350e-01,2.725260e+00,5.461710e-02,1.027000e+00,3.308630e+00,3.145190e+00
mos_ss_res_wcs_-40c_3.3v_25MHz_ideal0.00,1.60,4.550992e-10,TOG,TOG,-1.126990e-01,3.074610e+00,7.808390e-02,-1.126990e-01,3.074610e+00,7.808390e-02,8.370570e-01,3.309150e+00,3.129910e+00
mos_ss_res_wcs_-40c_3.3v_25MHz_ideal0.00,1.75,4.977648e-10,TOG,TOG,-1.125420e-01,3.298960e+00,1.161010e-01,-1.125420e-01,3.298960e+00,1.161010e-01,4.268670e-01,3.309340e+00,3.100450e+00
mos_ss_res_wcs_-40c_3.3v_25MHz_ideal0.00,1.90,5.404303e-10,TOG,TOG,-1.129150e-01,3.325830e+00,1.300280e-01,-1.129150e-01,3.325830e+00,1.300280e-01,2.771490e-01,3.309230e+00,3.088380e+00
mos_ss_res_wcs_-40c_3.3v_25MHz_ideal0.00,2.05,5.830958e-10,TOG,TOG,-1.133100e-01,3.334580e+00,1.440650e-01,-1.133100e-01,3.334580e+00,1.440650e-01,1.799720e-01,3.308990e+00,3.075660e+00
mos_ss_res_wcs_-40c_3.3v_25MHz_ideal0.00,2.20,6.257614e-10,TOG,TOG,-1.133820e-01,3.336200e+00,1.527710e-01,-1.133820e-01,3.336200e+00,1.527710e-01,1.249470e-01,3.309030e+00,3.067500e+00
mos_ss_res_wcs_-40c_3.3v_25MHz_ideal0.00,2.35,6.684269e-10,TOG,TOG,-1.133410e-01,3.336820e+00,1.595830e-01,-1.133410e-01,3.336820e+00,1.595830e-01,9.144290e-02,3.309050e+00,3.061010e+00
mos_ss_res_wcs_-40c_3.3v_25MHz_ideal0.00,2.50,7.110925e-10,TOG,TOG,-1.131970e-01,3.337210e+00,1.654610e-01,-1.131970e-01,3.337210e+00,1.654610e-01,7.123800e-02,3.309040e+00,3.055340e+00
mos_ss_res_wcs_-40c_3.3v_25MHz_ideal0.00,10.00,2.844370e-09,TOG,TOG,-1.132250e-01,3.338360e+00,3.450340e-01,-1.132250e-01,3.338360e+00,3.450340e-01,5.087320e-02,3.309110e+00,2.879990e+00
mos_ss_res_wcs_-40c_3.3v_25MHz_ideal0.20,0.25,7.396300e-11,IN,IN,-1.505110e-05,7.406620e-06,-3.068590e-10,-1.505110e-05,7.406620e-06,-3.068590e-10,3.299940e+00,3.300030e+00,3.300000e+00
mos_ss_res_wcs_-40c_3.3v_25MHz_ideal0.20,0.50,1.479260e-10,IN,IN,-1.053450e-05,4.507730e-06,2.481090e-11,-1.053450e-05,4.507730e-06,2.481080e-11,3.299960e+00,3.300020e+00,3.300000e+00
mos_ss_res_wcs_-40c_3.3v_25MHz_ideal0.20,1.00,2.958520e-10,IN,IN,-5.690010e-05,1.425630e-04,2.631090e-12,-5.690010e-05,1.425630e-04,2.631030e-12,3.299540e+00,3.300720e+00,3.300000e+00
mos_ss_res_wcs_-40c_3.3v_25MHz_ideal0.20,1.15,3.402298e-10,IN,IN,-6.320890e-02,2.401390e-03,-1.916330e-06,-6.320890e-02,2.401390e-03,-1.916330e-06,2.600200e+00,3.306380e+00,3.251440e+00
mos_ss_res_wcs_-40c_3.3v_25MHz_ideal0.20,1.30,3.846076e-10,IN,IN,-1.062830e-01,2.072150e-01,3.515360e-03,-1.062830e-01,2.072150e-01,3.515360e-03,1.744830e+00,3.306830e+00,3.183710e+00
mos_ss_res_wcs_-40c_3.3v_25MHz_ideal0.20,1.45,4.289854e-10,TOG,TOG,-1.036780e-01,1.312870e+00,2.187290e-02,-1.036780e-01,1.312870e+00,2.187290e-02,1.332890e+00,3.306690e+00,3.148990e+00
mos_ss_res_wcs_-40c_3.3v_25MHz_ideal0.20,1.60,4.733632e-10,TOG,TOG,-1.017410e-01,2.865580e+00,6.616940e-02,-1.017410e-01,2.865580e+00,6.616940e-02,1.013780e+00,3.306540e+00,3.122300e+00
mos_ss_res_wcs_-40c_3.3v_25MHz_ideal0.20,1.75,5.177410e-10,TOG,TOG,-1.015200e-01,3.218380e+00,1.058100e-01,-1.015200e-01,3.218380e+00,1.058100e-01,6.470400e-01,3.306440e+00,3.094130e+00
mos_ss_res_wcs_-40c_3.3v_25MHz_ideal0.20,1.90,5.621188e-10,TOG,TOG,-1.017880e-01,3.312930e+00,1.339610e-01,-1.017880e-01,3.312930e+00,1.339610e-01,3.825450e-01,3.306550e+00,3.071180e+00
mos_ss_res_wcs_-40c_3.3v_25MHz_ideal0.20,2.05,6.064966e-10,TOG,TOG,-1.018720e-01,3.328850e+00,1.509180e-01,-1.018720e-01,3.328850e+00,1.509180e-01,2.486580e-01,3.306630e+00,3.056250e+00
mos_ss_res_wcs_-40c_3.3v_25MHz_ideal0.20,2.20,6.508744e-10,TOG,TOG,-1.019600e-01,3.331740e+00,1.632690e-01,-1.019600e-01,3.331740e+00,1.632690e-01,1.743100e-01,3.306610e+00,3.044920e+00
mos_ss_res_wcs_-40c_3.3v_25MHz_ideal0.20,2.35,6.952522e-10,TOG,TOG,-1.019750e-01,3.332460e+00,1.714880e-01,-1.019750e-01,3.332460e+00,1.714880e-01,1.254790e-01,3.306600e+00,3.037170e+00
mos_ss_res_wcs_-40c_3.3v_25MHz_ideal0.20,2.50,7.396300e-10,TOG,TOG,-1.018410e-01,3.332880e+00,1.788850e-01,-1.018410e-01,3.332880e+00,1.788850e-01,9.172750e-02,3.306610e+00,3.030090e+00
mos_ss_res_wcs_-40c_3.3v_25MHz_ideal0.20,10.00,2.958520e-09,TOG,TOG,-1.019060e-01,3.334080e+00,3.674520e-01,-1.019060e-01,3.334080e+00,3.674520e-01,5.376230e-02,3.306590e+00,2.846000e+00
mos_ss_res_wcs_27c_3.3v_25MHz_real,0.25,8.132700e-11,IN,IN,-1.182850e-05,9.709090e-06,2.358350e-10,-1.182850e-05,9.709090e-06,2.358350e-10,3.299950e+00,3.300030e+00,3.300000e+00
mos_ss_res_wcs_27c_3.3v_25MHz_real,0.50,1.626540e-10,IN,IN,-1.189400e-05,1.215800e-05,-6.082640e-10,-1.189400e-05,1.215800e-05,-6.082640e-10,3.299950e+00,3.300030e+00,3.300000e+00
mos_ss_res_wcs_27c_3.3v_25MHz_real,1.00,3.253080e-10,IN,IN,-7.359860e-05,1.760240e-04,2.092330e-10,-7.359860e-05,1.760240e-04,2.092340e-10,3.299450e+00,3.300880e+00,3.300000e+00
mos_ss_res_wcs_27c_3.3v_25MHz_real,1.15,3.741042e-10,IN,IN,-7.007640e-02,4.481820e-03,3.457580e-06,-7.007640e-02,4.481820e-03,3.457580e-06,2.612940e+00,3.308040e+00,3.263220e+00
mos_ss_res_wcs_27c_3.3v_25MHz_real,1.30,4.229004e-10,TOG,TOG,-1.238900e-01,3.729280e-01,5.770910e-03,-1.238900e-01,3.729280e-01,5.770910e-03,1.634250e+00,3.309670e+00,3.203050e+00
mos_ss_res_wcs_27c_3.3v_25MHz_real,1.45,4.716966e-10,TOG,TOG,-1.180100e-01,1.975630e+00,3.466800e-02,-1.180100e-01,1.975630e+00,3.466800e-02,1.176430e+00,3.309440e+00,3.174890e+00
mos_ss_res_wcs_27c_3.3v_25MHz_real,1.60,5.204928e-10,TOG,TOG,-1.164880e-01,3.075130e+00,7.782350e-02,-1.164880e-01,3.075130e+00,7.782350e-02,7.812760e-01,3.309050e+00,3.149280e+00
mos_ss_res_wcs_27c_3.3v_25MHz_real,1.75,5.692890e-10,TOG,TOG,-1.165990e-01,3.257790e+00,1.032400e-01,-1.165990e-01,3.257790e+00,1.032400e-01,4.967320e-01,3.308670e+00,3.129790e+00
mos_ss_res_wcs_27c_3.3v_25MHz_real,1.90,6.180852e-10,TOG,TOG,-1.168380e-01,3.315270e+00,1.193370e-01,-1.168380e-01,3.315270e+00,1.193370e-01,3.296980e-01,3.308680e+00,3.116220e+00
mos_ss_res_wcs_27c_3.3v_25MHz_real,2.05,6.668814e-10,TOG,TOG,-1.161690e-01,3.337000e+00,1.325520e-01,-1.161690e-01,3.337000e+00,1.325520e-01,2.518920e-01,3.309070e+00,3.104460e+00
mos_ss_res_wcs_27c_3.3v_25MHz_real,2.20,7.156776e-10,TOG,TOG,-1.164470e-01,3.342760e+00,1.400660e-01,-1.164470e-01,3.342760e+00,1.400660e-01,1.988050e-01,3.309080e+00,3.097550e+00
mos_ss_res_wcs_27c_3.3v_25MHz_real,2.35,7.644738e-10,TOG,TOG,-1.162950e-01,3.345850e+00,1.477750e-01,-1.162950e-01,3.345850e+00,1.477750e-01,1.547540e-01,3.309060e+00,3.090330e+00
mos_ss_res_wcs_27c_3.3v_25MHz_real,2.50,8.132700e-10,TOG,TOG,-1.162140e-01,3.347130e+00,1.537790e-01,-1.162140e-01,3.347130e+00,1.537790e-01,1.274030e-01,3.309060e+00,3.084640e+00
mos_ss_res_wcs_27c_3.3v_25MHz_real,10.00,3.253080e-09,TOG,TOG,-1.162160e-01,3.349010e+00,3.600930e-01,-1.162160e-01,3.349010e+00,3.600930e-01,9.471580e-02,3.309060e+00,2.885650e+00
mos_ss_res_wcs_27c_3.3v_25MHz_ideal-0.20,0.25,7.805400e-11,IN,IN,-1.341380e-05,1.145330e-05,1.674540e-10,-1.341380e-05,1.145330e-05,1.674540e-10,3.299940e+00,3.300050e+00,3.300000e+00
mos_ss_res_wcs_27c_3.3v_25MHz_ideal-0.20,0.50,1.561080e-10,IN,IN,-1.237300e-05,8.843180e-06,5.366770e-10,-1.237300e-05,8.843180e-06,5.366770e-10,3.299950e+00,3.300050e+00,3.300000e+00
mos_ss_res_wcs_27c_3.3v_25MHz_ideal-0.20,1.00,3.122160e-10,IN,IN,-8.413520e-05,2.125950e-04,6.251390e-10,-8.413520e-05,2.125950e-04,6.251390e-10,3.299320e+00,3.301040e+00,3.300000e+00
mos_ss_res_wcs_27c_3.3v_25MHz_ideal-0.20,1.15,3.590484e-10,IN,IN,-7.616260e-02,6.838460e-03,1.181520e-05,-7.616260e-02,6.838460e-03,1.181520e-05,2.554250e+00,3.308690e+00,3.265920e+00
mos_ss_res_wcs_27c_3.3v_25MHz_ideal-0.20,1.30,4.058808e-10,TOG,TOG,-1.434030e-01,6.326810e-01,8.573740e-03,-1.434030e-01,6.326810e-01,8.573740e-03,1.515550e+00,3.307910e+00,3.207740e+00
mos_ss_res_wcs_27c_3.3v_25MHz_ideal-0.20,1.45,4.527132e-10,TOG,TOG,-1.410950e-01,2.667480e+00,4.921930e-02,-1.410950e-01,2.667480e+00,4.921930e-02,9.952060e-01,3.308470e+00,3.180750e+00
mos_ss_res_wcs_27c_3.3v_25MHz_ideal-0.20,1.60,4.995456e-10,TOG,TOG,-1.395100e-01,3.207640e+00,8.608160e-02,-1.395100e-01,3.207640e+00,8.608160e-02,5.676460e-01,3.308780e+00,3.155750e+00
mos_ss_res_wcs_27c_3.3v_25MHz_ideal-0.20,1.75,5.463780e-10,TOG,TOG,-1.396400e-01,3.297780e+00,1.024290e-01,-1.396400e-01,3.297780e+00,1.024290e-01,3.467900e-01,3.308890e+00,3.142310e+00
mos_ss_res_wcs_27c_3.3v_25MHz_ideal-0.20,1.90,5.932104e-10,TOG,TOG,-1.400770e-01,3.332800e+00,1.147360e-01,-1.400770e-01,3.332800e+00,1.147360e-01,2.367410e-01,3.308890e+00,3.131500e+00
mos_ss_res_wcs_27c_3.3v_25MHz_ideal-0.20,2.05,6.400428e-10,TOG,TOG,-1.399020e-01,3.345420e+00,1.237210e-01,-1.399020e-01,3.345420e+00,1.237210e-01,1.894890e-01,3.308830e+00,3.123320e+00
mos_ss_res_wcs_27c_3.3v_25MHz_ideal-0.20,2.20,6.868752e-10,TOG,TOG,-1.397930e-01,3.350540e+00,1.308000e-01,-1.397930e-01,3.350540e+00,1.308000e-01,1.529120e-01,3.308800e+00,3.116710e+00
mos_ss_res_wcs_27c_3.3v_25MHz_ideal-0.20,2.35,7.337076e-10,TOG,TOG,-1.399540e-01,3.352990e+00,1.370270e-01,-1.399540e-01,3.352990e+00,1.370270e-01,1.230190e-01,3.308810e+00,3.110810e+00
mos_ss_res_wcs_27c_3.3v_25MHz_ideal-0.20,2.50,7.805400e-10,TOG,TOG,-1.398570e-01,3.354100e+00,1.419040e-01,-1.398570e-01,3.354100e+00,1.419040e-01,1.064430e-01,3.308810e+00,3.106150e+00
mos_ss_res_wcs_27c_3.3v_25MHz_ideal-0.20,10.00,3.122160e-09,TOG,TOG,-1.398530e-01,3.355990e+00,3.386390e-01,-1.398530e-01,3.355990e+00,3.386390e-01,9.221820e-02,3.308810e+00,2.916370e+00
mos_ss_res_wcs_27c_3.3v_25MHz_ideal0.00,0.25,8.132875e-11,IN,IN,-1.220430e-05,9.654410e-06,2.305020e-10,-1.220430e-05,9.654410e-06,2.305020e-10,3.299950e+00,3.300030e+00,3.300000e+00
mos_ss_res_wcs_27c_3.3v_25MHz_ideal0.00,0.50,1.626575e-10,IN,IN,-1.182400e-05,1.213250e-05,-5.612690e-10,-1.182400e-05,1.213250e-05,-5.612690e-10,3.299950e+00,3.300030e+00,3.300000e+00
mos_ss_res_wcs_27c_3.3v_25MHz_ideal0.00,1.00,3.253150e-10,IN,IN,-7.356950e-05,1.760760e-04,2.066990e-10,-7.356950e-05,1.760760e-04,2.066990e-10,3.299450e+00,3.300880e+00,3.300000e+00
mos_ss_res_wcs_27c_3.3v_25MHz_ideal0.00,1.15,3.741122e-10,IN,IN,-7.007700e-02,4.475090e-03,3.441090e-06,-7.007700e-02,4.475090e-03,3.441090e-06,2.613050e+00,3.308050e+00,3.263220e+00
mos_ss_res_wcs_27c_3.3v_25MHz_ideal0.00,1.30,4.229095e-10,TOG,TOG,-1.238790e-01,3.728980e-01,5.770430e-03,-1.238790e-01,3.728980e-01,5.770430e-03,1.634260e+00,3.309690e+00,3.203060e+00
mos_ss_res_wcs_27c_3.3v_25MHz_ideal0.00,1.45,4.717067e-10,TOG,TOG,-1.179960e-01,1.975670e+00,3.466890e-02,-1.179960e-01,1.975670e+00,3.466890e-02,1.176390e+00,3.309460e+00,3.174890e+00
mos_ss_res_wcs_27c_3.3v_25MHz_ideal0.00,1.60,5.205040e-10,TOG,TOG,-1.165250e-01,3.075150e+00,7.782500e-02,-1.165250e-01,3.075150e+00,7.782500e-02,7.812030e-01,3.309060e+00,3.149280e+00
mos_ss_res_wcs_27c_3.3v_25MHz_ideal0.00,1.75,5.693012e-10,TOG,TOG,-1.166350e-01,3.257810e+00,1.032420e-01,-1.166350e-01,3.257810e+00,1.032420e-01,4.966200e-01,3.308680e+00,3.129790e+00
mos_ss_res_wcs_27c_3.3v_25MHz_ideal0.00,1.90,6.180985e-10,TOG,TOG,-1.168740e-01,3.315280e+00,1.193400e-01,-1.168740e-01,3.315280e+00,1.193400e-01,3.296090e-01,3.308690e+00,3.116210e+00
mos_ss_res_wcs_27c_3.3v_25MHz_ideal0.00,2.05,6.668957e-10,TOG,TOG,-1.161670e-01,3.337010e+00,1.325550e-01,-1.161670e-01,3.337010e+00,1.325550e-01,2.518710e-01,3.309090e+00,3.104460e+00
mos_ss_res_wcs_27c_3.3v_25MHz_ideal0.00,2.20,7.156930e-10,TOG,TOG,-1.164330e-01,3.342760e+00,1.400680e-01,-1.164330e-01,3.342760e+00,1.400680e-01,1.987290e-01,3.309090e+00,3.097550e+00
mos_ss_res_wcs_27c_3.3v_25MHz_ideal0.00,2.35,7.644902e-10,TOG,TOG,-1.162980e-01,3.345850e+00,1.477770e-01,-1.162980e-01,3.345850e+00,1.477770e-01,1.547290e-01,3.309070e+00,3.090330e+00
mos_ss_res_wcs_27c_3.3v_25MHz_ideal0.00,2.50,8.132875e-10,TOG,TOG,-1.162520e-01,3.347130e+00,1.537800e-01,-1.162520e-01,3.347130e+00,1.537800e-01,1.273860e-01,3.309070e+00,3.084640e+00
mos_ss_res_wcs_27c_3.3v_25MHz_ideal0.00,10.00,3.253150e-09,TOG,TOG,-1.162090e-01,3.348990e+00,3.600980e-01,-1.162090e-01,3.348990e+00,3.600980e-01,9.472500e-02,3.309070e+00,2.885640e+00
mos_ss_res_wcs_27c_3.3v_25MHz_ideal0.20,0.25,8.454950e-11,IN,IN,-8.823990e-06,7.539890e-06,3.858560e-11,-8.823990e-06,7.539890e-06,3.858560e-11,3.299960e+00,3.300030e+00,3.300000e+00
mos_ss_res_wcs_27c_3.3v_25MHz_ideal0.20,0.50,1.690990e-10,IN,IN,-1.006880e-05,6.518130e-06,4.240630e-11,-1.006880e-05,6.518130e-06,4.240620e-11,3.299960e+00,3.300020e+00,3.300000e+00
mos_ss_res_wcs_27c_3.3v_25MHz_ideal0.20,1.00,3.381980e-10,IN,IN,-6.180170e-05,1.512560e-04,1.030780e-10,-6.180170e-05,1.512560e-04,1.030770e-10,3.299520e+00,3.300750e+00,3.300000e+00
mos_ss_res_wcs_27c_3.3v_25MHz_ideal0.20,1.15,3.889277e-10,IN,IN,-6.107080e-02,2.848840e-03,-2.313620e-06,-6.107080e-02,2.848840e-03,-2.313620e-06,2.691660e+00,3.305150e+00,3.263410e+00
mos_ss_res_wcs_27c_3.3v_25MHz_ideal0.20,1.30,4.396574e-10,IN,IN,-1.159380e-01,2.355330e-01,3.955840e-03,-1.159380e-01,2.355330e-01,3.955840e-03,1.764840e+00,3.302280e+00,3.200760e+00
mos_ss_res_wcs_27c_3.3v_25MHz_ideal0.20,1.45,4.903871e-10,TOG,TOG,-1.108180e-01,1.356520e+00,2.323080e-02,-1.108180e-01,1.356520e+00,2.323080e-02,1.316430e+00,3.303360e+00,3.168960e+00
mos_ss_res_wcs_27c_3.3v_25MHz_ideal0.20,1.60,5.411168e-10,TOG,TOG,-1.085810e-01,2.855570e+00,6.623990e-02,-1.085810e-01,2.855570e+00,6.623990e-02,9.765000e-01,3.304160e+00,3.143970e+00
mos_ss_res_wcs_27c_3.3v_25MHz_ideal0.20,1.75,5.918465e-10,TOG,TOG,-1.083040e-01,3.188800e+00,9.934690e-02,-1.083040e-01,3.188800e+00,9.934690e-02,6.718980e-01,3.304660e+00,3.120680e+00
mos_ss_res_wcs_27c_3.3v_25MHz_ideal0.20,1.90,6.425762e-10,TOG,TOG,-1.086850e-01,3.289670e+00,1.212170e-01,-1.086850e-01,3.289670e+00,1.212170e-01,4.522540e-01,3.304450e+00,3.103130e+00
mos_ss_res_wcs_27c_3.3v_25MHz_ideal0.20,2.05,6.933059e-10,TOG,TOG,-1.091980e-01,3.324880e+00,1.370910e-01,-1.091980e-01,3.324880e+00,1.370910e-01,3.235110e-01,3.303920e+00,3.089480e+00
mos_ss_res_wcs_27c_3.3v_25MHz_ideal0.20,2.20,7.440356e-10,TOG,TOG,-1.092800e-01,3.336570e+00,1.494750e-01,-1.092800e-01,3.336570e+00,1.494750e-01,2.492650e-01,3.303980e+00,3.078340e+00
mos_ss_res_wcs_27c_3.3v_25MHz_ideal0.20,2.35,7.947653e-10,TOG,TOG,-1.092150e-01,3.339940e+00,1.574080e-01,-1.092150e-01,3.339940e+00,1.574080e-01,1.946610e-01,3.304020e+00,3.071010e+00
mos_ss_res_wcs_27c_3.3v_25MHz_ideal0.20,2.50,8.454950e-10,TOG,TOG,-1.090800e-01,3.341580e+00,1.649230e-01,-1.090800e-01,3.341580e+00,1.649230e-01,1.555690e-01,3.304010e+00,3.063970e+00
mos_ss_res_wcs_27c_3.3v_25MHz_ideal0.20,10.00,3.381980e-09,TOG,TOG,-1.091470e-01,3.343570e+00,3.814520e-01,-1.091470e-01,3.343570e+00,3.814520e-01,9.671840e-02,3.304020e+00,2.855190e+00
mos_ss_res_wcs_125c_3.3v_25MHz_real,0.25,9.827775e-11,IN,IN,-1.061220e-05,9.811680e-06,1.962510e-07,-1.061220e-05,9.811680e-06,1.962510e-07,3.299950e+00,3.300030e+00,3.300000e+00
mos_ss_res_wcs_125c_3.3v_25MHz_real,0.50,1.965555e-10,IN,IN,-9.452080e-06,6.806340e-06,1.960420e-07,-9.452080e-06,6.806340e-06,1.960420e-07,3.299950e+00,3.300030e+00,3.300000e+00
mos_ss_res_wcs_125c_3.3v_25MHz_real,1.00,3.931110e-10,IN,IN,-8.383960e-05,2.025110e-04,1.963780e-07,-8.383960e-05,2.025110e-04,1.963780e-07,3.299430e+00,3.301040e+00,3.300000e+00
mos_ss_res_wcs_125c_3.3v_25MHz_real,1.15,4.520776e-10,IN,IN,-6.764780e-02,6.482860e-03,1.517700e-05,-6.764780e-02,6.482860e-03,1.517700e-05,2.708590e+00,3.307860e+00,3.274470e+00
mos_ss_res_wcs_125c_3.3v_25MHz_real,1.30,5.110443e-10,TOG,TOG,-1.330110e-01,4.023870e-01,6.227550e-03,-1.330110e-01,4.023870e-01,6.227550e-03,1.666720e+00,3.308530e+00,3.223230e+00
mos_ss_res_wcs_125c_3.3v_25MHz_real,1.45,5.700109e-10,TOG,TOG,-1.303470e-01,1.893940e+00,3.356020e-02,-1.303470e-01,1.893940e+00,3.356020e-02,1.200140e+00,3.308710e+00,3.196990e+00
mos_ss_res_wcs_125c_3.3v_25MHz_real,1.60,6.289776e-10,TOG,TOG,-1.285440e-01,2.921990e+00,6.655630e-02,-1.285440e-01,2.921990e+00,6.655630e-02,8.777450e-01,3.308670e+00,3.178960e+00
mos_ss_res_wcs_125c_3.3v_25MHz_real,1.75,6.879443e-10,TOG,TOG,-1.284170e-01,3.161890e+00,8.729490e-02,-1.284170e-01,3.161890e+00,8.729490e-02,6.348320e-01,3.308480e+00,3.164090e+00
mos_ss_res_wcs_125c_3.3v_25MHz_real,1.90,7.469109e-10,TOG,TOG,-1.287860e-01,3.260930e+00,1.021540e-01,-1.287860e-01,3.260930e+00,1.021540e-01,4.711330e-01,3.308400e+00,3.152130e+00
mos_ss_res_wcs_125c_3.3v_25MHz_real,2.05,8.058775e-10,TOG,TOG,-1.288150e-01,3.310270e+00,1.138570e-01,-1.288150e-01,3.310270e+00,1.138570e-01,3.769920e-01,3.308560e+00,3.142180e+00
mos_ss_res_wcs_125c_3.3v_25MHz_real,2.20,8.648442e-10,TOG,TOG,-1.287950e-01,3.335370e+00,1.233600e-01,-1.287950e-01,3.335370e+00,1.233600e-01,3.173230e-01,3.308660e+00,3.133840e+00
mos_ss_res_wcs_125c_3.3v_25MHz_real,2.35,9.238109e-10,TOG,TOG,-1.289180e-01,3.348500e+00,1.312530e-01,-1.289180e-01,3.348500e+00,1.312530e-01,2.736920e-01,3.308630e+00,3.126750e+00
mos_ss_res_wcs_125c_3.3v_25MHz_real,2.50,9.827775e-10,TOG,TOG,-1.288540e-01,3.355820e+00,1.382930e-01,-1.288540e-01,3.355820e+00,1.382930e-01,2.409340e-01,3.308620e+00,3.120320e+00
mos_ss_res_wcs_125c_3.3v_25MHz_real,10.00,3.931110e-09,TOG,TOG,-1.288120e-01,3.366110e+00,3.868280e-01,-1.288120e-01,3.366110e+00,3.868280e-01,1.883000e-01,3.308630e+00,2.887010e+00
mos_ss_res_wcs_125c_3.3v_25MHz_ideal-0.20,0.25,9.434950e-11,IN,IN,-1.152710e-05,1.199050e-05,1.965010e-07,-1.152710e-05,1.199050e-05,1.965010e-07,3.299940e+00,3.300050e+00,3.300000e+00
mos_ss_res_wcs_125c_3.3v_25MHz_ideal-0.20,0.50,1.886990e-10,IN,IN,-1.034370e-05,8.518080e-06,1.961210e-07,-1.034370e-05,8.518080e-06,1.961210e-07,3.299950e+00,3.300040e+00,3.300000e+00
mos_ss_res_wcs_125c_3.3v_25MHz_ideal-0.20,1.00,3.773980e-10,IN,IN,-9.911080e-05,2.423020e-04,1.967000e-07,-9.911080e-05,2.423020e-04,1.967000e-07,3.299310e+00,3.301230e+00,3.300000e+00
mos_ss_res_wcs_125c_3.3v_25MHz_ideal-0.20,1.15,4.340077e-10,IN,IN,-7.849410e-02,1.036870e-02,3.737480e-05,-7.849410e-02,1.036870e-02,3.737480e-05,2.639380e+00,3.309260e+00,3.274980e+00
mos_ss_res_wcs_125c_3.3v_25MHz_ideal-0.20,1.30,4.906174e-10,TOG,TOG,-1.491780e-01,7.345940e-01,1.028340e-02,-1.491780e-01,7.345940e-01,1.028340e-02,1.474730e+00,3.309670e+00,3.224110e+00
mos_ss_res_wcs_125c_3.3v_25MHz_ideal-0.20,1.45,5.472271e-10,TOG,TOG,-1.440380e-01,2.579700e+00,4.746050e-02,-1.440380e-01,2.579700e+00,4.746050e-02,9.984430e-01,3.309770e+00,3.200400e+00
mos_ss_res_wcs_125c_3.3v_25MHz_ideal-0.20,1.60,6.038368e-10,TOG,TOG,-1.413880e-01,3.073600e+00,7.153390e-02,-1.413880e-01,3.073600e+00,7.153390e-02,7.007380e-01,3.310120e+00,3.185330e+00
mos_ss_res_wcs_125c_3.3v_25MHz_ideal-0.20,1.75,6.604465e-10,TOG,TOG,-1.406390e-01,3.227380e+00,8.774900e-02,-1.406390e-01,3.227380e+00,8.774900e-02,4.829340e-01,3.310160e+00,3.172740e+00
mos_ss_res_wcs_125c_3.3v_25MHz_ideal-0.20,1.90,7.170562e-10,TOG,TOG,-1.404530e-01,3.293590e+00,9.895780e-02,-1.404530e-01,3.293590e+00,9.895780e-02,3.723130e-01,3.310080e+00,3.163310e+00
mos_ss_res_wcs_125c_3.3v_25MHz_ideal-0.20,2.05,7.736659e-10,TOG,TOG,-1.409410e-01,3.329590e+00,1.083900e-01,-1.409410e-01,3.329590e+00,1.083900e-01,3.119500e-01,3.310100e+00,3.155090e+00
mos_ss_res_wcs_125c_3.3v_25MHz_ideal-0.20,2.20,8.302756e-10,TOG,TOG,-1.416350e-01,3.348720e+00,1.162520e-01,-1.416350e-01,3.348720e+00,1.162520e-01,2.701280e-01,3.310130e+00,3.148060e+00
mos_ss_res_wcs_125c_3.3v_25MHz_ideal-0.20,2.35,8.868853e-10,TOG,TOG,-1.417490e-01,3.359170e+00,1.229970e-01,-1.417490e-01,3.359170e+00,1.229970e-01,2.384590e-01,3.310140e+00,3.141920e+00
mos_ss_res_wcs_125c_3.3v_25MHz_ideal-0.20,2.50,9.434950e-10,TOG,TOG,-1.415470e-01,3.365210e+00,1.290890e-01,-1.415470e-01,3.365210e+00,1.290890e-01,2.152590e-01,3.310140e+00,3.136310e+00
mos_ss_res_wcs_125c_3.3v_25MHz_ideal-0.20,10.00,3.773980e-09,TOG,TOG,-1.415350e-01,3.374180e+00,3.663940e-01,-1.415350e-01,3.374180e+00,3.663940e-01,1.871620e-01,3.310130e+00,2.913450e+00
mos_ss_res_wcs_125c_3.3v_25MHz_ideal0.00,0.25,9.828250e-11,IN,IN,-1.063490e-05,9.829780e-06,1.963570e-07,-1.063490e-05,9.829780e-06,1.963570e-07,3.299950e+00,3.300030e+00,3.300000e+00
mos_ss_res_wcs_125c_3.3v_25MHz_ideal0.00,0.50,1.965650e-10,IN,IN,-9.426240e-06,6.843720e-06,1.960370e-07,-9.426240e-06,6.843720e-06,1.960370e-07,3.299950e+00,3.300030e+00,3.300000e+00
mos_ss_res_wcs_125c_3.3v_25MHz_ideal0.00,1.00,3.931300e-10,IN,IN,-8.390820e-05,2.025520e-04,1.963770e-07,-8.390820e-05,2.025520e-04,1.963770e-07,3.299430e+00,3.301040e+00,3.300000e+00
mos_ss_res_wcs_125c_3.3v_25MHz_ideal0.00,1.15,4.520995e-10,IN,IN,-6.763540e-02,6.487510e-03,1.521200e-05,-6.763540e-02,6.487510e-03,1.521200e-05,2.708450e+00,3.307870e+00,3.274460e+00
mos_ss_res_wcs_125c_3.3v_25MHz_ideal0.00,1.30,5.110690e-10,TOG,TOG,-1.330210e-01,4.025760e-01,6.230450e-03,-1.330210e-01,4.025760e-01,6.230450e-03,1.666540e+00,3.308550e+00,3.223220e+00
mos_ss_res_wcs_125c_3.3v_25MHz_ideal0.00,1.45,5.700385e-10,TOG,TOG,-1.303530e-01,1.895150e+00,3.358800e-02,-1.303530e-01,1.895150e+00,3.358800e-02,1.199750e+00,3.308730e+00,3.196980e+00
mos_ss_res_wcs_125c_3.3v_25MHz_ideal0.00,1.60,6.290080e-10,TOG,TOG,-1.285490e-01,2.922190e+00,6.656790e-02,-1.285490e-01,2.922190e+00,6.656790e-02,8.777040e-01,3.308690e+00,3.178960e+00
mos_ss_res_wcs_125c_3.3v_25MHz_ideal0.00,1.75,6.879775e-10,TOG,TOG,-1.284220e-01,3.161960e+00,8.730210e-02,-1.284220e-01,3.161960e+00,8.730210e-02,6.347250e-01,3.308500e+00,3.164080e+00
mos_ss_res_wcs_125c_3.3v_25MHz_ideal0.00,1.90,7.469470e-10,TOG,TOG,-1.287910e-01,3.260970e+00,1.021600e-01,-1.287910e-01,3.260970e+00,1.021600e-01,4.710410e-01,3.308410e+00,3.152120e+00
mos_ss_res_wcs_125c_3.3v_25MHz_ideal0.00,2.05,8.059165e-10,TOG,TOG,-1.288210e-01,3.310290e+00,1.138630e-01,-1.288210e-01,3.310290e+00,1.138630e-01,3.768990e-01,3.308580e+00,3.142180e+00
mos_ss_res_wcs_125c_3.3v_25MHz_ideal0.00,2.20,8.648860e-10,TOG,TOG,-1.288010e-01,3.335380e+00,1.233650e-01,-1.288010e-01,3.335380e+00,1.233650e-01,3.172570e-01,3.308670e+00,3.133840e+00
mos_ss_res_wcs_125c_3.3v_25MHz_ideal0.00,2.35,9.238555e-10,TOG,TOG,-1.289240e-01,3.348500e+00,1.312580e-01,-1.289240e-01,3.348500e+00,1.312580e-01,2.736420e-01,3.308640e+00,3.126750e+00
mos_ss_res_wcs_125c_3.3v_25MHz_ideal0.00,2.50,9.828250e-10,TOG,TOG,-1.288600e-01,3.355830e+00,1.382980e-01,-1.288600e-01,3.355830e+00,1.382980e-01,2.408960e-01,3.308640e+00,3.120320e+00
mos_ss_res_wcs_125c_3.3v_25MHz_ideal0.00,10.00,3.931300e-09,TOG,TOG,-1.288180e-01,3.366120e+00,3.868430e-01,-1.288180e-01,3.366120e+00,3.868430e-01,1.883000e-01,3.308640e+00,2.886990e+00
mos_ss_res_wcs_125c_3.3v_25MHz_ideal0.20,0.25,1.021363e-10,IN,IN,-9.720020e-06,7.952940e-06,1.960780e-07,-9.720020e-06,7.952940e-06,1.960780e-07,3.299960e+00,3.300030e+00,3.300000e+00
mos_ss_res_wcs_125c_3.3v_25MHz_ideal0.20,0.50,2.042725e-10,IN,IN,-8.086620e-06,5.178720e-06,1.962510e-07,-8.086620e-06,5.178720e-06,1.962510e-07,3.299960e+00,3.300020e+00,3.300000e+00
mos_ss_res_wcs_125c_3.3v_25MHz_ideal0.20,1.00,4.085450e-10,IN,IN,-6.998670e-05,1.721190e-04,1.965170e-07,-6.998670e-05,1.721190e-04,1.965170e-07,3.299510e+00,3.300890e+00,3.300000e+00
mos_ss_res_wcs_125c_3.3v_25MHz_ideal0.20,1.15,4.698268e-10,IN,IN,-6.037920e-02,4.550280e-03,5.955850e-06,-6.037920e-02,4.550280e-03,5.955850e-06,2.765630e+00,3.307300e+00,3.273920e+00
mos_ss_res_wcs_125c_3.3v_25MHz_ideal0.20,1.30,5.311085e-10,IN,IN,-1.212180e-01,2.682160e-01,4.459870e-03,-1.212180e-01,2.682160e-01,4.459870e-03,1.820250e+00,3.307900e+00,3.221990e+00
mos_ss_res_wcs_125c_3.3v_25MHz_ideal0.20,1.45,5.923903e-10,TOG,TOG,-1.178760e-01,1.215790e+00,2.102530e-02,-1.178760e-01,1.215790e+00,2.102530e-02,1.368590e+00,3.307880e+00,3.194900e+00
mos_ss_res_wcs_125c_3.3v_25MHz_ideal0.20,1.60,6.536720e-10,TOG,TOG,-1.158990e-01,2.640130e+00,5.748470e-02,-1.158990e-01,2.640130e+00,5.748470e-02,1.040640e+00,3.307960e+00,3.174020e+00
mos_ss_res_wcs_125c_3.3v_25MHz_ideal0.20,1.75,7.149538e-10,TOG,TOG,-1.156580e-01,3.068110e+00,8.375080e-02,-1.156580e-01,3.068110e+00,8.375080e-02,7.919070e-01,3.307880e+00,3.157220e+00
mos_ss_res_wcs_125c_3.3v_25MHz_ideal0.20,1.90,7.762355e-10,TOG,TOG,-1.159630e-01,3.217110e+00,1.028760e-01,-1.159630e-01,3.217110e+00,1.028760e-01,5.864430e-01,3.307850e+00,3.142630e+00
mos_ss_res_wcs_125c_3.3v_25MHz_ideal0.20,2.05,8.375172e-10,TOG,TOG,-1.161110e-01,3.286700e+00,1.175140e-01,-1.161110e-01,3.286700e+00,1.175140e-01,4.563490e-01,3.307920e+00,3.130590e+00
mos_ss_res_wcs_125c_3.3v_25MHz_ideal0.20,2.20,8.987990e-10,TOG,TOG,-1.162060e-01,3.320870e+00,1.289780e-01,-1.162060e-01,3.320870e+00,1.289780e-01,3.773420e-01,3.307960e+00,3.120760e+00
mos_ss_res_wcs_125c_3.3v_25MHz_ideal0.20,2.35,9.600808e-10,TOG,TOG,-1.162630e-01,3.338290e+00,1.384690e-01,-1.162630e-01,3.338290e+00,1.384690e-01,3.195080e-01,3.307950e+00,3.112370e+00
mos_ss_res_wcs_125c_3.3v_25MHz_ideal0.20,2.50,1.021363e-09,TOG,TOG,-1.161490e-01,3.347450e+00,1.466080e-01,-1.161490e-01,3.347450e+00,1.466080e-01,2.751250e-01,3.307940e+00,3.105030e+00
mos_ss_res_wcs_125c_3.3v_25MHz_ideal0.20,10.00,4.085450e-09,TOG,TOG,-1.161590e-01,3.359450e+00,4.070140e-01,-1.161590e-01,3.359450e+00,4.070140e-01,1.892220e-01,3.307950e+00,2.860720e+00
mos_ff_res_bcs_-40c_3.3v_25MHz_real,0.25,5.682900e-11,IN,IN,-1.901010e-05,1.029820e-05,5.564520e-09,-1.901010e-05,1.029820e-05,5.564520e-09,3.299930e+00,3.300040e+00,3.300000e+00
mos_ff_res_bcs_-40c_3.3v_25MHz_real,0.50,1.136580e-10,IN,IN,-1.514410e-05,1.124750e-05,5.525110e-09,-1.514410e-05,1.124750e-05,5.525110e-09,3.299950e+00,3.300030e+00,3.300000e+00
mos_ff_res_bcs_-40c_3.3v_25MHz_real,1.00,2.273160e-10,IN,IN,-1.759060e-04,3.702640e-04,6.051280e-09,-1.759060e-04,3.702640e-04,6.051280e-09,3.299320e+00,3.302240e+00,3.300000e+00
mos_ff_res_bcs_-40c_3.3v_25MHz_real,1.15,2.614134e-10,IN,IN,-1.200070e-01,8.188130e-02,7.453080e-04,-1.200070e-01,8.188130e-02,7.453080e-04,2.126150e+00,3.307590e+00,3.252500e+00
mos_ff_res_bcs_-40c_3.3v_25MHz_real,1.30,2.955108e-10,TOG,TOG,-1.309370e-01,7.447680e-01,8.269370e-03,-1.309370e-01,7.447680e-01,8.269370e-03,1.418490e+00,3.307740e+00,3.221100e+00
mos_ff_res_bcs_-40c_3.3v_25MHz_real,1.45,3.296082e-10,TOG,TOG,-1.276330e-01,2.710660e+00,3.949040e-02,-1.276330e-01,2.710660e+00,3.949040e-02,9.602960e-01,3.307060e+00,3.199090e+00
mos_ff_res_bcs_-40c_3.3v_25MHz_real,1.60,3.637056e-10,TOG,TOG,-1.264500e-01,3.159990e+00,6.190290e-02,-1.264500e-01,3.159990e+00,6.190290e-02,6.715340e-01,3.306510e+00,3.183420e+00
mos_ff_res_bcs_-40c_3.3v_25MHz_real,1.75,3.978030e-10,TOG,TOG,-1.266100e-01,3.272490e+00,7.439340e-02,-1.266100e-01,3.272490e+00,7.439340e-02,4.841920e-01,3.306210e+00,3.173500e+00
mos_ff_res_bcs_-40c_3.3v_25MHz_real,1.90,4.319004e-10,TOG,TOG,-1.268670e-01,3.328000e+00,8.794000e-02,-1.268670e-01,3.328000e+00,8.794000e-02,3.080700e-01,3.306500e+00,3.161800e+00
mos_ff_res_bcs_-40c_3.3v_25MHz_real,2.05,4.659978e-10,TOG,TOG,-1.271020e-01,3.337030e+00,9.409360e-02,-1.271020e-01,3.337030e+00,9.409360e-02,2.511240e-01,3.306830e+00,3.156230e+00
mos_ff_res_bcs_-40c_3.3v_25MHz_real,2.20,5.000952e-10,TOG,TOG,-1.271750e-01,3.341270e+00,1.004300e-01,-1.271750e-01,3.341270e+00,1.004300e-01,2.023960e-01,3.306780e+00,3.150260e+00
mos_ff_res_bcs_-40c_3.3v_25MHz_real,2.35,5.341926e-10,TOG,TOG,-1.271330e-01,3.342290e+00,1.040980e-01,-1.271330e-01,3.342290e+00,1.040980e-01,1.681620e-01,3.306760e+00,3.146780e+00
mos_ff_res_bcs_-40c_3.3v_25MHz_real,2.50,5.682900e-10,TOG,TOG,-1.270020e-01,3.343040e+00,1.093430e-01,-1.270020e-01,3.343040e+00,1.093430e-01,1.193300e-01,3.306760e+00,3.141720e+00
mos_ff_res_bcs_-40c_3.3v_25MHz_real,10.00,2.273160e-09,TOG,TOG,-1.270500e-01,3.345130e+00,2.515770e-01,-1.270500e-01,3.345130e+00,2.515770e-01,1.081610e-01,3.306680e+00,3.004310e+00
mos_ff_res_bcs_-40c_3.3v_25MHz_ideal-0.20,0.25,5.468675e-11,IN,IN,-1.992630e-05,1.298620e-05,5.234420e-09,-1.992630e-05,1.298620e-05,5.234420e-09,3.299920e+00,3.300050e+00,3.300000e+00
mos_ff_res_bcs_-40c_3.3v_25MHz_ideal-0.20,0.50,1.093735e-10,IN,IN,-1.499610e-05,1.915600e-05,5.913300e-09,-1.499610e-05,1.915600e-05,5.913300e-09,3.299940e+00,3.300060e+00,3.300000e+00
mos_ff_res_bcs_-40c_3.3v_25MHz_ideal-0.20,1.00,2.187470e-10,IN,IN,-2.051570e-04,4.344830e-04,5.540040e-09,-2.051570e-04,4.344830e-04,5.540040e-09,3.299150e+00,3.302650e+00,3.300000e+00
mos_ff_res_bcs_-40c_3.3v_25MHz_ideal-0.20,1.15,2.515590e-10,IN,IN,-1.373440e-01,1.316200e-01,1.178180e-03,-1.373440e-01,1.316200e-01,1.178180e-03,1.966630e+00,3.308440e+00,3.253210e+00
mos_ff_res_bcs_-40c_3.3v_25MHz_ideal-0.20,1.30,2.843711e-10,TOG,TOG,-1.448070e-01,1.273190e+00,1.323370e-02,-1.448070e-01,1.273190e+00,1.323370e-02,1.264120e+00,3.308500e+00,3.224510e+00
mos_ff_res_bcs_-40c_3.3v_25MHz_ideal-0.20,1.45,3.171832e-10,TOG,TOG,-1.418360e-01,3.017310e+00,4.781010e-02,-1.418360e-01,3.017310e+00,4.781010e-02,7.507500e-01,3.308430e+00,3.203100e+00
mos_ff_res_bcs_-40c_3.3v_25MHz_ideal-0.20,1.60,3.499952e-10,TOG,TOG,-1.411400e-01,3.252570e+00,6.503150e-02,-1.411400e-01,3.252570e+00,6.503150e-02,5.027510e-01,3.308270e+00,3.189820e+00
mos_ff_res_bcs_-40c_3.3v_25MHz_ideal-0.20,1.75,3.828072e-10,TOG,TOG,-1.415770e-01,3.321520e+00,7.424670e-02,-1.415770e-01,3.321520e+00,7.424670e-02,3.279810e-01,3.308140e+00,3.182070e+00
mos_ff_res_bcs_-40c_3.3v_25MHz_ideal-0.20,1.90,4.156193e-10,TOG,TOG,-1.417650e-01,3.346270e+00,8.404630e-02,-1.417650e-01,3.346270e+00,8.404630e-02,2.490890e-01,3.308180e+00,3.173300e+00
mos_ff_res_bcs_-40c_3.3v_25MHz_ideal-0.20,2.05,4.484313e-10,TOG,TOG,-1.414270e-01,3.344870e+00,8.774490e-02,-1.414270e-01,3.344870e+00,8.774490e-02,2.060460e-01,3.308340e+00,3.169900e+00
mos_ff_res_bcs_-40c_3.3v_25MHz_ideal-0.20,2.20,4.812434e-10,TOG,TOG,-1.414900e-01,3.348260e+00,9.455180e-02,-1.414900e-01,3.348260e+00,9.455180e-02,1.713330e-01,3.308330e+00,3.163420e+00
mos_ff_res_bcs_-40c_3.3v_25MHz_ideal-0.20,2.35,5.140554e-10,TOG,TOG,-1.415800e-01,3.348570e+00,9.598130e-02,-1.415800e-01,3.348570e+00,9.598130e-02,1.516550e-01,3.308330e+00,3.162040e+00
mos_ff_res_bcs_-40c_3.3v_25MHz_ideal-0.20,2.50,5.468675e-10,TOG,TOG,-1.414410e-01,3.349320e+00,1.010970e-01,-1.414410e-01,3.349320e+00,1.010970e-01,1.026340e-01,3.308320e+00,3.157070e+00
mos_ff_res_bcs_-40c_3.3v_25MHz_ideal-0.20,10.00,2.187470e-09,TOG,TOG,-1.415870e-01,3.351710e+00,2.372540e-01,-1.415870e-01,3.351710e+00,2.372540e-01,1.079430e-01,3.308290e+00,3.025520e+00
mos_ff_res_bcs_-40c_3.3v_25MHz_ideal0.00,0.25,5.683200e-11,IN,IN,-1.892170e-05,1.026590e-05,5.548960e-09,-1.892170e-05,1.026590e-05,5.548960e-09,3.299930e+00,3.300040e+00,3.300000e+00
mos_ff_res_bcs_-40c_3.3v_25MHz_ideal0.00,0.50,1.136640e-10,IN,IN,-1.473120e-05,1.130190e-05,5.497780e-09,-1.473120e-05,1.130190e-05,5.497780e-09,3.299950e+00,3.300030e+00,3.300000e+00
mos_ff_res_bcs_-40c_3.3v_25MHz_ideal0.00,1.00,2.273280e-10,IN,IN,-1.760250e-04,3.706430e-04,6.069420e-09,-1.760250e-04,3.706430e-04,6.069420e-09,3.299320e+00,3.302240e+00,3.300000e+00
mos_ff_res_bcs_-40c_3.3v_25MHz_ideal0.00,1.15,2.614272e-10,IN,IN,-1.200300e-01,8.190960e-02,7.457280e-04,-1.200300e-01,8.190960e-02,7.457280e-04,2.126140e+00,3.307600e+00,3.252500e+00
mos_ff_res_bcs_-40c_3.3v_25MHz_ideal0.00,1.30,2.955264e-10,TOG,TOG,-1.309450e-01,7.459240e-01,8.281870e-03,-1.309450e-01,7.459240e-01,8.281870e-03,1.418010e+00,3.307750e+00,3.221080e+00
mos_ff_res_bcs_-40c_3.3v_25MHz_ideal0.00,1.45,3.296256e-10,TOG,TOG,-1.276450e-01,2.712570e+00,3.954510e-02,-1.276450e-01,2.712570e+00,3.954510e-02,9.595820e-01,3.307050e+00,3.199060e+00
mos_ff_res_bcs_-40c_3.3v_25MHz_ideal0.00,1.60,3.637248e-10,TOG,TOG,-1.264630e-01,3.159870e+00,6.188830e-02,-1.264630e-01,3.159870e+00,6.188830e-02,6.720020e-01,3.306500e+00,3.183430e+00
mos_ff_res_bcs_-40c_3.3v_25MHz_ideal0.00,1.75,3.978240e-10,TOG,TOG,-1.266250e-01,3.272470e+00,7.438370e-02,-1.266250e-01,3.272470e+00,7.438370e-02,4.838580e-01,3.306210e+00,3.173510e+00
mos_ff_res_bcs_-40c_3.3v_25MHz_ideal0.00,1.90,4.319232e-10,TOG,TOG,-1.268810e-01,3.328060e+00,8.797590e-02,-1.268810e-01,3.328060e+00,8.797590e-02,3.077900e-01,3.306500e+00,3.161760e+00
mos_ff_res_bcs_-40c_3.3v_25MHz_ideal0.00,2.05,4.660224e-10,TOG,TOG,-1.271140e-01,3.336990e+00,9.406220e-02,-1.271140e-01,3.336990e+00,9.406220e-02,2.512190e-01,3.306830e+00,3.156260e+00
mos_ff_res_bcs_-40c_3.3v_25MHz_ideal0.00,2.20,5.001216e-10,TOG,TOG,-1.271870e-01,3.341280e+00,1.004540e-01,-1.271870e-01,3.341280e+00,1.004540e-01,2.022010e-01,3.306780e+00,3.150240e+00
mos_ff_res_bcs_-40c_3.3v_25MHz_ideal0.00,2.35,5.342208e-10,TOG,TOG,-1.271450e-01,3.342280e+00,1.040850e-01,-1.271450e-01,3.342280e+00,1.040850e-01,1.681980e-01,3.306760e+00,3.146790e+00
mos_ff_res_bcs_-40c_3.3v_25MHz_ideal0.00,2.50,5.683200e-10,TOG,TOG,-1.270140e-01,3.343040e+00,1.093510e-01,-1.270140e-01,3.343040e+00,1.093510e-01,1.192090e-01,3.306750e+00,3.141710e+00
mos_ff_res_bcs_-40c_3.3v_25MHz_ideal0.00,10.00,2.273280e-09,TOG,TOG,-1.270630e-01,3.345170e+00,2.515790e-01,-1.270630e-01,3.345170e+00,2.515790e-01,1.082310e-01,3.306670e+00,3.004310e+00
mos_ff_res_bcs_-40c_3.3v_25MHz_ideal0.20,0.25,5.883125e-11,IN,IN,-1.698500e-05,8.441780e-06,5.590060e-09,-1.698500e-05,8.441780e-06,5.590060e-09,3.299940e+00,3.300030e+00,3.300000e+00
mos_ff_res_bcs_-40c_3.3v_25MHz_ideal0.20,0.50,1.176625e-10,IN,IN,-9.705470e-06,5.426100e-06,5.677680e-09,-9.705470e-06,5.426100e-06,5.677680e-09,3.299960e+00,3.300030e+00,3.300000e+00
mos_ff_res_bcs_-40c_3.3v_25MHz_ideal0.20,1.00,2.353250e-10,IN,IN,-1.450790e-04,3.084950e-04,6.017030e-09,-1.450790e-04,3.084950e-04,6.017030e-09,3.299420e+00,3.301890e+00,3.300000e+00
mos_ff_res_bcs_-40c_3.3v_25MHz_ideal0.20,1.15,2.706237e-10,IN,IN,-1.040550e-01,4.307080e-02,3.680570e-04,-1.040550e-01,4.307080e-02,3.680570e-04,2.271610e+00,3.307940e+00,3.253980e+00
mos_ff_res_bcs_-40c_3.3v_25MHz_ideal0.20,1.30,3.059225e-10,TOG,TOG,-1.185290e-01,4.382230e-01,5.506080e-03,-1.185290e-01,4.382230e-01,5.506080e-03,1.572740e+00,3.308130e+00,3.218620e+00
mos_ff_res_bcs_-40c_3.3v_25MHz_ideal0.20,1.45,3.412213e-10,TOG,TOG,-1.152980e-01,1.967700e+00,2.679470e-02,-1.152980e-01,1.967700e+00,2.679470e-02,1.162680e+00,3.307830e+00,3.196600e+00
mos_ff_res_bcs_-40c_3.3v_25MHz_ideal0.20,1.60,3.765200e-10,TOG,TOG,-1.141660e-01,2.987250e+00,5.473680e-02,-1.141660e-01,2.987250e+00,5.473680e-02,8.787670e-01,3.307860e+00,3.179380e+00
mos_ff_res_bcs_-40c_3.3v_25MHz_ideal0.20,1.75,4.118188e-10,TOG,TOG,-1.143290e-01,3.187990e+00,7.042200e-02,-1.143290e-01,3.187990e+00,7.042200e-02,6.364270e-01,3.307910e+00,3.167800e+00
mos_ff_res_bcs_-40c_3.3v_25MHz_ideal0.20,1.90,4.471175e-10,TOG,TOG,-1.145430e-01,3.311560e+00,9.055080e-02,-1.145430e-01,3.311560e+00,9.055080e-02,4.017850e-01,3.307780e+00,3.151210e+00
mos_ff_res_bcs_-40c_3.3v_25MHz_ideal0.20,2.05,4.824163e-10,TOG,TOG,-1.146400e-01,3.325580e+00,9.639340e-02,-1.146400e-01,3.325580e+00,9.639340e-02,3.317880e-01,3.307770e+00,3.146070e+00
mos_ff_res_bcs_-40c_3.3v_25MHz_ideal0.20,2.20,5.177150e-10,TOG,TOG,-1.147080e-01,3.336030e+00,1.066110e-01,-1.147080e-01,3.336030e+00,1.066110e-01,2.393760e-01,3.307750e+00,3.136690e+00
mos_ff_res_bcs_-40c_3.3v_25MHz_ideal0.20,2.35,5.530138e-10,TOG,TOG,-1.146760e-01,3.337260e+00,1.116290e-01,-1.146760e-01,3.337260e+00,1.116290e-01,2.020080e-01,3.307760e+00,3.132000e+00
mos_ff_res_bcs_-40c_3.3v_25MHz_ideal0.20,2.50,5.883125e-10,TOG,TOG,-1.145760e-01,3.338100e+00,1.166640e-01,-1.145760e-01,3.338100e+00,1.166640e-01,1.569890e-01,3.307750e+00,3.127210e+00
mos_ff_res_bcs_-40c_3.3v_25MHz_ideal0.20,10.00,2.353250e-09,TOG,TOG,-1.146300e-01,3.340080e+00,2.653620e-01,-1.146300e-01,3.340080e+00,2.653620e-01,1.084380e-01,3.307760e+00,2.983570e+00
mos_ff_res_bcs_27c_3.3v_25MHz_real,0.25,6.555375e-11,IN,IN,-1.629360e-05,1.095840e-05,2.170010e-08,-1.629360e-05,1.095840e-05,2.170010e-08,3.299930e+00,3.300040e+00,3.300000e+00
mos_ff_res_bcs_27c_3.3v_25MHz_real,0.50,1.311075e-10,IN,IN,-1.395360e-05,1.517210e-05,2.192300e-08,-1.395360e-05,1.517210e-05,2.192300e-08,3.299950e+00,3.300040e+00,3.300000e+00
mos_ff_res_bcs_27c_3.3v_25MHz_real,1.00,2.622150e-10,IN,IN,-1.805220e-04,3.711540e-04,2.108510e-08,-1.805220e-04,3.711540e-04,2.108510e-08,3.299280e+00,3.302200e+00,3.300000e+00
mos_ff_res_bcs_27c_3.3v_25MHz_real,1.15,3.015473e-10,IN,IN,-1.193650e-01,8.206920e-02,6.975750e-04,-1.193650e-01,8.206920e-02,6.975750e-04,2.194180e+00,3.308400e+00,3.261460e+00
mos_ff_res_bcs_27c_3.3v_25MHz_real,1.30,3.408795e-10,TOG,TOG,-1.393380e-01,6.351790e-01,7.242670e-03,-1.393380e-01,6.351790e-01,7.242670e-03,1.526580e+00,3.308560e+00,3.233720e+00
mos_ff_res_bcs_27c_3.3v_25MHz_real,1.45,3.802118e-10,TOG,TOG,-1.358710e-01,2.289480e+00,3.097080e-02,-1.358710e-01,2.289480e+00,3.097080e-02,1.080550e+00,3.308600e+00,3.215520e+00
mos_ff_res_bcs_27c_3.3v_25MHz_real,1.60,4.195440e-10,TOG,TOG,-1.344480e-01,3.094800e+00,5.785420e-02,-1.344480e-01,3.094800e+00,5.785420e-02,7.162590e-01,3.308520e+00,3.198540e+00
mos_ff_res_bcs_27c_3.3v_25MHz_real,1.75,4.588763e-10,TOG,TOG,-1.344940e-01,3.196980e+00,6.631660e-02,-1.344940e-01,3.196980e+00,6.631660e-02,5.928140e-01,3.308500e+00,3.192040e+00
mos_ff_res_bcs_27c_3.3v_25MHz_real,1.90,4.982085e-10,TOG,TOG,-1.347240e-01,3.296640e+00,7.928310e-02,-1.347240e-01,3.296640e+00,7.928310e-02,3.981020e-01,3.308480e+00,3.181290e+00
mos_ff_res_bcs_27c_3.3v_25MHz_real,2.05,5.375408e-10,TOG,TOG,-1.349990e-01,3.323430e+00,8.542850e-02,-1.349990e-01,3.323430e+00,8.542850e-02,3.211900e-01,3.308500e+00,3.175880e+00
mos_ff_res_bcs_27c_3.3v_25MHz_real,2.20,5.768730e-10,TOG,TOG,-1.351420e-01,3.342710e+00,9.307340e-02,-1.351420e-01,3.342710e+00,9.307340e-02,2.534380e-01,3.308510e+00,3.168970e+00
mos_ff_res_bcs_27c_3.3v_25MHz_real,2.35,6.162053e-10,TOG,TOG,-1.351390e-01,3.348970e+00,9.792620e-02,-1.351390e-01,3.348970e+00,9.792620e-02,2.131040e-01,3.308500e+00,3.164490e+00
mos_ff_res_bcs_27c_3.3v_25MHz_real,2.50,6.555375e-10,TOG,TOG,-1.349700e-01,3.352300e+00,1.025000e-01,-1.349700e-01,3.352300e+00,1.025000e-01,1.851140e-01,3.308500e+00,3.160210e+00
mos_ff_res_bcs_27c_3.3v_25MHz_real,10.00,2.622150e-09,TOG,TOG,-1.350340e-01,3.357660e+00,2.673690e-01,-1.350340e-01,3.357660e+00,2.673690e-01,1.625490e-01,3.308500e+00,3.003620e+00
mos_ff_res_bcs_27c_3.3v_25MHz_ideal-0.20,0.25,6.321500e-11,IN,IN,-1.886710e-05,1.397160e-05,2.134860e-08,-1.886710e-05,1.397160e-05,2.134860e-08,3.299920e+00,3.300050e+00,3.300000e+00
mos_ff_res_bcs_27c_3.3v_25MHz_ideal-0.20,0.50,1.264300e-10,IN,IN,-1.676290e-05,1.128500e-05,2.120160e-08,-1.676290e-05,1.128500e-05,2.120160e-08,3.299940e+00,3.300060e+00,3.300000e+00
mos_ff_res_bcs_27c_3.3v_25MHz_ideal-0.20,1.00,2.528600e-10,IN,IN,-2.162710e-04,4.453700e-04,2.168260e-08,-2.162710e-04,4.453700e-04,2.168260e-08,3.299140e+00,3.302640e+00,3.300000e+00
mos_ff_res_bcs_27c_3.3v_25MHz_ideal-0.20,1.15,2.907890e-10,IN,IN,-1.403800e-01,1.302210e-01,1.141710e-03,-1.403800e-01,1.302210e-01,1.141710e-03,2.078330e+00,3.309820e+00,3.261270e+00
mos_ff_res_bcs_27c_3.3v_25MHz_ideal-0.20,1.30,3.287180e-10,TOG,TOG,-1.520000e-01,1.252140e+00,1.352100e-02,-1.520000e-01,1.252140e+00,1.352100e-02,1.324190e+00,3.309700e+00,3.233830e+00
mos_ff_res_bcs_27c_3.3v_25MHz_ideal-0.20,1.45,3.666470e-10,TOG,TOG,-1.477200e-01,2.840680e+00,4.138090e-02,-1.477200e-01,2.840680e+00,4.138090e-02,9.375730e-01,3.310210e+00,3.217670e+00
mos_ff_res_bcs_27c_3.3v_25MHz_ideal-0.20,1.60,4.045760e-10,TOG,TOG,-1.457760e-01,3.187180e+00,5.944710e-02,-1.457760e-01,3.187180e+00,5.944710e-02,5.584710e-01,3.310350e+00,3.204700e+00
mos_ff_res_bcs_27c_3.3v_25MHz_ideal-0.20,1.75,4.425050e-10,TOG,TOG,-1.452660e-01,3.267380e+00,6.762230e-02,-1.452660e-01,3.267380e+00,6.762230e-02,4.472250e-01,3.310280e+00,3.198040e+00
mos_ff_res_bcs_27c_3.3v_25MHz_ideal-0.20,1.90,4.804340e-10,TOG,TOG,-1.452770e-01,3.320680e+00,7.623530e-02,-1.452770e-01,3.320680e+00,7.623530e-02,3.195710e-01,3.310240e+00,3.190600e+00
mos_ff_res_bcs_27c_3.3v_25MHz_ideal-0.20,2.05,5.183630e-10,TOG,TOG,-1.461230e-01,3.340550e+00,8.168700e-02,-1.461230e-01,3.340550e+00,8.168700e-02,2.863180e-01,3.310290e+00,3.185690e+00
mos_ff_res_bcs_27c_3.3v_25MHz_ideal-0.20,2.20,5.562920e-10,TOG,TOG,-1.466290e-01,3.352360e+00,8.726930e-02,-1.466290e-01,3.352360e+00,8.726930e-02,2.188990e-01,3.310350e+00,3.180550e+00
mos_ff_res_bcs_27c_3.3v_25MHz_ideal-0.20,2.35,5.942210e-10,TOG,TOG,-1.465300e-01,3.357770e+00,9.197180e-02,-1.465300e-01,3.357770e+00,9.197180e-02,1.812350e-01,3.310330e+00,3.176160e+00
mos_ff_res_bcs_27c_3.3v_25MHz_ideal-0.20,2.50,6.321500e-10,TOG,TOG,-1.462940e-01,3.360140e+00,9.554820e-02,-1.462940e-01,3.360140e+00,9.554820e-02,1.603540e-01,3.310330e+00,3.172790e+00
mos_ff_res_bcs_27c_3.3v_25MHz_ideal-0.20,10.00,2.528600e-09,TOG,TOG,-1.463780e-01,3.365050e+00,2.537720e-01,-1.463780e-01,3.365050e+00,2.537720e-01,1.624960e-01,3.310330e+00,3.022450e+00
mos_ff_res_bcs_27c_3.3v_25MHz_ideal0.00,0.25,6.555675e-11,IN,IN,-1.629890e-05,1.097580e-05,2.168360e-08,-1.629890e-05,1.097580e-05,2.168360e-08,3.299930e+00,3.300040e+00,3.300000e+00
mos_ff_res_bcs_27c_3.3v_25MHz_ideal0.00,0.50,1.311135e-10,IN,IN,-1.389560e-05,1.514040e-05,2.185660e-08,-1.389560e-05,1.514040e-05,2.185660e-08,3.299950e+00,3.300040e+00,3.300000e+00
mos_ff_res_bcs_27c_3.3v_25MHz_ideal0.00,1.00,2.622270e-10,IN,IN,-1.806260e-04,3.713830e-04,2.113090e-08,-1.806260e-04,3.713830e-04,2.113090e-08,3.299280e+00,3.302200e+00,3.300000e+00
mos_ff_res_bcs_27c_3.3v_25MHz_ideal0.00,1.15,3.015610e-10,IN,IN,-1.193900e-01,8.214990e-02,6.984830e-04,-1.193900e-01,8.214990e-02,6.984830e-04,2.193870e+00,3.308460e+00,3.261450e+00
mos_ff_res_bcs_27c_3.3v_25MHz_ideal0.00,1.30,3.408951e-10,TOG,TOG,-1.393520e-01,6.355530e-01,7.246450e-03,-1.393520e-01,6.355530e-01,7.246450e-03,1.526230e+00,3.308630e+00,3.233710e+00
mos_ff_res_bcs_27c_3.3v_25MHz_ideal0.00,1.45,3.802291e-10,TOG,TOG,-1.358870e-01,2.291100e+00,3.100050e-02,-1.358870e-01,2.291100e+00,3.100050e-02,1.080100e+00,3.308650e+00,3.215510e+00
mos_ff_res_bcs_27c_3.3v_25MHz_ideal0.00,1.60,4.195632e-10,TOG,TOG,-1.344640e-01,3.094870e+00,5.785860e-02,-1.344640e-01,3.094870e+00,5.785860e-02,7.162070e-01,3.308560e+00,3.198540e+00
mos_ff_res_bcs_27c_3.3v_25MHz_ideal0.00,1.75,4.588972e-10,TOG,TOG,-1.345110e-01,3.197050e+00,6.632230e-02,-1.345110e-01,3.197050e+00,6.632230e-02,5.925950e-01,3.308540e+00,3.192040e+00
mos_ff_res_bcs_27c_3.3v_25MHz_ideal0.00,1.90,4.982313e-10,TOG,TOG,-1.347410e-01,3.296670e+00,7.928790e-02,-1.347410e-01,3.296670e+00,7.928790e-02,3.979920e-01,3.308520e+00,3.181280e+00
mos_ff_res_bcs_27c_3.3v_25MHz_ideal0.00,2.05,5.375654e-10,TOG,TOG,-1.350160e-01,3.323450e+00,8.543400e-02,-1.350160e-01,3.323450e+00,8.543400e-02,3.210830e-01,3.308540e+00,3.175870e+00
mos_ff_res_bcs_27c_3.3v_25MHz_ideal0.00,2.20,5.768994e-10,TOG,TOG,-1.351590e-01,3.342710e+00,9.307770e-02,-1.351590e-01,3.342710e+00,9.307770e-02,2.533830e-01,3.308540e+00,3.168970e+00
mos_ff_res_bcs_27c_3.3v_25MHz_ideal0.00,2.35,6.162335e-10,TOG,TOG,-1.351560e-01,3.348980e+00,9.792890e-02,-1.351560e-01,3.348980e+00,9.792890e-02,2.130210e-01,3.308540e+00,3.164480e+00
mos_ff_res_bcs_27c_3.3v_25MHz_ideal0.00,2.50,6.555675e-10,TOG,TOG,-1.349870e-01,3.352310e+00,1.025030e-01,-1.349870e-01,3.352310e+00,1.025030e-01,1.850020e-01,3.308540e+00,3.160210e+00
mos_ff_res_bcs_27c_3.3v_25MHz_ideal0.00,10.00,2.622270e-09,TOG,TOG,-1.350500e-01,3.357690e+00,2.673780e-01,-1.350500e-01,3.357690e+00,2.673780e-01,1.625490e-01,3.308540e+00,3.003610e+00
mos_ff_res_bcs_27c_3.3v_25MHz_ideal0.20,0.25,6.793025e-11,IN,IN,-1.435080e-05,9.100570e-06,2.166100e-08,-1.435080e-05,9.100570e-06,2.166100e-08,3.299940e+00,3.300030e+00,3.300000e+00
mos_ff_res_bcs_27c_3.3v_25MHz_ideal0.20,0.50,1.358605e-10,IN,IN,-1.137480e-05,7.616360e-06,2.162910e-08,-1.137480e-05,7.616360e-06,2.162910e-08,3.299960e+00,3.300030e+00,3.300000e+00
mos_ff_res_bcs_27c_3.3v_25MHz_ideal0.20,1.00,2.717210e-10,IN,IN,-1.532560e-04,3.168440e-04,2.203580e-08,-1.532560e-04,3.168440e-04,2.203580e-08,3.299390e+00,3.301880e+00,3.300000e+00
mos_ff_res_bcs_27c_3.3v_25MHz_ideal0.20,1.15,3.124791e-10,IN,IN,-1.085480e-01,5.449900e-02,4.654070e-04,-1.085480e-01,5.449900e-02,4.654070e-04,2.307980e+00,3.307230e+00,3.260840e+00
mos_ff_res_bcs_27c_3.3v_25MHz_ideal0.20,1.30,3.532373e-10,TOG,TOG,-1.255960e-01,4.394330e-01,5.460530e-03,-1.255960e-01,4.394330e-01,5.460530e-03,1.634530e+00,3.307330e+00,3.231260e+00
mos_ff_res_bcs_27c_3.3v_25MHz_ideal0.20,1.45,3.939954e-10,TOG,TOG,-1.227210e-01,1.712190e+00,2.285070e-02,-1.227210e-01,1.712190e+00,2.285070e-02,1.223990e+00,3.307650e+00,3.211890e+00
mos_ff_res_bcs_27c_3.3v_25MHz_ideal0.20,1.60,4.347536e-10,TOG,TOG,-1.215160e-01,2.927960e+00,5.219380e-02,-1.215160e-01,2.927960e+00,5.219380e-02,8.884160e-01,3.307720e+00,3.194720e+00
mos_ff_res_bcs_27c_3.3v_25MHz_ideal0.20,1.75,4.755117e-10,TOG,TOG,-1.216740e-01,3.131510e+00,6.570250e-02,-1.216740e-01,3.131510e+00,6.570250e-02,7.417320e-01,3.307690e+00,3.185000e+00
mos_ff_res_bcs_27c_3.3v_25MHz_ideal0.20,1.90,5.162699e-10,TOG,TOG,-1.218850e-01,3.254500e+00,7.921110e-02,-1.218850e-01,3.254500e+00,7.921110e-02,5.167970e-01,3.307670e+00,3.174270e+00
mos_ff_res_bcs_27c_3.3v_25MHz_ideal0.20,2.05,5.570280e-10,TOG,TOG,-1.218600e-01,3.305350e+00,8.854380e-02,-1.218600e-01,3.305350e+00,8.854380e-02,3.926830e-01,3.307690e+00,3.166330e+00
mos_ff_res_bcs_27c_3.3v_25MHz_ideal0.20,2.20,5.977862e-10,TOG,TOG,-1.219520e-01,3.330980e+00,9.690500e-02,-1.219520e-01,3.330980e+00,9.690500e-02,3.071040e-01,3.307700e+00,3.158920e+00
mos_ff_res_bcs_27c_3.3v_25MHz_ideal0.20,2.35,6.385443e-10,TOG,TOG,-1.219860e-01,3.341370e+00,1.034890e-01,-1.219860e-01,3.341370e+00,1.034890e-01,2.484860e-01,3.307700e+00,3.152930e+00
mos_ff_res_bcs_27c_3.3v_25MHz_ideal0.20,2.50,6.793025e-10,TOG,TOG,-1.218440e-01,3.345750e+00,1.088010e-01,-1.218440e-01,3.345750e+00,1.088010e-01,2.099710e-01,3.307700e+00,3.148010e+00
mos_ff_res_bcs_27c_3.3v_25MHz_ideal0.20,10.00,2.717210e-09,TOG,TOG,-1.219020e-01,3.351470e+00,2.809050e-01,-1.219020e-01,3.351470e+00,2.809050e-01,1.625880e-01,3.307700e+00,2.984630e+00
mos_ff_res_bcs_125c_3.3v_25MHz_real,0.25,8.030025e-11,IN,IN,-7.968690e-06,1.182960e-05,9.471900e-07,-7.968690e-06,1.182960e-05,9.471900e-07,3.299940e+00,3.300040e+00,3.300000e+00
mos_ff_res_bcs_125c_3.3v_25MHz_real,0.50,1.606005e-10,IN,IN,-8.929500e-06,1.610290e-05,9.480390e-07,-8.929500e-06,1.610290e-05,9.480390e-07,3.299950e+00,3.300040e+00,3.300000e+00
mos_ff_res_bcs_125c_3.3v_25MHz_real,1.00,3.212010e-10,IN,IN,-1.868280e-04,3.619410e-04,9.481110e-07,-1.868280e-04,3.619410e-04,9.481110e-07,3.299320e+00,3.302150e+00,3.300000e+00
mos_ff_res_bcs_125c_3.3v_25MHz_real,1.15,3.693811e-10,IN,IN,-1.057330e-01,7.417320e-02,6.589000e-04,-1.057330e-01,7.417320e-02,6.589000e-04,2.337540e+00,3.306720e+00,3.272030e+00
mos_ff_res_bcs_125c_3.3v_25MHz_real,1.30,4.175613e-10,TOG,TOG,-1.393990e-01,5.830200e-01,6.902480e-03,-1.393990e-01,5.830200e-01,6.902480e-03,1.582390e+00,3.306490e+00,3.247420e+00
mos_ff_res_bcs_125c_3.3v_25MHz_real,1.45,4.657414e-10,TOG,TOG,-1.373710e-01,1.823110e+00,2.370730e-02,-1.373710e-01,1.823110e+00,2.370730e-02,1.179690e+00,3.306820e+00,3.232540e+00
mos_ff_res_bcs_125c_3.3v_25MHz_real,1.60,5.139216e-10,TOG,TOG,-1.362510e-01,2.777940e+00,4.357460e-02,-1.362510e-01,2.777940e+00,4.357460e-02,8.982450e-01,3.306930e+00,3.221830e+00
mos_ff_res_bcs_125c_3.3v_25MHz_real,1.75,5.621017e-10,TOG,TOG,-1.364550e-01,3.082610e+00,5.729900e-02,-1.364550e-01,3.082610e+00,5.729900e-02,6.855620e-01,3.306920e+00,3.212430e+00
mos_ff_res_bcs_125c_3.3v_25MHz_real,1.90,6.102819e-10,TOG,TOG,-1.367070e-01,3.211720e+00,6.739490e-02,-1.367070e-01,3.211720e+00,6.739490e-02,5.547220e-01,3.306890e+00,3.204580e+00
mos_ff_res_bcs_125c_3.3v_25MHz_real,2.05,6.584620e-10,TOG,TOG,-1.366600e-01,3.277370e+00,7.520170e-02,-1.366600e-01,3.277370e+00,7.520170e-02,4.788980e-01,3.306910e+00,3.198140e+00
mos_ff_res_bcs_125c_3.3v_25MHz_real,2.20,7.066422e-10,TOG,TOG,-1.366180e-01,3.316520e+00,8.216010e-02,-1.366180e-01,3.316520e+00,8.216010e-02,4.280590e-01,3.306930e+00,3.192200e+00
mos_ff_res_bcs_125c_3.3v_25MHz_real,2.35,7.548224e-10,TOG,TOG,-1.367770e-01,3.337770e+00,8.793360e-02,-1.367770e-01,3.337770e+00,8.793360e-02,3.793400e-01,3.306930e+00,3.187160e+00
mos_ff_res_bcs_125c_3.3v_25MHz_real,2.50,8.030025e-10,TOG,TOG,-1.366720e-01,3.350300e+00,9.316770e-02,-1.366720e-01,3.350300e+00,9.316770e-02,3.405960e-01,3.306930e+00,3.182510e+00
mos_ff_res_bcs_125c_3.3v_25MHz_real,10.00,3.212010e-09,TOG,TOG,-1.366570e-01,3.365610e+00,2.960680e-01,-1.366570e-01,3.365610e+00,2.960680e-01,2.762650e-01,3.306930e+00,2.997190e+00
mos_ff_res_bcs_125c_3.3v_25MHz_ideal-0.20,0.25,7.745850e-11,IN,IN,-1.172190e-05,1.482610e-05,9.473170e-07,-1.172190e-05,1.482610e-05,9.473170e-07,3.299930e+00,3.300050e+00,3.300000e+00
mos_ff_res_bcs_125c_3.3v_25MHz_ideal-0.20,0.50,1.549170e-10,IN,IN,-1.128240e-05,1.385480e-05,9.475510e-07,-1.128240e-05,1.385480e-05,9.475510e-07,3.299950e+00,3.300040e+00,3.300000e+00
mos_ff_res_bcs_125c_3.3v_25MHz_ideal-0.20,1.00,3.098340e-10,IN,IN,-2.335170e-04,4.488320e-04,9.478990e-07,-2.335170e-04,4.488320e-04,9.478990e-07,3.299150e+00,3.302680e+00,3.300000e+00
mos_ff_res_bcs_125c_3.3v_25MHz_ideal-0.20,1.15,3.563091e-10,IN,IN,-1.326250e-01,1.275750e-01,1.114520e-03,-1.326250e-01,1.275750e-01,1.114520e-03,2.166290e+00,3.307070e+00,3.270980e+00
mos_ff_res_bcs_125c_3.3v_25MHz_ideal-0.20,1.30,4.027842e-10,TOG,TOG,-1.565030e-01,1.005750e+00,1.107070e-02,-1.565030e-01,1.005750e+00,1.107070e-02,1.385600e+00,3.306550e+00,3.247290e+00
mos_ff_res_bcs_125c_3.3v_25MHz_ideal-0.20,1.45,4.492593e-10,TOG,TOG,-1.533990e-01,2.373790e+00,3.106420e-02,-1.533990e-01,2.373790e+00,3.106420e-02,1.020700e+00,3.306970e+00,3.235240e+00
mos_ff_res_bcs_125c_3.3v_25MHz_ideal-0.20,1.60,4.957344e-10,TOG,TOG,-1.517620e-01,2.981490e+00,4.771650e-02,-1.517620e-01,2.981490e+00,4.771650e-02,7.328960e-01,3.307700e+00,3.225320e+00
mos_ff_res_bcs_125c_3.3v_25MHz_ideal-0.20,1.75,5.422095e-10,TOG,TOG,-1.515200e-01,3.170430e+00,5.838250e-02,-1.515200e-01,3.170430e+00,5.838250e-02,5.564730e-01,3.308060e+00,3.217320e+00
mos_ff_res_bcs_125c_3.3v_25MHz_ideal-0.20,1.90,5.886846e-10,TOG,TOG,-1.514870e-01,3.258280e+00,6.628660e-02,-1.514870e-01,3.258280e+00,6.628660e-02,4.650580e-01,3.308140e+00,3.210910e+00
mos_ff_res_bcs_125c_3.3v_25MHz_ideal-0.20,2.05,6.351597e-10,TOG,TOG,-1.517460e-01,3.309490e+00,7.324830e-02,-1.517460e-01,3.309490e+00,7.324830e-02,4.153340e-01,3.307920e+00,3.205040e+00
mos_ff_res_bcs_125c_3.3v_25MHz_ideal-0.20,2.20,6.816348e-10,TOG,TOG,-1.521180e-01,3.337110e+00,7.900020e-02,-1.521180e-01,3.337110e+00,7.900020e-02,3.739070e-01,3.307710e+00,3.200050e+00
mos_ff_res_bcs_125c_3.3v_25MHz_ideal-0.20,2.35,7.281099e-10,TOG,TOG,-1.523030e-01,3.353510e+00,8.419110e-02,-1.523030e-01,3.353510e+00,8.419110e-02,3.390790e-01,3.307760e+00,3.195450e+00
mos_ff_res_bcs_125c_3.3v_25MHz_ideal-0.20,2.50,7.745850e-10,TOG,TOG,-1.521230e-01,3.362680e+00,8.883730e-02,-1.521230e-01,3.362680e+00,8.883730e-02,3.116130e-01,3.307780e+00,3.191270e+00
mos_ff_res_bcs_125c_3.3v_25MHz_ideal-0.20,10.00,3.098340e-09,TOG,TOG,-1.521030e-01,3.373260e+00,2.833330e-01,-1.521030e-01,3.373260e+00,2.833330e-01,2.756780e-01,3.307780e+00,3.013530e+00
mos_ff_res_bcs_125c_3.3v_25MHz_ideal0.00,0.25,8.030275e-11,IN,IN,-7.961140e-06,1.183540e-05,9.471840e-07,-7.961140e-06,1.183540e-05,9.471840e-07,3.299940e+00,3.300040e+00,3.300000e+00
mos_ff_res_bcs_125c_3.3v_25MHz_ideal0.00,0.50,1.606055e-10,IN,IN,-8.890080e-06,1.605730e-05,9.480210e-07,-8.890080e-06,1.605730e-05,9.480210e-07,3.299950e+00,3.300040e+00,3.300000e+00
mos_ff_res_bcs_125c_3.3v_25MHz_ideal0.00,1.00,3.212110e-10,IN,IN,-1.868290e-04,3.621420e-04,9.481060e-07,-1.868290e-04,3.621420e-04,9.481060e-07,3.299320e+00,3.302150e+00,3.300000e+00
mos_ff_res_bcs_125c_3.3v_25MHz_ideal0.00,1.15,3.693926e-10,IN,IN,-1.057010e-01,7.424390e-02,6.596840e-04,-1.057010e-01,7.424390e-02,6.596840e-04,2.337220e+00,3.306740e+00,3.272030e+00
mos_ff_res_bcs_125c_3.3v_25MHz_ideal0.00,1.30,4.175743e-10,TOG,TOG,-1.394180e-01,5.830770e-01,6.903090e-03,-1.394180e-01,5.830770e-01,6.903090e-03,1.582310e+00,3.306520e+00,3.247420e+00
mos_ff_res_bcs_125c_3.3v_25MHz_ideal0.00,1.45,4.657560e-10,TOG,TOG,-1.373820e-01,1.823620e+00,2.371510e-02,-1.373820e-01,1.823620e+00,2.371510e-02,1.179540e+00,3.306830e+00,3.232540e+00
mos_ff_res_bcs_125c_3.3v_25MHz_ideal0.00,1.60,5.139376e-10,TOG,TOG,-1.362600e-01,2.778170e+00,4.358190e-02,-1.362600e-01,2.778170e+00,4.358190e-02,8.980710e-01,3.306940e+00,3.221830e+00
mos_ff_res_bcs_125c_3.3v_25MHz_ideal0.00,1.75,5.621192e-10,TOG,TOG,-1.364630e-01,3.082680e+00,5.730260e-02,-1.364630e-01,3.082680e+00,5.730260e-02,6.854380e-01,3.306920e+00,3.212430e+00
mos_ff_res_bcs_125c_3.3v_25MHz_ideal0.00,1.90,6.103009e-10,TOG,TOG,-1.367140e-01,3.211770e+00,6.739890e-02,-1.367140e-01,3.211770e+00,6.739890e-02,5.546670e-01,3.306890e+00,3.204570e+00
mos_ff_res_bcs_125c_3.3v_25MHz_ideal0.00,2.05,6.584825e-10,TOG,TOG,-1.366680e-01,3.277400e+00,7.520510e-02,-1.366680e-01,3.277400e+00,7.520510e-02,4.788320e-01,3.306920e+00,3.198140e+00
mos_ff_res_bcs_125c_3.3v_25MHz_ideal0.00,2.20,7.066642e-10,TOG,TOG,-1.366280e-01,3.316550e+00,8.216380e-02,-1.366280e-01,3.316550e+00,8.216380e-02,4.280530e-01,3.306940e+00,3.192200e+00
mos_ff_res_bcs_125c_3.3v_25MHz_ideal0.00,2.35,7.548458e-10,TOG,TOG,-1.367860e-01,3.337790e+00,8.793620e-02,-1.367860e-01,3.337790e+00,8.793620e-02,3.793120e-01,3.306930e+00,3.187150e+00
mos_ff_res_bcs_125c_3.3v_25MHz_ideal0.00,2.50,8.030275e-10,TOG,TOG,-1.366820e-01,3.350310e+00,9.317050e-02,-1.366820e-01,3.350310e+00,9.317050e-02,3.405520e-01,3.306930e+00,3.182500e+00
mos_ff_res_bcs_125c_3.3v_25MHz_ideal0.00,10.00,3.212110e-09,TOG,TOG,-1.366670e-01,3.365640e+00,2.960770e-01,-1.366670e-01,3.365640e+00,2.960770e-01,2.762610e-01,3.306930e+00,2.997180e+00
mos_ff_res_bcs_125c_3.3v_25MHz_ideal0.20,0.25,8.318000e-11,IN,IN,-8.832290e-06,1.018250e-05,9.474840e-07,-8.832290e-06,1.018250e-05,9.474840e-07,3.299950e+00,3.300030e+00,3.300000e+00
mos_ff_res_bcs_125c_3.3v_25MHz_ideal0.20,0.50,1.663600e-10,IN,IN,-7.015350e-06,9.601810e-06,9.475360e-07,-7.015350e-06,9.601810e-06,9.475360e-07,3.299960e+00,3.300020e+00,3.300000e+00
mos_ff_res_bcs_125c_3.3v_25MHz_ideal0.20,1.00,3.327200e-10,IN,IN,-1.557420e-04,3.155430e-04,9.478000e-07,-1.557420e-04,3.155430e-04,9.478000e-07,3.299410e+00,3.301800e+00,3.300000e+00
mos_ff_res_bcs_125c_3.3v_25MHz_ideal0.20,1.15,3.826280e-10,IN,IN,-1.039610e-01,5.091810e-02,4.484020e-04,-1.039610e-01,5.091810e-02,4.484020e-04,2.434570e+00,3.306260e+00,3.272130e+00
mos_ff_res_bcs_125c_3.3v_25MHz_ideal0.20,1.30,4.325360e-10,TOG,TOG,-1.231840e-01,3.452730e-01,4.392080e-03,-1.231840e-01,3.452730e-01,4.392080e-03,1.798150e+00,3.306770e+00,3.248950e+00
mos_ff_res_bcs_125c_3.3v_25MHz_ideal0.20,1.45,4.824440e-10,TOG,TOG,-1.192730e-01,1.283610e+00,1.687620e-02,-1.192730e-01,1.283610e+00,1.687620e-02,1.338280e+00,3.306250e+00,3.230790e+00
mos_ff_res_bcs_125c_3.3v_25MHz_ideal0.20,1.60,5.323520e-10,TOG,TOG,-1.173170e-01,2.479580e+00,3.822410e-02,-1.173170e-01,2.479580e+00,3.822410e-02,1.047680e+00,3.305740e+00,3.218520e+00
mos_ff_res_bcs_125c_3.3v_25MHz_ideal0.20,1.75,5.822600e-10,TOG,TOG,-1.167800e-01,2.966170e+00,5.491590e-02,-1.167800e-01,2.966170e+00,5.491590e-02,8.187780e-01,3.306100e+00,3.208250e+00
mos_ff_res_bcs_125c_3.3v_25MHz_ideal0.20,1.90,6.321680e-10,TOG,TOG,-1.168010e-01,3.155360e+00,6.755440e-02,-1.168010e-01,3.155360e+00,6.755440e-02,6.523110e-01,3.306070e+00,3.198910e+00
mos_ff_res_bcs_125c_3.3v_25MHz_ideal0.20,2.05,6.820760e-10,TOG,TOG,-1.175550e-01,3.242670e+00,7.675850e-02,-1.175550e-01,3.242670e+00,7.675850e-02,5.449130e-01,3.305800e+00,3.191530e+00
mos_ff_res_bcs_125c_3.3v_25MHz_ideal0.20,2.20,7.319840e-10,TOG,TOG,-1.180120e-01,3.294020e+00,8.485330e-02,-1.180120e-01,3.294020e+00,8.485330e-02,4.755500e-01,3.305820e+00,3.184770e+00
mos_ff_res_bcs_125c_3.3v_25MHz_ideal0.20,2.35,7.818920e-10,TOG,TOG,-1.179090e-01,3.322130e+00,9.149390e-02,-1.179090e-01,3.322130e+00,9.149390e-02,4.197970e-01,3.305790e+00,3.179060e+00
mos_ff_res_bcs_125c_3.3v_25MHz_ideal0.20,2.50,8.318000e-10,TOG,TOG,-1.177090e-01,3.338550e+00,9.742130e-02,-1.177090e-01,3.338550e+00,9.742130e-02,3.753040e-01,3.305790e+00,3.173870e+00
mos_ff_res_bcs_125c_3.3v_25MHz_ideal0.20,10.00,3.327200e-09,TOG,TOG,-1.177870e-01,3.361520e+00,3.090400e-01,-1.177870e-01,3.361520e+00,3.090400e-01,2.767360e-01,3.305790e+00,2.980740e+00
mos_sf_res_typ_-40c_3.3v_25MHz_real,0.25,6.254000e-11,IN,IN,-1.282540e-05,9.052260e-06,1.005500e-09,-1.282540e-05,9.052260e-06,1.005500e-09,3.299940e+00,3.300040e+00,3.300000e+00
mos_sf_res_typ_-40c_3.3v_25MHz_real,0.50,1.250800e-10,IN,IN,-1.154360e-05,9.758440e-06,1.248310e-09,-1.154360e-05,9.758440e-06,1.248310e-09,3.299960e+00,3.300030e+00,3.300000e+00
mos_sf_res_typ_-40c_3.3v_25MHz_real,1.00,2.501600e-10,IN,IN,-1.634830e-04,3.344040e-04,5.532430e-10,-1.634830e-04,3.344040e-04,5.532430e-10,3.299340e+00,3.302130e+00,3.300000e+00
mos_sf_res_typ_-40c_3.3v_25MHz_real,1.15,2.876840e-10,IN,IN,-1.056620e-01,6.088880e-02,6.189500e-04,-1.056620e-01,6.088880e-02,6.189500e-04,2.185980e+00,3.308790e+00,3.242120e+00
mos_sf_res_typ_-40c_3.3v_25MHz_real,1.30,3.252080e-10,TOG,TOG,-1.180300e-01,5.418130e-01,7.415030e-03,-1.180300e-01,5.418130e-01,7.415030e-03,1.542270e+00,3.309150e+00,3.204520e+00
mos_sf_res_typ_-40c_3.3v_25MHz_real,1.45,3.627320e-10,TOG,TOG,-1.151060e-01,2.613090e+00,4.485820e-02,-1.151060e-01,2.613090e+00,4.485820e-02,1.087320e+00,3.308820e+00,3.176770e+00
mos_sf_res_typ_-40c_3.3v_25MHz_real,1.60,4.002560e-10,TOG,TOG,-1.141010e-01,3.172940e+00,7.875810e-02,-1.141010e-01,3.172940e+00,7.875810e-02,7.428630e-01,3.308450e+00,3.154290e+00
mos_sf_res_typ_-40c_3.3v_25MHz_real,1.75,4.377800e-10,TOG,TOG,-1.142160e-01,3.277830e+00,9.574190e-02,-1.142160e-01,3.277830e+00,9.574190e-02,5.709420e-01,3.308190e+00,3.141120e+00
mos_sf_res_typ_-40c_3.3v_25MHz_real,1.90,4.753040e-10,TOG,TOG,-1.144340e-01,3.326610e+00,1.137710e-01,-1.144340e-01,3.326610e+00,1.137710e-01,3.391640e-01,3.308330e+00,3.125800e+00
mos_sf_res_typ_-40c_3.3v_25MHz_real,2.05,5.128280e-10,TOG,TOG,-1.144760e-01,3.333400e+00,1.249280e-01,-1.144760e-01,3.333400e+00,1.249280e-01,2.664960e-01,3.308610e+00,3.115780e+00
mos_sf_res_typ_-40c_3.3v_25MHz_real,2.20,5.503520e-10,TOG,TOG,-1.145390e-01,3.334480e+00,1.306060e-01,-1.145390e-01,3.334480e+00,1.306060e-01,2.020870e-01,3.308580e+00,3.110480e+00
mos_sf_res_typ_-40c_3.3v_25MHz_real,2.35,5.878760e-10,TOG,TOG,-1.145540e-01,3.335000e+00,1.374410e-01,-1.145540e-01,3.335000e+00,1.374410e-01,1.389140e-01,3.308570e+00,3.104010e+00
mos_sf_res_typ_-40c_3.3v_25MHz_real,2.50,6.254000e-10,TOG,TOG,-1.144380e-01,3.335170e+00,1.426220e-01,-1.144380e-01,3.335170e+00,1.426220e-01,9.689850e-02,3.308560e+00,3.099050e+00
mos_sf_res_typ_-40c_3.3v_25MHz_real,10.00,2.501600e-09,TOG,TOG,-1.144960e-01,3.336200e+00,3.027140e-01,-1.144960e-01,3.336200e+00,3.027140e-01,8.637470e-02,3.308500e+00,2.943480e+00
mos_sf_res_typ_-40c_3.3v_25MHz_ideal-0.20,0.25,6.025500e-11,IN,IN,-1.327290e-05,1.187590e-05,7.800520e-10,-1.327290e-05,1.187590e-05,7.800520e-10,3.299930e+00,3.300050e+00,3.300000e+00
mos_sf_res_typ_-40c_3.3v_25MHz_ideal-0.20,0.50,1.205100e-10,IN,IN,-1.751200e-05,8.360880e-06,1.038910e-09,-1.751200e-05,8.360880e-06,1.038910e-09,3.299940e+00,3.300040e+00,3.300000e+00
mos_sf_res_typ_-40c_3.3v_25MHz_ideal-0.20,1.00,2.410200e-10,IN,IN,-1.998410e-04,4.036910e-04,2.161670e-09,-1.998410e-04,4.036910e-04,2.161670e-09,3.299200e+00,3.302580e+00,3.300000e+00
mos_sf_res_typ_-40c_3.3v_25MHz_ideal-0.20,1.15,2.771730e-10,IN,IN,-1.232630e-01,9.888100e-02,1.012980e-03,-1.232630e-01,9.888100e-02,1.012980e-03,2.066160e+00,3.309450e+00,3.243500e+00
mos_sf_res_typ_-40c_3.3v_25MHz_ideal-0.20,1.30,3.133260e-10,TOG,TOG,-1.324790e-01,1.096320e+00,1.342220e-02,-1.324790e-01,1.096320e+00,1.342220e-02,1.414680e+00,3.309170e+00,3.208140e+00
mos_sf_res_typ_-40c_3.3v_25MHz_ideal-0.20,1.45,3.494790e-10,TOG,TOG,-1.293930e-01,2.962590e+00,5.490400e-02,-1.293930e-01,2.962590e+00,5.490400e-02,9.340080e-01,3.309580e+00,3.183040e+00
mos_sf_res_typ_-40c_3.3v_25MHz_ideal-0.20,1.60,3.856320e-10,TOG,TOG,-1.282470e-01,3.271840e+00,8.544470e-02,-1.282470e-01,3.271840e+00,8.544470e-02,4.997460e-01,3.309630e+00,3.160520e+00
mos_sf_res_typ_-40c_3.3v_25MHz_ideal-0.20,1.75,4.217850e-10,TOG,TOG,-1.282390e-01,3.323590e+00,9.962130e-02,-1.282390e-01,3.323590e+00,9.962130e-02,3.884490e-01,3.309560e+00,3.148590e+00
mos_sf_res_typ_-40c_3.3v_25MHz_ideal-0.20,1.90,4.579380e-10,TOG,TOG,-1.284510e-01,3.335090e+00,1.077590e-01,-1.284510e-01,3.335090e+00,1.077590e-01,2.562020e-01,3.309560e+00,3.141280e+00
mos_sf_res_typ_-40c_3.3v_25MHz_ideal-0.20,2.05,4.940910e-10,TOG,TOG,-1.287730e-01,3.339040e+00,1.163090e-01,-1.287730e-01,3.339040e+00,1.163090e-01,1.970940e-01,3.309630e+00,3.133370e+00
mos_sf_res_typ_-40c_3.3v_25MHz_ideal-0.20,2.20,5.302440e-10,TOG,TOG,-1.288940e-01,3.340000e+00,1.232660e-01,-1.288940e-01,3.340000e+00,1.232660e-01,1.478460e-01,3.309640e+00,3.126820e+00
mos_sf_res_typ_-40c_3.3v_25MHz_ideal-0.20,2.35,5.663970e-10,TOG,TOG,-1.288760e-01,3.340230e+00,1.268860e-01,-1.288760e-01,3.340230e+00,1.268860e-01,1.005650e-01,3.309640e+00,3.123340e+00
mos_sf_res_typ_-40c_3.3v_25MHz_ideal-0.20,2.50,6.025500e-10,TOG,TOG,-1.287320e-01,3.340380e+00,1.313270e-01,-1.287320e-01,3.340380e+00,1.313270e-01,7.342310e-02,3.309640e+00,3.119070e+00
mos_sf_res_typ_-40c_3.3v_25MHz_ideal-0.20,10.00,2.410200e-09,TOG,TOG,-1.287360e-01,3.341550e+00,2.843600e-01,-1.287360e-01,3.341550e+00,2.843600e-01,8.599300e-02,3.309630e+00,2.970330e+00
mos_sf_res_typ_-40c_3.3v_25MHz_ideal0.00,0.25,6.254225e-11,IN,IN,-1.245280e-05,9.076810e-06,9.999140e-10,-1.245280e-05,9.076810e-06,9.999140e-10,3.299940e+00,3.300040e+00,3.300000e+00
mos_sf_res_typ_-40c_3.3v_25MHz_ideal0.00,0.50,1.250845e-10,IN,IN,-1.149090e-05,9.783230e-06,1.240560e-09,-1.149090e-05,9.783230e-06,1.240560e-09,3.299960e+00,3.300030e+00,3.300000e+00
mos_sf_res_typ_-40c_3.3v_25MHz_ideal0.00,1.00,2.501690e-10,IN,IN,-1.633820e-04,3.345420e-04,5.154200e-10,-1.633820e-04,3.345420e-04,5.154200e-10,3.299340e+00,3.302130e+00,3.300000e+00
mos_sf_res_typ_-40c_3.3v_25MHz_ideal0.00,1.15,2.876944e-10,IN,IN,-1.056660e-01,6.089530e-02,6.190190e-04,-1.056660e-01,6.089530e-02,6.190190e-04,2.185940e+00,3.308810e+00,3.242120e+00
mos_sf_res_typ_-40c_3.3v_25MHz_ideal0.00,1.30,3.252197e-10,TOG,TOG,-1.180430e-01,5.419020e-01,7.415730e-03,-1.180430e-01,5.419020e-01,7.415730e-03,1.542180e+00,3.309190e+00,3.204520e+00
mos_sf_res_typ_-40c_3.3v_25MHz_ideal0.00,1.45,3.627451e-10,TOG,TOG,-1.151190e-01,2.613020e+00,4.485580e-02,-1.151190e-01,2.613020e+00,4.485580e-02,1.087290e+00,3.308830e+00,3.176770e+00
mos_sf_res_typ_-40c_3.3v_25MHz_ideal0.00,1.60,4.002704e-10,TOG,TOG,-1.141140e-01,3.173030e+00,7.876880e-02,-1.141140e-01,3.173030e+00,7.876880e-02,7.426340e-01,3.308450e+00,3.154280e+00
mos_sf_res_typ_-40c_3.3v_25MHz_ideal0.00,1.75,4.377958e-10,TOG,TOG,-1.142290e-01,3.277880e+00,9.575450e-02,-1.142290e-01,3.277880e+00,9.575450e-02,5.708520e-01,3.308180e+00,3.141110e+00
mos_sf_res_typ_-40c_3.3v_25MHz_ideal0.00,1.90,4.753211e-10,TOG,TOG,-1.144470e-01,3.326610e+00,1.137720e-01,-1.144470e-01,3.326610e+00,1.137720e-01,3.390850e-01,3.308320e+00,3.125800e+00
mos_sf_res_typ_-40c_3.3v_25MHz_ideal0.00,2.05,5.128464e-10,TOG,TOG,-1.144900e-01,3.333400e+00,1.249350e-01,-1.144900e-01,3.333400e+00,1.249350e-01,2.664500e-01,3.308610e+00,3.115770e+00
mos_sf_res_typ_-40c_3.3v_25MHz_ideal0.00,2.20,5.503718e-10,TOG,TOG,-1.145520e-01,3.334480e+00,1.306070e-01,-1.145520e-01,3.334480e+00,1.306070e-01,2.020670e-01,3.308580e+00,3.110480e+00
mos_sf_res_typ_-40c_3.3v_25MHz_ideal0.00,2.35,5.878972e-10,TOG,TOG,-1.145670e-01,3.335000e+00,1.374460e-01,-1.145670e-01,3.335000e+00,1.374460e-01,1.388810e-01,3.308570e+00,3.104010e+00
mos_sf_res_typ_-40c_3.3v_25MHz_ideal0.00,2.50,6.254225e-10,TOG,TOG,-1.144510e-01,3.335170e+00,1.426240e-01,-1.144510e-01,3.335170e+00,1.426240e-01,9.682220e-02,3.308560e+00,3.099050e+00
mos_sf_res_typ_-40c_3.3v_25MHz_ideal0.00,10.00,2.501690e-09,TOG,TOG,-1.145090e-01,3.336220e+00,3.027200e-01,-1.145090e-01,3.336220e+00,3.027200e-01,8.636550e-02,3.308500e+00,2.943470e+00
mos_sf_res_typ_-40c_3.3v_25MHz_ideal0.20,0.25,6.466775e-11,IN,IN,-1.515640e-05,7.721120e-06,1.074750e-09,-1.515640e-05,7.721120e-06,1.074750e-09,3.299950e+00,3.300030e+00,3.300000e+00
mos_sf_res_typ_-40c_3.3v_25MHz_ideal0.20,0.50,1.293355e-10,IN,IN,-1.129480e-05,7.260860e-06,7.950030e-10,-1.129480e-05,7.260860e-06,7.950030e-10,3.299950e+00,3.300030e+00,3.300000e+00
mos_sf_res_typ_-40c_3.3v_25MHz_ideal0.20,1.00,2.586710e-10,IN,IN,-1.364160e-04,2.774690e-04,5.231180e-10,-1.364160e-04,2.774690e-04,5.231180e-10,3.299450e+00,3.301740e+00,3.300000e+00
mos_sf_res_typ_-40c_3.3v_25MHz_ideal0.20,1.15,2.974716e-10,IN,IN,-9.129020e-02,3.124070e-02,2.898360e-04,-9.129020e-02,3.124070e-02,2.898360e-04,2.333490e+00,3.308010e+00,3.243160e+00
mos_sf_res_typ_-40c_3.3v_25MHz_ideal0.20,1.30,3.362723e-10,TOG,TOG,-1.055260e-01,3.424560e-01,5.225220e-03,-1.055260e-01,3.424560e-01,5.225220e-03,1.673870e+00,3.308170e+00,3.200940e+00
mos_sf_res_typ_-40c_3.3v_25MHz_ideal0.20,1.45,3.750729e-10,TOG,TOG,-1.028440e-01,1.973210e+00,3.246020e-02,-1.028440e-01,1.973210e+00,3.246020e-02,1.241370e+00,3.308140e+00,3.171090e+00
mos_sf_res_typ_-40c_3.3v_25MHz_ideal0.20,1.60,4.138736e-10,TOG,TOG,-1.018510e-01,2.952680e+00,6.435820e-02,-1.018510e-01,2.952680e+00,6.435820e-02,9.974210e-01,3.308010e+00,3.152390e+00
mos_sf_res_typ_-40c_3.3v_25MHz_ideal0.20,1.75,4.526743e-10,TOG,TOG,-1.018760e-01,3.179530e+00,8.707720e-02,-1.018760e-01,3.179530e+00,8.707720e-02,7.539810e-01,3.307900e+00,3.136430e+00
mos_sf_res_typ_-40c_3.3v_25MHz_ideal0.20,1.90,4.914749e-10,TOG,TOG,-1.020350e-01,3.305260e+00,1.137630e-01,-1.020350e-01,3.305260e+00,1.137630e-01,4.639700e-01,3.307990e+00,3.115220e+00
mos_sf_res_typ_-40c_3.3v_25MHz_ideal0.20,2.05,5.302755e-10,TOG,TOG,-1.019760e-01,3.326870e+00,1.292390e-01,-1.019760e-01,3.326870e+00,1.292390e-01,3.525000e-01,3.308090e+00,3.101870e+00
mos_sf_res_typ_-40c_3.3v_25MHz_ideal0.20,2.20,5.690762e-10,TOG,TOG,-1.020440e-01,3.329850e+00,1.372770e-01,-1.020440e-01,3.329850e+00,1.372770e-01,2.547980e-01,3.308070e+00,3.094590e+00
mos_sf_res_typ_-40c_3.3v_25MHz_ideal0.20,2.35,6.078769e-10,TOG,TOG,-1.020740e-01,3.330890e+00,1.469300e-01,-1.020740e-01,3.330890e+00,1.469300e-01,1.751890e-01,3.308070e+00,3.085630e+00
mos_sf_res_typ_-40c_3.3v_25MHz_ideal0.20,2.50,6.466775e-10,TOG,TOG,-1.019710e-01,3.331110e+00,1.527930e-01,-1.019710e-01,3.331110e+00,1.527930e-01,1.303300e-01,3.308070e+00,3.080070e+00
mos_sf_res_typ_-40c_3.3v_25MHz_ideal0.20,10.00,2.586710e-09,TOG,TOG,-1.020340e-01,3.332100e+00,3.206170e-01,-1.020340e-01,3.332100e+00,3.206170e-01,8.653100e-02,3.308060e+00,2.917060e+00
mos_sf_res_typ_27c_3.3v_25MHz_real,0.25,7.195350e-11,IN,IN,-1.656850e-05,9.962070e-06,6.767080e-09,-1.656850e-05,9.962070e-06,6.767080e-09,3.299930e+00,3.300040e+00,3.300000e+00
mos_sf_res_typ_27c_3.3v_25MHz_real,0.50,1.439070e-10,IN,IN,-1.067790e-05,6.940270e-06,6.719580e-09,-1.067790e-05,6.940270e-06,6.719580e-09,3.299960e+00,3.300030e+00,3.300000e+00
mos_sf_res_typ_27c_3.3v_25MHz_real,1.00,2.878140e-10,IN,IN,-1.654210e-04,3.401240e-04,7.396810e-09,-1.654210e-04,3.401240e-04,7.396810e-09,3.299350e+00,3.302030e+00,3.300000e+00
mos_sf_res_typ_27c_3.3v_25MHz_real,1.15,3.309861e-10,IN,IN,-1.108700e-01,6.094490e-02,6.080920e-04,-1.108700e-01,6.094490e-02,6.080920e-04,2.284000e+00,3.309350e+00,3.252900e+00
mos_sf_res_typ_27c_3.3v_25MHz_real,1.30,3.741582e-10,TOG,TOG,-1.218700e-01,6.049940e-01,8.344580e-03,-1.218700e-01,6.049940e-01,8.344580e-03,1.592540e+00,3.309810e+00,3.217060e+00
mos_sf_res_typ_27c_3.3v_25MHz_real,1.45,4.173303e-10,TOG,TOG,-1.185620e-01,2.168680e+00,3.498150e-02,-1.185620e-01,2.168680e+00,3.498150e-02,1.217420e+00,3.309580e+00,3.196840e+00
mos_sf_res_typ_27c_3.3v_25MHz_real,1.60,4.605024e-10,TOG,TOG,-1.181110e-01,3.088290e+00,6.992070e-02,-1.181110e-01,3.088290e+00,6.992070e-02,8.285480e-01,3.309200e+00,3.176140e+00
mos_sf_res_typ_27c_3.3v_25MHz_real,1.75,5.036745e-10,TOG,TOG,-1.184980e-01,3.232820e+00,8.638020e-02,-1.184980e-01,3.232820e+00,8.638020e-02,5.969520e-01,3.308840e+00,3.163800e+00
mos_sf_res_typ_27c_3.3v_25MHz_real,1.90,5.468466e-10,TOG,TOG,-1.187440e-01,3.309030e+00,1.022370e-01,-1.187440e-01,3.309030e+00,1.022370e-01,4.106780e-01,3.308870e+00,3.150770e+00
mos_sf_res_typ_27c_3.3v_25MHz_real,2.05,5.900187e-10,TOG,TOG,-1.181560e-01,3.332750e+00,1.126420e-01,-1.181560e-01,3.332750e+00,1.126420e-01,3.114750e-01,3.309250e+00,3.141700e+00
mos_sf_res_typ_27c_3.3v_25MHz_real,2.20,6.331908e-10,TOG,TOG,-1.180500e-01,3.341350e+00,1.210990e-01,-1.180500e-01,3.341350e+00,1.210990e-01,2.448630e-01,3.309260e+00,3.134050e+00
mos_sf_res_typ_27c_3.3v_25MHz_real,2.35,6.763629e-10,TOG,TOG,-1.182060e-01,3.344380e+00,1.279880e-01,-1.182060e-01,3.344380e+00,1.279880e-01,1.953600e-01,3.309250e+00,3.127670e+00
mos_sf_res_typ_27c_3.3v_25MHz_real,2.50,7.195350e-10,TOG,TOG,-1.181620e-01,3.345450e+00,1.331810e-01,-1.181620e-01,3.345450e+00,1.331810e-01,1.644550e-01,3.309240e+00,3.122800e+00
mos_sf_res_typ_27c_3.3v_25MHz_real,10.00,2.878140e-09,TOG,TOG,-1.181480e-01,3.346810e+00,3.165510e-01,-1.181480e-01,3.346810e+00,3.165510e-01,1.311180e-01,3.309240e+00,2.947250e+00
mos_sf_res_typ_27c_3.3v_25MHz_ideal-0.20,0.25,6.935025e-11,IN,IN,-1.971250e-05,1.217410e-05,6.480560e-09,-1.971250e-05,1.217410e-05,6.480560e-09,3.299920e+00,3.300050e+00,3.300000e+00
mos_sf_res_typ_27c_3.3v_25MHz_ideal-0.20,0.50,1.387005e-10,IN,IN,-1.543710e-05,1.362230e-05,7.133970e-09,-1.543710e-05,1.362230e-05,7.133970e-09,3.299940e+00,3.300060e+00,3.300000e+00
mos_sf_res_typ_27c_3.3v_25MHz_ideal-0.20,1.00,2.774010e-10,IN,IN,-2.084850e-04,4.190960e-04,7.548340e-09,-2.084850e-04,4.190960e-04,7.548340e-09,3.299170e+00,3.302580e+00,3.300000e+00
mos_sf_res_typ_27c_3.3v_25MHz_ideal-0.20,1.15,3.190111e-10,IN,IN,-1.250920e-01,1.123300e-01,1.153720e-03,-1.250920e-01,1.123300e-01,1.153720e-03,2.120380e+00,3.310200e+00,3.251970e+00
mos_sf_res_typ_27c_3.3v_25MHz_ideal-0.20,1.30,3.606213e-10,TOG,TOG,-1.343500e-01,1.311820e+00,1.717280e-02,-1.343500e-01,1.311820e+00,1.717280e-02,1.382680e+00,3.310520e+00,3.217380e+00
mos_sf_res_typ_27c_3.3v_25MHz_ideal-0.20,1.45,4.022315e-10,TOG,TOG,-1.309900e-01,2.802490e+00,4.836120e-02,-1.309900e-01,2.802490e+00,4.836120e-02,1.013470e+00,3.310420e+00,3.200310e+00
mos_sf_res_typ_27c_3.3v_25MHz_ideal-0.20,1.60,4.438416e-10,TOG,TOG,-1.310150e-01,3.205530e+00,7.535420e-02,-1.310150e-01,3.205530e+00,7.535420e-02,6.390630e-01,3.310110e+00,3.181810e+00
mos_sf_res_typ_27c_3.3v_25MHz_ideal-0.20,1.75,4.854517e-10,TOG,TOG,-1.317750e-01,3.289460e+00,8.789610e-02,-1.317750e-01,3.289460e+00,8.789610e-02,4.265050e-01,3.309770e+00,3.171700e+00
mos_sf_res_typ_27c_3.3v_25MHz_ideal-0.20,1.90,5.270619e-10,TOG,TOG,-1.322310e-01,3.331890e+00,9.978810e-02,-1.322310e-01,3.331890e+00,9.978810e-02,3.005850e-01,3.309710e+00,3.161420e+00
mos_sf_res_typ_27c_3.3v_25MHz_ideal-0.20,2.05,5.686720e-10,TOG,TOG,-1.314990e-01,3.344060e+00,1.071580e-01,-1.314990e-01,3.344060e+00,1.071580e-01,2.406670e-01,3.310040e+00,3.154770e+00
mos_sf_res_typ_27c_3.3v_25MHz_ideal-0.20,2.20,6.102822e-10,TOG,TOG,-1.310690e-01,3.349380e+00,1.139480e-01,-1.310690e-01,3.349380e+00,1.139480e-01,1.912290e-01,3.310130e+00,3.148500e+00
mos_sf_res_typ_27c_3.3v_25MHz_ideal-0.20,2.35,6.518924e-10,TOG,TOG,-1.312820e-01,3.351360e+00,1.193670e-01,-1.312820e-01,3.351360e+00,1.193670e-01,1.563960e-01,3.310110e+00,3.143400e+00
mos_sf_res_typ_27c_3.3v_25MHz_ideal-0.20,2.50,6.935025e-10,TOG,TOG,-1.312890e-01,3.352220e+00,1.238840e-01,-1.312890e-01,3.352220e+00,1.238840e-01,1.356010e-01,3.310090e+00,3.139120e+00
mos_sf_res_typ_27c_3.3v_25MHz_ideal-0.20,10.00,2.774010e-09,TOG,TOG,-1.312550e-01,3.353740e+00,2.991290e-01,-1.312550e-01,3.353740e+00,2.991290e-01,1.304300e-01,3.310090e+00,2.971290e+00
mos_sf_res_typ_27c_3.3v_25MHz_ideal0.00,0.25,7.195625e-11,IN,IN,-1.648980e-05,9.999050e-06,6.773140e-09,-1.648980e-05,9.999050e-06,6.773140e-09,3.299930e+00,3.300040e+00,3.300000e+00
mos_sf_res_typ_27c_3.3v_25MHz_ideal0.00,0.50,1.439125e-10,IN,IN,-1.068650e-05,6.851340e-06,6.734500e-09,-1.068650e-05,6.851340e-06,6.734500e-09,3.299960e+00,3.300030e+00,3.300000e+00
mos_sf_res_typ_27c_3.3v_25MHz_ideal0.00,1.00,2.878250e-10,IN,IN,-1.655060e-04,3.402830e-04,7.357230e-09,-1.655060e-04,3.402830e-04,7.357230e-09,3.299350e+00,3.302030e+00,3.300000e+00
mos_sf_res_typ_27c_3.3v_25MHz_ideal0.00,1.15,3.309987e-10,IN,IN,-1.108910e-01,6.095690e-02,6.082660e-04,-1.108910e-01,6.095690e-02,6.082660e-04,2.283980e+00,3.309380e+00,3.252890e+00
mos_sf_res_typ_27c_3.3v_25MHz_ideal0.00,1.30,3.741725e-10,TOG,TOG,-1.218810e-01,6.050130e-01,8.344740e-03,-1.218810e-01,6.050130e-01,8.344740e-03,1.592560e+00,3.309850e+00,3.217060e+00
mos_sf_res_typ_27c_3.3v_25MHz_ideal0.00,1.45,4.173462e-10,TOG,TOG,-1.185530e-01,2.168950e+00,3.498680e-02,-1.185530e-01,2.168950e+00,3.498680e-02,1.217350e+00,3.309610e+00,3.196840e+00
mos_sf_res_typ_27c_3.3v_25MHz_ideal0.00,1.60,4.605200e-10,TOG,TOG,-1.181020e-01,3.088370e+00,6.992660e-02,-1.181020e-01,3.088370e+00,6.992660e-02,8.283960e-01,3.309220e+00,3.176140e+00
mos_sf_res_typ_27c_3.3v_25MHz_ideal0.00,1.75,5.036938e-10,TOG,TOG,-1.184890e-01,3.232870e+00,8.638800e-02,-1.184890e-01,3.232870e+00,8.638800e-02,5.967540e-01,3.308870e+00,3.163800e+00
mos_sf_res_typ_27c_3.3v_25MHz_ideal0.00,1.90,5.468675e-10,TOG,TOG,-1.187360e-01,3.309040e+00,1.022410e-01,-1.187360e-01,3.309040e+00,1.022410e-01,4.105080e-01,3.308900e+00,3.150770e+00
mos_sf_res_typ_27c_3.3v_25MHz_ideal0.00,2.05,5.900412e-10,TOG,TOG,-1.181460e-01,3.332760e+00,1.126470e-01,-1.181460e-01,3.332760e+00,1.126470e-01,3.113790e-01,3.309270e+00,3.141690e+00
mos_sf_res_typ_27c_3.3v_25MHz_ideal0.00,2.20,6.332150e-10,TOG,TOG,-1.180400e-01,3.341360e+00,1.211020e-01,-1.180400e-01,3.341360e+00,1.211020e-01,2.447970e-01,3.309290e+00,3.134050e+00
mos_sf_res_typ_27c_3.3v_25MHz_ideal0.00,2.35,6.763887e-10,TOG,TOG,-1.181970e-01,3.344380e+00,1.279920e-01,-1.181970e-01,3.344380e+00,1.279920e-01,1.952980e-01,3.309280e+00,3.127670e+00
mos_sf_res_typ_27c_3.3v_25MHz_ideal0.00,2.50,7.195625e-10,TOG,TOG,-1.181530e-01,3.345450e+00,1.331840e-01,-1.181530e-01,3.345450e+00,1.331840e-01,1.643880e-01,3.309270e+00,3.122790e+00
mos_sf_res_typ_27c_3.3v_25MHz_ideal0.00,10.00,2.878250e-09,TOG,TOG,-1.181390e-01,3.346820e+00,3.165600e-01,-1.181390e-01,3.346820e+00,3.165600e-01,1.311220e-01,3.309260e+00,2.947240e+00
mos_sf_res_typ_27c_3.3v_25MHz_ideal0.20,0.25,7.442150e-11,IN,IN,-1.422500e-05,8.162080e-06,6.680920e-09,-1.422500e-05,8.162080e-06,6.680920e-09,3.299940e+00,3.300030e+00,3.300000e+00
mos_sf_res_typ_27c_3.3v_25MHz_ideal0.20,0.50,1.488430e-10,IN,IN,-1.098210e-05,8.024540e-06,6.725280e-09,-1.098210e-05,8.024540e-06,6.725280e-09,3.299950e+00,3.300030e+00,3.300000e+00
mos_sf_res_typ_27c_3.3v_25MHz_ideal0.20,1.00,2.976860e-10,IN,IN,-1.380810e-04,2.848390e-04,5.894960e-09,-1.380810e-04,2.848390e-04,5.894960e-09,3.299420e+00,3.301700e+00,3.300000e+00
mos_sf_res_typ_27c_3.3v_25MHz_ideal0.20,1.15,3.423389e-10,IN,IN,-9.385350e-02,4.037020e-02,3.879720e-04,-9.385350e-02,4.037020e-02,3.879720e-04,2.355430e+00,3.307870e+00,3.251900e+00
mos_sf_res_typ_27c_3.3v_25MHz_ideal0.20,1.30,3.869918e-10,TOG,TOG,-1.144200e-01,3.681610e-01,5.653060e-03,-1.144200e-01,3.681610e-01,5.653060e-03,1.713020e+00,3.308180e+00,3.215390e+00
mos_sf_res_typ_27c_3.3v_25MHz_ideal0.20,1.45,4.316447e-10,TOG,TOG,-1.108400e-01,1.540000e+00,2.440400e-02,-1.108400e-01,1.540000e+00,2.440400e-02,1.335220e+00,3.308190e+00,3.192530e+00
mos_sf_res_typ_27c_3.3v_25MHz_ideal0.20,1.60,4.762976e-10,TOG,TOG,-1.094380e-01,2.863880e+00,5.942080e-02,-1.094380e-01,2.863880e+00,5.942080e-02,1.012770e+00,3.308370e+00,3.172960e+00
mos_sf_res_typ_27c_3.3v_25MHz_ideal0.20,1.75,5.209505e-10,TOG,TOG,-1.093590e-01,3.167620e+00,8.437760e-02,-1.093590e-01,3.167620e+00,8.437760e-02,7.404500e-01,3.308380e+00,3.155770e+00
mos_sf_res_typ_27c_3.3v_25MHz_ideal0.20,1.90,5.656034e-10,TOG,TOG,-1.096250e-01,3.273060e+00,1.018700e-01,-1.096250e-01,3.273060e+00,1.018700e-01,5.372130e-01,3.308350e+00,3.142100e+00
mos_sf_res_typ_27c_3.3v_25MHz_ideal0.20,2.05,6.102563e-10,TOG,TOG,-1.099730e-01,3.319130e+00,1.165200e-01,-1.099730e-01,3.319130e+00,1.165200e-01,3.981070e-01,3.308310e+00,3.129820e+00
mos_sf_res_typ_27c_3.3v_25MHz_ideal0.20,2.20,6.549092e-10,TOG,TOG,-1.100560e-01,3.333470e+00,1.267830e-01,-1.100560e-01,3.333470e+00,1.267830e-01,3.107910e-01,3.308330e+00,3.120790e+00
mos_sf_res_typ_27c_3.3v_25MHz_ideal0.20,2.35,6.995621e-10,TOG,TOG,-1.100230e-01,3.338410e+00,1.353450e-01,-1.100230e-01,3.338410e+00,1.353450e-01,2.469140e-01,3.308340e+00,3.113000e+00
mos_sf_res_typ_27c_3.3v_25MHz_ideal0.20,2.50,7.442150e-10,TOG,TOG,-1.099030e-01,3.339970e+00,1.414890e-01,-1.099030e-01,3.339970e+00,1.414890e-01,2.039010e-01,3.308330e+00,3.107310e+00
mos_sf_res_typ_27c_3.3v_25MHz_ideal0.20,10.00,2.976860e-09,TOG,TOG,-1.099500e-01,3.341480e+00,3.334850e-01,-1.099500e-01,3.341480e+00,3.334850e-01,1.316840e-01,3.308340e+00,2.923620e+00
mos_sf_res_typ_125c_3.3v_25MHz_real,0.25,8.766100e-11,IN,IN,-1.127810e-05,1.045020e-05,6.512840e-07,-1.127810e-05,1.045020e-05,6.512840e-07,3.299940e+00,3.300040e+00,3.300000e+00
mos_sf_res_typ_125c_3.3v_25MHz_real,0.50,1.753220e-10,IN,IN,-8.728420e-06,7.422230e-06,6.509790e-07,-8.728420e-06,7.422230e-06,6.509790e-07,3.299950e+00,3.300030e+00,3.300000e+00
mos_sf_res_typ_125c_3.3v_25MHz_real,1.00,3.506440e-10,IN,IN,-1.773310e-04,3.517250e-04,6.516660e-07,-1.773310e-04,3.517250e-04,6.516660e-07,3.299320e+00,3.302120e+00,3.300000e+00
mos_sf_res_typ_125c_3.3v_25MHz_real,1.15,4.032406e-10,IN,IN,-1.059850e-01,5.557790e-02,5.736350e-04,-1.059850e-01,5.557790e-02,5.736350e-04,2.387640e+00,3.308140e+00,3.266540e+00
mos_sf_res_typ_125c_3.3v_25MHz_real,1.30,4.558372e-10,TOG,TOG,-1.302860e-01,5.852740e-01,8.266680e-03,-1.302860e-01,5.852740e-01,8.266680e-03,1.625210e+00,3.308540e+00,3.234400e+00
mos_sf_res_typ_125c_3.3v_25MHz_real,1.45,5.084338e-10,TOG,TOG,-1.272250e-01,1.986840e+00,3.184590e-02,-1.272250e-01,1.986840e+00,3.184590e-02,1.225750e+00,3.308440e+00,3.215620e+00
mos_sf_res_typ_125c_3.3v_25MHz_real,1.60,5.610304e-10,TOG,TOG,-1.258040e-01,2.909040e+00,5.835410e-02,-1.258040e-01,2.909040e+00,5.835410e-02,9.307530e-01,3.308170e+00,3.201380e+00
mos_sf_res_typ_125c_3.3v_25MHz_real,1.75,6.136270e-10,TOG,TOG,-1.256770e-01,3.141160e+00,7.454800e-02,-1.256770e-01,3.141160e+00,7.454800e-02,7.137870e-01,3.307860e+00,3.190090e+00
mos_sf_res_typ_125c_3.3v_25MHz_real,1.90,6.662236e-10,TOG,TOG,-1.257760e-01,3.252440e+00,8.791060e-02,-1.257760e-01,3.252440e+00,8.791060e-02,5.699310e-01,3.307760e+00,3.179650e+00
mos_sf_res_typ_125c_3.3v_25MHz_real,2.05,7.188202e-10,TOG,TOG,-1.260050e-01,3.303690e+00,9.769000e-02,-1.260050e-01,3.303690e+00,9.769000e-02,4.645640e-01,3.308020e+00,3.171540e+00
mos_sf_res_typ_125c_3.3v_25MHz_real,2.20,7.714168e-10,TOG,TOG,-1.262230e-01,3.331560e+00,1.061700e-01,-1.262230e-01,3.331560e+00,1.061700e-01,3.985930e-01,3.308170e+00,3.164270e+00
mos_sf_res_typ_125c_3.3v_25MHz_real,2.35,8.240134e-10,TOG,TOG,-1.262920e-01,3.345930e+00,1.132810e-01,-1.262920e-01,3.345930e+00,1.132810e-01,3.429800e-01,3.308130e+00,3.158020e+00
mos_sf_res_typ_125c_3.3v_25MHz_real,2.50,8.766100e-10,TOG,TOG,-1.261650e-01,3.353650e+00,1.196360e-01,-1.261650e-01,3.353650e+00,1.196360e-01,3.027250e-01,3.308120e+00,3.152320e+00
mos_sf_res_typ_125c_3.3v_25MHz_real,10.00,3.506440e-09,TOG,TOG,-1.261720e-01,3.364640e+00,3.422780e-01,-1.261720e-01,3.364640e+00,3.422780e-01,2.296220e-01,3.308120e+00,2.946090e+00
mos_sf_res_typ_125c_3.3v_25MHz_ideal-0.20,0.25,8.451625e-11,IN,IN,-1.085470e-05,1.339250e-05,6.510540e-07,-1.085470e-05,1.339250e-05,6.510540e-07,3.299930e+00,3.300050e+00,3.300000e+00
mos_sf_res_typ_125c_3.3v_25MHz_ideal-0.20,0.50,1.690325e-10,IN,IN,-1.062730e-05,8.971860e-06,6.509450e-07,-1.062730e-05,8.971860e-06,6.509450e-07,3.299940e+00,3.300030e+00,3.300000e+00
mos_sf_res_typ_125c_3.3v_25MHz_ideal-0.20,1.00,3.380650e-10,IN,IN,-2.025560e-04,4.176770e-04,6.524130e-07,-2.025560e-04,4.176770e-04,6.524130e-07,3.299200e+00,3.302470e+00,3.300000e+00
mos_sf_res_typ_125c_3.3v_25MHz_ideal-0.20,1.15,3.887748e-10,IN,IN,-1.198090e-01,8.834650e-02,9.146860e-04,-1.198090e-01,8.834650e-02,9.146860e-04,2.261460e+00,3.308000e+00,3.266370e+00
mos_sf_res_typ_125c_3.3v_25MHz_ideal-0.20,1.30,4.394845e-10,TOG,TOG,-1.453620e-01,1.007740e+00,1.314800e-02,-1.453620e-01,1.007740e+00,1.314800e-02,1.443580e+00,3.307220e+00,3.235400e+00
mos_sf_res_typ_125c_3.3v_25MHz_ideal-0.20,1.45,4.901943e-10,TOG,TOG,-1.429270e-01,2.596590e+00,4.268280e-02,-1.429270e-01,2.596590e+00,4.268280e-02,1.029180e+00,3.307720e+00,3.218480e+00
mos_sf_res_typ_125c_3.3v_25MHz_ideal-0.20,1.60,5.409040e-10,TOG,TOG,-1.418850e-01,3.072230e+00,6.295800e-02,-1.418850e-01,3.072230e+00,6.295800e-02,7.484440e-01,3.308490e+00,3.205920e+00
mos_sf_res_typ_125c_3.3v_25MHz_ideal-0.20,1.75,5.916138e-10,TOG,TOG,-1.419640e-01,3.221730e+00,7.612940e-02,-1.419640e-01,3.221730e+00,7.612940e-02,5.661970e-01,3.309000e+00,3.195940e+00
mos_sf_res_typ_125c_3.3v_25MHz_ideal-0.20,1.90,6.423235e-10,TOG,TOG,-1.421410e-01,3.292350e+00,8.627750e-02,-1.421410e-01,3.292350e+00,8.627750e-02,4.546460e-01,3.309130e+00,3.187610e+00
mos_sf_res_typ_125c_3.3v_25MHz_ideal-0.20,2.05,6.930332e-10,TOG,TOG,-1.422050e-01,3.328130e+00,9.416760e-02,-1.422050e-01,3.328130e+00,9.416760e-02,3.917960e-01,3.308860e+00,3.180860e+00
mos_sf_res_typ_125c_3.3v_25MHz_ideal-0.20,2.20,7.437430e-10,TOG,TOG,-1.422480e-01,3.347680e+00,1.011380e-01,-1.422480e-01,3.347680e+00,1.011380e-01,3.383490e-01,3.308580e+00,3.174740e+00
mos_sf_res_typ_125c_3.3v_25MHz_ideal-0.20,2.35,7.944528e-10,TOG,TOG,-1.423940e-01,3.358220e+00,1.073700e-01,-1.423940e-01,3.358220e+00,1.073700e-01,2.986930e-01,3.308620e+00,3.169170e+00
mos_sf_res_typ_125c_3.3v_25MHz_ideal-0.20,2.50,8.451625e-10,TOG,TOG,-1.423070e-01,3.363730e+00,1.127590e-01,-1.423070e-01,3.363730e+00,1.127590e-01,2.708280e-01,3.308650e+00,3.164280e+00
mos_sf_res_typ_125c_3.3v_25MHz_ideal-0.20,10.00,3.380650e-09,TOG,TOG,-1.422780e-01,3.372540e+00,3.259280e-01,-1.422780e-01,3.372540e+00,3.259280e-01,2.286350e-01,3.308650e+00,2.966700e+00
mos_sf_res_typ_125c_3.3v_25MHz_ideal0.00,0.25,8.766450e-11,IN,IN,-1.131280e-05,1.045270e-05,6.513080e-07,-1.131280e-05,1.045270e-05,6.513080e-07,3.299940e+00,3.300040e+00,3.300000e+00
mos_sf_res_typ_125c_3.3v_25MHz_ideal0.00,0.50,1.753290e-10,IN,IN,-8.716970e-06,7.334420e-06,6.509920e-07,-8.716970e-06,7.334420e-06,6.509920e-07,3.299950e+00,3.300030e+00,3.300000e+00
mos_sf_res_typ_125c_3.3v_25MHz_ideal0.00,1.00,3.506580e-10,IN,IN,-1.773310e-04,3.518480e-04,6.516820e-07,-1.773310e-04,3.518480e-04,6.516820e-07,3.299320e+00,3.302120e+00,3.300000e+00
mos_sf_res_typ_125c_3.3v_25MHz_ideal0.00,1.15,4.032567e-10,IN,IN,-1.060030e-01,5.559760e-02,5.739020e-04,-1.060030e-01,5.559760e-02,5.739020e-04,2.387520e+00,3.308150e+00,3.266540e+00
mos_sf_res_typ_125c_3.3v_25MHz_ideal0.00,1.30,4.558554e-10,TOG,TOG,-1.302880e-01,5.854290e-01,8.268750e-03,-1.302880e-01,5.854290e-01,8.268750e-03,1.625130e+00,3.308550e+00,3.234400e+00
mos_sf_res_typ_125c_3.3v_25MHz_ideal0.00,1.45,5.084541e-10,TOG,TOG,-1.272280e-01,1.987220e+00,3.185350e-02,-1.272280e-01,1.987220e+00,3.185350e-02,1.225660e+00,3.308450e+00,3.215610e+00
mos_sf_res_typ_125c_3.3v_25MHz_ideal0.00,1.60,5.610528e-10,TOG,TOG,-1.258070e-01,2.909170e+00,5.836030e-02,-1.258070e-01,2.909170e+00,5.836030e-02,9.306520e-01,3.308170e+00,3.201380e+00
mos_sf_res_typ_125c_3.3v_25MHz_ideal0.00,1.75,6.136515e-10,TOG,TOG,-1.256810e-01,3.141220e+00,7.455350e-02,-1.256810e-01,3.141220e+00,7.455350e-02,7.136800e-01,3.307860e+00,3.190090e+00
mos_sf_res_typ_125c_3.3v_25MHz_ideal0.00,1.90,6.662502e-10,TOG,TOG,-1.257790e-01,3.252480e+00,8.791510e-02,-1.257790e-01,3.252480e+00,8.791510e-02,5.699140e-01,3.307760e+00,3.179650e+00
mos_sf_res_typ_125c_3.3v_25MHz_ideal0.00,2.05,7.188489e-10,TOG,TOG,-1.260080e-01,3.303720e+00,9.769410e-02,-1.260080e-01,3.303720e+00,9.769410e-02,4.644800e-01,3.308030e+00,3.171540e+00
mos_sf_res_typ_125c_3.3v_25MHz_ideal0.00,2.20,7.714476e-10,TOG,TOG,-1.262260e-01,3.331570e+00,1.061730e-01,-1.262260e-01,3.331570e+00,1.061730e-01,3.985490e-01,3.308170e+00,3.164270e+00
mos_sf_res_typ_125c_3.3v_25MHz_ideal0.00,2.35,8.240463e-10,TOG,TOG,-1.262950e-01,3.345940e+00,1.132850e-01,-1.262950e-01,3.345940e+00,1.132850e-01,3.429180e-01,3.308140e+00,3.158010e+00
mos_sf_res_typ_125c_3.3v_25MHz_ideal0.00,2.50,8.766450e-10,TOG,TOG,-1.261680e-01,3.353660e+00,1.196390e-01,-1.261680e-01,3.353660e+00,1.196390e-01,3.026720e-01,3.308120e+00,3.152320e+00
mos_sf_res_typ_125c_3.3v_25MHz_ideal0.00,10.00,3.506580e-09,TOG,TOG,-1.261740e-01,3.364650e+00,3.422880e-01,-1.261740e-01,3.364650e+00,3.422880e-01,2.296240e-01,3.308130e+00,2.946080e+00
mos_sf_res_typ_125c_3.3v_25MHz_ideal0.20,0.25,9.067725e-11,IN,IN,-1.021210e-05,8.699760e-06,6.513800e-07,-1.021210e-05,8.699760e-06,6.513800e-07,3.299950e+00,3.300030e+00,3.300000e+00
mos_sf_res_typ_125c_3.3v_25MHz_ideal0.20,0.50,1.813545e-10,IN,IN,-8.150920e-06,5.846740e-06,6.512140e-07,-8.150920e-06,5.846740e-06,6.512140e-07,3.299960e+00,3.300020e+00,3.300000e+00
mos_sf_res_typ_125c_3.3v_25MHz_ideal0.20,1.00,3.627090e-10,IN,IN,-1.452250e-04,2.938250e-04,6.516920e-07,-1.452250e-04,2.938250e-04,6.516920e-07,3.299430e+00,3.301750e+00,3.300000e+00
mos_sf_res_typ_125c_3.3v_25MHz_ideal0.20,1.15,4.171154e-10,IN,IN,-9.347300e-02,3.467260e-02,3.498070e-04,-9.347300e-02,3.467260e-02,3.498070e-04,2.496620e+00,3.307380e+00,3.266920e+00
mos_sf_res_typ_125c_3.3v_25MHz_ideal0.20,1.30,4.715217e-10,TOG,TOG,-1.169100e-01,3.844930e-01,5.914730e-03,-1.169100e-01,3.844930e-01,5.914730e-03,1.780370e+00,3.307920e+00,3.233620e+00
mos_sf_res_typ_125c_3.3v_25MHz_ideal0.20,1.45,5.259281e-10,TOG,TOG,-1.148210e-01,1.348500e+00,2.141570e-02,-1.148210e-01,1.348500e+00,2.141570e-02,1.389410e+00,3.307650e+00,3.213820e+00
mos_sf_res_typ_125c_3.3v_25MHz_ideal0.20,1.60,5.803344e-10,TOG,TOG,-1.137650e-01,2.612790e+00,5.017620e-02,-1.137650e-01,2.612790e+00,5.017620e-02,1.102050e+00,3.307280e+00,3.198120e+00
mos_sf_res_typ_125c_3.3v_25MHz_ideal0.20,1.75,6.347408e-10,TOG,TOG,-1.138780e-01,3.035720e+00,7.120710e-02,-1.138780e-01,3.035720e+00,7.120710e-02,8.639860e-01,3.306940e+00,3.185090e+00
mos_sf_res_typ_125c_3.3v_25MHz_ideal0.20,1.90,6.891471e-10,TOG,TOG,-1.141250e-01,3.194770e+00,8.700160e-02,-1.141250e-01,3.194770e+00,8.700160e-02,6.793720e-01,3.306910e+00,3.173430e+00
mos_sf_res_typ_125c_3.3v_25MHz_ideal0.20,2.05,7.435534e-10,TOG,TOG,-1.140620e-01,3.272520e+00,9.950100e-02,-1.140620e-01,3.272520e+00,9.950100e-02,5.547080e-01,3.307230e+00,3.163470e+00
mos_sf_res_typ_125c_3.3v_25MHz_ideal0.20,2.20,7.979598e-10,TOG,TOG,-1.140340e-01,3.312410e+00,1.096360e-01,-1.140340e-01,3.312410e+00,1.096360e-01,4.655270e-01,3.307310e+00,3.155020e+00
mos_sf_res_typ_125c_3.3v_25MHz_ideal0.20,2.35,8.523662e-10,TOG,TOG,-1.141300e-01,3.333180e+00,1.181890e-01,-1.141300e-01,3.333180e+00,1.181890e-01,3.985700e-01,3.307280e+00,3.147660e+00
mos_sf_res_typ_125c_3.3v_25MHz_ideal0.20,2.50,9.067725e-10,TOG,TOG,-1.140540e-01,3.344050e+00,1.256410e-01,-1.140540e-01,3.344050e+00,1.256410e-01,3.460060e-01,3.307270e+00,3.141090e+00
mos_sf_res_typ_125c_3.3v_25MHz_ideal0.20,10.00,3.627090e-09,TOG,TOG,-1.140490e-01,3.357980e+00,3.582000e-01,-1.140490e-01,3.357980e+00,3.582000e-01,2.304240e-01,3.307280e+00,2.925880e+00
mos_fs_res_typ_-40c_3.3v_25MHz_real,0.25,6.364075e-11,IN,IN,-1.813590e-05,9.973480e-06,-7.434860e-11,-1.813590e-05,9.973480e-06,-7.434870e-11,3.299940e+00,3.300040e+00,3.300000e+00
mos_fs_res_typ_-40c_3.3v_25MHz_real,0.50,1.272815e-10,IN,IN,-1.309420e-05,6.588770e-06,-5.229610e-11,-1.309420e-05,6.588770e-06,-5.229730e-11,3.299960e+00,3.300030e+00,3.300000e+00
mos_fs_res_typ_-40c_3.3v_25MHz_real,1.00,2.545630e-10,IN,IN,-8.280240e-05,1.996900e-04,-2.744810e-10,-8.280240e-05,1.996900e-04,-2.744820e-10,3.299390e+00,3.301000e+00,3.300000e+00
mos_fs_res_typ_-40c_3.3v_25MHz_real,1.15,2.927475e-10,IN,IN,-8.793220e-02,1.177320e-02,4.717560e-05,-8.793220e-02,1.177320e-02,4.717560e-05,2.415840e+00,3.308010e+00,3.255680e+00
mos_fs_res_typ_-40c_3.3v_25MHz_real,1.30,3.309319e-10,TOG,TOG,-1.324060e-01,6.081230e-01,7.726270e-03,-1.324060e-01,6.081230e-01,7.726270e-03,1.412200e+00,3.308950e+00,3.197720e+00
mos_fs_res_typ_-40c_3.3v_25MHz_real,1.45,3.691164e-10,TOG,TOG,-1.288370e-01,2.653860e+00,4.438040e-02,-1.288370e-01,2.653860e+00,4.438040e-02,9.610630e-01,3.308540e+00,3.169800e+00
mos_fs_res_typ_-40c_3.3v_25MHz_real,1.60,4.073008e-10,TOG,TOG,-1.271560e-01,3.162850e+00,7.490950e-02,-1.271560e-01,3.162850e+00,7.490950e-02,6.656550e-01,3.308100e+00,3.148450e+00
mos_fs_res_typ_-40c_3.3v_25MHz_real,1.75,4.454853e-10,TOG,TOG,-1.271470e-01,3.293140e+00,9.491630e-02,-1.271470e-01,3.293140e+00,9.491630e-02,3.514280e-01,3.307850e+00,3.132030e+00
mos_fs_res_typ_-40c_3.3v_25MHz_real,1.90,4.836697e-10,TOG,TOG,-1.274100e-01,3.326230e+00,1.066310e-01,-1.274100e-01,3.326230e+00,1.066310e-01,2.638030e-01,3.308040e+00,3.121610e+00
mos_fs_res_typ_-40c_3.3v_25MHz_real,2.05,5.218541e-10,TOG,TOG,-1.273830e-01,3.336130e+00,1.151260e-01,-1.273830e-01,3.336130e+00,1.151260e-01,1.738980e-01,3.308350e+00,3.113760e+00
mos_fs_res_typ_-40c_3.3v_25MHz_real,2.20,5.600386e-10,TOG,TOG,-1.275160e-01,3.339200e+00,1.212460e-01,-1.275160e-01,3.339200e+00,1.212460e-01,1.425870e-01,3.308290e+00,3.107990e+00
mos_fs_res_typ_-40c_3.3v_25MHz_real,2.35,5.982231e-10,TOG,TOG,-1.275560e-01,3.340480e+00,1.265960e-01,-1.275560e-01,3.340480e+00,1.265960e-01,1.045050e-01,3.308270e+00,3.102890e+00
mos_fs_res_typ_-40c_3.3v_25MHz_real,2.50,6.364075e-10,TOG,TOG,-1.273880e-01,3.341100e+00,1.317510e-01,-1.273880e-01,3.341100e+00,1.317510e-01,7.509780e-02,3.308270e+00,3.097940e+00
mos_fs_res_typ_-40c_3.3v_25MHz_real,10.00,2.545630e-09,TOG,TOG,-1.274970e-01,3.341920e+00,2.933530e-01,-1.274970e-01,3.341920e+00,2.933530e-01,7.215020e-02,3.308180e+00,2.940630e+00
mos_fs_res_typ_-40c_3.3v_25MHz_ideal-0.20,0.25,6.102700e-11,IN,IN,-1.737960e-05,1.261980e-05,-6.434020e-11,-1.737960e-05,1.261980e-05,-6.434020e-11,3.299940e+00,3.300050e+00,3.300000e+00
mos_fs_res_typ_-40c_3.3v_25MHz_ideal-0.20,0.50,1.220540e-10,IN,IN,-1.822690e-05,1.016960e-05,-1.778580e-10,-1.822690e-05,1.016960e-05,-1.778580e-10,3.299950e+00,3.300040e+00,3.300000e+00
mos_fs_res_typ_-40c_3.3v_25MHz_ideal-0.20,1.00,2.441080e-10,IN,IN,-1.006510e-04,2.363660e-04,8.378270e-10,-1.006510e-04,2.363660e-04,8.378270e-10,3.299280e+00,3.301190e+00,3.300000e+00
mos_fs_res_typ_-40c_3.3v_25MHz_ideal-0.20,1.15,2.807242e-10,IN,IN,-1.049290e-01,2.146690e-02,1.175180e-04,-1.049290e-01,2.146690e-02,1.175180e-04,2.327050e+00,3.308480e+00,3.256930e+00
mos_fs_res_typ_-40c_3.3v_25MHz_ideal-0.20,1.30,3.173404e-10,TOG,TOG,-1.507420e-01,1.001120e+00,1.147720e-02,-1.507420e-01,1.001120e+00,1.147720e-02,1.281080e+00,3.308550e+00,3.204690e+00
mos_fs_res_typ_-40c_3.3v_25MHz_ideal-0.20,1.45,3.539566e-10,TOG,TOG,-1.458630e-01,3.002610e+00,5.544780e-02,-1.458630e-01,3.002610e+00,5.544780e-02,7.318060e-01,3.307990e+00,3.175650e+00
mos_fs_res_typ_-40c_3.3v_25MHz_ideal-0.20,1.60,3.905728e-10,TOG,TOG,-1.440550e-01,3.269520e+00,8.137910e-02,-1.440550e-01,3.269520e+00,8.137910e-02,3.867440e-01,3.308420e+00,3.155390e+00
mos_fs_res_typ_-40c_3.3v_25MHz_ideal-0.20,1.75,4.271890e-10,TOG,TOG,-1.440730e-01,3.318200e+00,9.224030e-02,-1.440730e-01,3.318200e+00,9.224030e-02,2.561570e-01,3.308820e+00,3.145960e+00
mos_fs_res_typ_-40c_3.3v_25MHz_ideal-0.20,1.90,4.638052e-10,TOG,TOG,-1.443820e-01,3.337780e+00,1.014780e-01,-1.443820e-01,3.337780e+00,1.014780e-01,1.813910e-01,3.308730e+00,3.137450e+00
mos_fs_res_typ_-40c_3.3v_25MHz_ideal-0.20,2.05,5.004214e-10,TOG,TOG,-1.446240e-01,3.342110e+00,1.058800e-01,-1.446240e-01,3.342110e+00,1.058800e-01,1.436170e-01,3.308180e+00,3.133310e+00
mos_fs_res_typ_-40c_3.3v_25MHz_ideal-0.20,2.20,5.370376e-10,TOG,TOG,-1.447690e-01,3.345610e+00,1.128970e-01,-1.447690e-01,3.345610e+00,1.128970e-01,1.104510e-01,3.308240e+00,3.126600e+00
mos_fs_res_typ_-40c_3.3v_25MHz_ideal-0.20,2.35,5.736538e-10,TOG,TOG,-1.447840e-01,3.346420e+00,1.161410e-01,-1.447840e-01,3.346420e+00,1.161410e-01,8.130520e-02,3.308270e+00,3.123480e+00
mos_fs_res_typ_-40c_3.3v_25MHz_ideal-0.20,2.50,6.102700e-10,TOG,TOG,-1.445850e-01,3.347100e+00,1.208840e-01,-1.445850e-01,3.347100e+00,1.208840e-01,5.940570e-02,3.308290e+00,3.118900e+00
mos_fs_res_typ_-40c_3.3v_25MHz_ideal-0.20,10.00,2.441080e-09,TOG,TOG,-1.446420e-01,3.347990e+00,2.751720e-01,-1.446420e-01,3.347990e+00,2.751720e-01,7.075970e-02,3.308420e+00,2.968730e+00
mos_fs_res_typ_-40c_3.3v_25MHz_ideal0.00,0.25,6.364325e-11,IN,IN,-1.817750e-05,9.954920e-06,-5.595910e-11,-1.817750e-05,9.954920e-06,-5.595900e-11,3.299940e+00,3.300040e+00,3.300000e+00
mos_fs_res_typ_-40c_3.3v_25MHz_ideal0.00,0.50,1.272865e-10,IN,IN,-1.303290e-05,6.633380e-06,-2.601240e-11,-1.303290e-05,6.633380e-06,-2.601240e-11,3.299960e+00,3.300030e+00,3.300000e+00
mos_fs_res_typ_-40c_3.3v_25MHz_ideal0.00,1.00,2.545730e-10,IN,IN,-8.284510e-05,1.998590e-04,-2.849000e-10,-8.284510e-05,1.998590e-04,-2.849000e-10,3.299390e+00,3.301010e+00,3.300000e+00
mos_fs_res_typ_-40c_3.3v_25MHz_ideal0.00,1.15,2.927590e-10,IN,IN,-8.797540e-02,1.178210e-02,4.728030e-05,-8.797540e-02,1.178210e-02,4.728030e-05,2.415650e+00,3.308060e+00,3.255670e+00
mos_fs_res_typ_-40c_3.3v_25MHz_ideal0.00,1.30,3.309449e-10,TOG,TOG,-1.324200e-01,6.081380e-01,7.726480e-03,-1.324200e-01,6.081380e-01,7.726480e-03,1.412150e+00,3.309000e+00,3.197720e+00
mos_fs_res_typ_-40c_3.3v_25MHz_ideal0.00,1.45,3.691309e-10,TOG,TOG,-1.288470e-01,2.653980e+00,4.438360e-02,-1.288470e-01,2.653980e+00,4.438360e-02,9.610150e-01,3.308600e+00,3.169800e+00
mos_fs_res_typ_-40c_3.3v_25MHz_ideal0.00,1.60,4.073168e-10,TOG,TOG,-1.271640e-01,3.163000e+00,7.492550e-02,-1.271640e-01,3.163000e+00,7.492550e-02,6.654130e-01,3.308160e+00,3.148440e+00
mos_fs_res_typ_-40c_3.3v_25MHz_ideal0.00,1.75,4.455028e-10,TOG,TOG,-1.271550e-01,3.293190e+00,9.492800e-02,-1.271550e-01,3.293190e+00,9.492800e-02,3.512280e-01,3.307900e+00,3.132020e+00
mos_fs_res_typ_-40c_3.3v_25MHz_ideal0.00,1.90,4.836887e-10,TOG,TOG,-1.274190e-01,3.326230e+00,1.066340e-01,-1.274190e-01,3.326230e+00,1.066340e-01,2.636960e-01,3.308100e+00,3.121610e+00
mos_fs_res_typ_-40c_3.3v_25MHz_ideal0.00,2.05,5.218747e-10,TOG,TOG,-1.273930e-01,3.336130e+00,1.151310e-01,-1.273930e-01,3.336130e+00,1.151310e-01,1.738500e-01,3.308410e+00,3.113760e+00
mos_fs_res_typ_-40c_3.3v_25MHz_ideal0.00,2.20,5.600606e-10,TOG,TOG,-1.275260e-01,3.339200e+00,1.212480e-01,-1.275260e-01,3.339200e+00,1.212480e-01,1.425500e-01,3.308350e+00,3.107980e+00
mos_fs_res_typ_-40c_3.3v_25MHz_ideal0.00,2.35,5.982466e-10,TOG,TOG,-1.275660e-01,3.340480e+00,1.266000e-01,-1.275660e-01,3.340480e+00,1.266000e-01,1.044820e-01,3.308330e+00,3.102890e+00
mos_fs_res_typ_-40c_3.3v_25MHz_ideal0.00,2.50,6.364325e-10,TOG,TOG,-1.273970e-01,3.341100e+00,1.317540e-01,-1.273970e-01,3.341100e+00,1.317540e-01,7.505190e-02,3.308330e+00,3.097940e+00
mos_fs_res_typ_-40c_3.3v_25MHz_ideal0.00,10.00,2.545730e-09,TOG,TOG,-1.275060e-01,3.341920e+00,2.933600e-01,-1.275060e-01,3.341920e+00,2.933600e-01,7.215670e-02,3.308230e+00,2.940630e+00
mos_fs_res_typ_-40c_3.3v_25MHz_ideal0.20,0.25,6.624150e-11,IN,IN,-1.134830e-05,8.369560e-06,3.798830e-12,-1.134830e-05,8.369560e-06,3.798840e-12,3.299960e+00,3.300030e+00,3.300000e+00
mos_fs_res_typ_-40c_3.3v_25MHz_ideal0.20,0.50,1.324830e-10,IN,IN,-9.621880e-06,5.107270e-06,-1.653500e-10,-9.621880e-06,5.107270e-06,-1.653500e-10,3.299960e+00,3.300020e+00,3.300000e+00
mos_fs_res_typ_-40c_3.3v_25MHz_ideal0.20,1.00,2.649660e-10,IN,IN,-7.290670e-05,1.738230e-04,1.820270e-10,-7.290670e-05,1.738230e-04,1.820270e-10,3.299490e+00,3.300890e+00,3.300000e+00
mos_fs_res_typ_-40c_3.3v_25MHz_ideal0.20,1.15,3.047109e-10,IN,IN,-7.809860e-02,6.624260e-03,1.974990e-05,-7.809860e-02,6.624260e-03,1.974990e-05,2.483110e+00,3.306030e+00,3.253650e+00
mos_fs_res_typ_-40c_3.3v_25MHz_ideal0.20,1.30,3.444558e-10,IN,IN,-1.202100e-01,2.628350e-01,3.891080e-03,-1.202100e-01,2.628350e-01,3.891080e-03,1.673810e+00,3.306770e+00,3.199910e+00
mos_fs_res_typ_-40c_3.3v_25MHz_ideal0.20,1.45,3.842007e-10,TOG,TOG,-1.157120e-01,1.394890e+00,2.024760e-02,-1.157120e-01,1.394890e+00,2.024760e-02,1.250760e+00,3.306100e+00,3.171640e+00
mos_fs_res_typ_-40c_3.3v_25MHz_ideal0.20,1.60,4.239456e-10,TOG,TOG,-1.139110e-01,2.967930e+00,6.311890e-02,-1.139110e-01,2.967930e+00,6.311890e-02,8.257030e-01,3.305660e+00,3.144560e+00
mos_fs_res_typ_-40c_3.3v_25MHz_ideal0.20,1.75,4.636905e-10,TOG,TOG,-1.139040e-01,3.263910e+00,9.702730e-02,-1.139040e-01,3.263910e+00,9.702730e-02,4.667390e-01,3.305490e+00,3.118380e+00
mos_fs_res_typ_-40c_3.3v_25MHz_ideal0.20,1.90,5.034354e-10,TOG,TOG,-1.142800e-01,3.303970e+00,1.073610e-01,-1.142800e-01,3.303970e+00,1.073610e-01,3.640040e-01,3.305820e+00,3.109550e+00
mos_fs_res_typ_-40c_3.3v_25MHz_ideal0.20,2.05,5.431803e-10,TOG,TOG,-1.145020e-01,3.330340e+00,1.226750e-01,-1.145020e-01,3.330340e+00,1.226750e-01,2.237330e-01,3.305960e+00,3.095770e+00
mos_fs_res_typ_-40c_3.3v_25MHz_ideal0.20,2.20,5.829252e-10,TOG,TOG,-1.145620e-01,3.333760e+00,1.286420e-01,-1.145620e-01,3.333760e+00,1.286420e-01,1.709710e-01,3.305930e+00,3.090240e+00
mos_fs_res_typ_-40c_3.3v_25MHz_ideal0.20,2.35,6.226701e-10,TOG,TOG,-1.145100e-01,3.335820e+00,1.368370e-01,-1.145100e-01,3.335820e+00,1.368370e-01,1.253680e-01,3.305910e+00,3.082520e+00
mos_fs_res_typ_-40c_3.3v_25MHz_ideal0.20,2.50,6.624150e-10,TOG,TOG,-1.143930e-01,3.336390e+00,1.421850e-01,-1.143930e-01,3.336390e+00,1.421850e-01,9.365920e-02,3.305910e+00,3.077400e+00
mos_fs_res_typ_-40c_3.3v_25MHz_ideal0.20,10.00,2.649660e-09,TOG,TOG,-1.144340e-01,3.337190e+00,3.115770e-01,-1.144340e-01,3.337190e+00,3.115770e-01,7.331680e-02,3.305810e+00,2.912520e+00
mos_fs_res_typ_27c_3.3v_25MHz_real,0.25,7.323875e-11,IN,IN,-1.291630e-05,1.063940e-05,4.143530e-10,-1.291630e-05,1.063940e-05,4.143530e-10,3.299950e+00,3.300040e+00,3.300000e+00
mos_fs_res_typ_27c_3.3v_25MHz_real,0.50,1.464775e-10,IN,IN,-1.101280e-05,8.359550e-06,4.440040e-10,-1.101280e-05,8.359550e-06,4.440050e-10,3.299960e+00,3.300030e+00,3.300000e+00
mos_fs_res_typ_27c_3.3v_25MHz_real,1.00,2.929550e-10,IN,IN,-8.894410e-05,2.143040e-04,-5.035180e-10,-8.894410e-05,2.143040e-04,-5.035190e-10,3.299380e+00,3.301070e+00,3.300000e+00
mos_fs_res_typ_27c_3.3v_25MHz_real,1.15,3.368982e-10,IN,IN,-8.937950e-02,1.306710e-02,5.316420e-05,-8.937950e-02,1.306710e-02,5.316420e-05,2.490290e+00,3.308450e+00,3.264260e+00
mos_fs_res_typ_27c_3.3v_25MHz_real,1.30,3.808415e-10,TOG,TOG,-1.413050e-01,4.737970e-01,6.213350e-03,-1.413050e-01,4.737970e-01,6.213350e-03,1.526690e+00,3.309050e+00,3.216140e+00
mos_fs_res_typ_27c_3.3v_25MHz_real,1.45,4.247847e-10,TOG,TOG,-1.357390e-01,2.298560e+00,3.631450e-02,-1.357390e-01,2.298560e+00,3.631450e-02,1.036050e+00,3.309000e+00,3.190140e+00
mos_fs_res_typ_27c_3.3v_25MHz_real,1.60,4.687280e-10,TOG,TOG,-1.334040e-01,3.117690e+00,7.031920e-02,-1.334040e-01,3.117690e+00,7.031920e-02,6.492950e-01,3.308840e+00,3.168210e+00
mos_fs_res_typ_27c_3.3v_25MHz_real,1.75,5.126713e-10,TOG,TOG,-1.330950e-01,3.222490e+00,8.179880e-02,-1.330950e-01,3.222490e+00,8.179880e-02,4.856210e-01,3.308950e+00,3.159120e+00
mos_fs_res_typ_27c_3.3v_25MHz_real,1.90,5.566145e-10,TOG,TOG,-1.333860e-01,3.305600e+00,9.682700e-02,-1.333860e-01,3.305600e+00,9.682700e-02,3.069990e-01,3.308900e+00,3.146310e+00
mos_fs_res_typ_27c_3.3v_25MHz_real,2.05,6.005577e-10,TOG,TOG,-1.341100e-01,3.330450e+00,1.051740e-01,-1.341100e-01,3.330450e+00,1.051740e-01,2.354510e-01,3.308830e+00,3.138820e+00
mos_fs_res_typ_27c_3.3v_25MHz_real,2.20,6.445010e-10,TOG,TOG,-1.343220e-01,3.342930e+00,1.129400e-01,-1.343220e-01,3.342930e+00,1.129400e-01,1.887660e-01,3.308820e+00,3.131690e+00
mos_fs_res_typ_27c_3.3v_25MHz_real,2.35,6.884443e-10,TOG,TOG,-1.342280e-01,3.348240e+00,1.191530e-01,-1.342280e-01,3.348240e+00,1.191530e-01,1.556380e-01,3.308810e+00,3.125880e+00
mos_fs_res_typ_27c_3.3v_25MHz_real,2.50,7.323875e-10,TOG,TOG,-1.340290e-01,3.350470e+00,1.237790e-01,-1.340290e-01,3.350470e+00,1.237790e-01,1.360640e-01,3.308810e+00,3.121490e+00
mos_fs_res_typ_27c_3.3v_25MHz_real,10.00,2.929550e-09,TOG,TOG,-1.341170e-01,3.353530e+00,3.094680e-01,-1.341170e-01,3.353530e+00,3.094680e-01,1.150780e-01,3.308810e+00,2.943150e+00
mos_fs_res_typ_27c_3.3v_25MHz_ideal-0.20,0.25,7.019900e-11,IN,IN,-1.152420e-05,1.303820e-05,3.293250e-10,-1.152420e-05,1.303820e-05,3.293250e-10,3.299940e+00,3.300050e+00,3.300000e+00
mos_fs_res_typ_27c_3.3v_25MHz_ideal-0.20,0.50,1.403980e-10,IN,IN,-1.543750e-05,1.090510e-05,3.734160e-10,-1.543750e-05,1.090510e-05,3.734160e-10,3.299950e+00,3.300030e+00,3.300000e+00
mos_fs_res_typ_27c_3.3v_25MHz_ideal-0.20,1.00,2.807960e-10,IN,IN,-1.033880e-04,2.498250e-04,1.148070e-09,-1.033880e-04,2.498250e-04,1.148070e-09,3.299250e+00,3.301220e+00,3.300000e+00
mos_fs_res_typ_27c_3.3v_25MHz_ideal-0.20,1.15,3.229154e-10,IN,IN,-1.016290e-01,2.154700e-02,1.039330e-04,-1.016290e-01,2.154700e-02,1.039330e-04,2.400720e+00,3.309260e+00,3.265880e+00
mos_fs_res_typ_27c_3.3v_25MHz_ideal-0.20,1.30,3.650348e-10,TOG,TOG,-1.515500e-01,8.177110e-01,9.648520e-03,-1.515500e-01,8.177110e-01,9.648520e-03,1.407650e+00,3.309700e+00,3.219580e+00
mos_fs_res_typ_27c_3.3v_25MHz_ideal-0.20,1.45,4.071542e-10,TOG,TOG,-1.478900e-01,2.762610e+00,4.519340e-02,-1.478900e-01,2.762610e+00,4.519340e-02,8.838730e-01,3.309890e+00,3.196330e+00
mos_fs_res_typ_27c_3.3v_25MHz_ideal-0.20,1.60,4.492736e-10,TOG,TOG,-1.470240e-01,3.183760e+00,7.033610e-02,-1.470240e-01,3.183760e+00,7.033610e-02,5.166120e-01,3.309810e+00,3.178430e+00
mos_fs_res_typ_27c_3.3v_25MHz_ideal-0.20,1.75,4.913930e-10,TOG,TOG,-1.475590e-01,3.280060e+00,8.259070e-02,-1.475590e-01,3.280060e+00,8.259070e-02,3.234010e-01,3.309610e+00,3.168200e+00
mos_fs_res_typ_27c_3.3v_25MHz_ideal-0.20,1.90,5.335124e-10,TOG,TOG,-1.480930e-01,3.323890e+00,9.212830e-02,-1.480930e-01,3.323890e+00,9.212830e-02,2.315050e-01,3.309550e+00,3.159750e+00
mos_fs_res_typ_27c_3.3v_25MHz_ideal-0.20,2.05,5.756318e-10,TOG,TOG,-1.473360e-01,3.341670e+00,9.883120e-02,-1.473360e-01,3.341670e+00,9.883120e-02,1.898990e-01,3.309760e+00,3.153620e+00
mos_fs_res_typ_27c_3.3v_25MHz_ideal-0.20,2.20,6.177512e-10,TOG,TOG,-1.469460e-01,3.351090e+00,1.050010e-01,-1.469460e-01,3.351090e+00,1.050010e-01,1.558860e-01,3.309820e+00,3.147870e+00
mos_fs_res_typ_27c_3.3v_25MHz_ideal-0.20,2.35,6.598706e-10,TOG,TOG,-1.472510e-01,3.355530e+00,1.101060e-01,-1.472510e-01,3.355530e+00,1.101060e-01,1.320110e-01,3.309800e+00,3.143060e+00
mos_fs_res_typ_27c_3.3v_25MHz_ideal-0.20,2.50,7.019900e-10,TOG,TOG,-1.472380e-01,3.357750e+00,1.144830e-01,-1.472380e-01,3.357750e+00,1.144830e-01,1.195260e-01,3.309790e+00,3.138890e+00
mos_fs_res_typ_27c_3.3v_25MHz_ideal-0.20,10.00,2.807960e-09,TOG,TOG,-1.472600e-01,3.360730e+00,2.915880e-01,-1.472600e-01,3.360730e+00,2.915880e-01,1.136090e-01,3.309780e+00,2.968760e+00
mos_fs_res_typ_27c_3.3v_25MHz_ideal0.00,0.25,7.324250e-11,IN,IN,-1.284530e-05,1.064660e-05,4.394010e-10,-1.284530e-05,1.064660e-05,4.394010e-10,3.299950e+00,3.300040e+00,3.300000e+00
mos_fs_res_typ_27c_3.3v_25MHz_ideal0.00,0.50,1.464850e-10,IN,IN,-1.098340e-05,8.394820e-06,4.703820e-10,-1.098340e-05,8.394820e-06,4.703820e-10,3.299960e+00,3.300030e+00,3.300000e+00
mos_fs_res_typ_27c_3.3v_25MHz_ideal0.00,1.00,2.929700e-10,IN,IN,-8.893640e-05,2.144420e-04,-4.827360e-10,-8.893640e-05,2.144420e-04,-4.827360e-10,3.299380e+00,3.301070e+00,3.300000e+00
mos_fs_res_typ_27c_3.3v_25MHz_ideal0.00,1.15,3.369155e-10,IN,IN,-8.941480e-02,1.308060e-02,5.322200e-05,-8.941480e-02,1.308060e-02,5.322200e-05,2.490250e+00,3.308490e+00,3.264260e+00
mos_fs_res_typ_27c_3.3v_25MHz_ideal0.00,1.30,3.808610e-10,TOG,TOG,-1.413260e-01,4.741670e-01,6.217740e-03,-1.413260e-01,4.741670e-01,6.217740e-03,1.526320e+00,3.309080e+00,3.216130e+00
mos_fs_res_typ_27c_3.3v_25MHz_ideal0.00,1.45,4.248065e-10,TOG,TOG,-1.357600e-01,2.299470e+00,3.633380e-02,-1.357600e-01,2.299470e+00,3.633380e-02,1.035790e+00,3.309030e+00,3.190130e+00
mos_fs_res_typ_27c_3.3v_25MHz_ideal0.00,1.60,4.687520e-10,TOG,TOG,-1.334260e-01,3.117740e+00,7.032200e-02,-1.334260e-01,3.117740e+00,7.032200e-02,6.491700e-01,3.308880e+00,3.168210e+00
mos_fs_res_typ_27c_3.3v_25MHz_ideal0.00,1.75,5.126975e-10,TOG,TOG,-1.331180e-01,3.222590e+00,8.181060e-02,-1.331180e-01,3.222590e+00,8.181060e-02,4.853320e-01,3.308980e+00,3.159110e+00
mos_fs_res_typ_27c_3.3v_25MHz_ideal0.00,1.90,5.566430e-10,TOG,TOG,-1.334100e-01,3.305610e+00,9.683030e-02,-1.334100e-01,3.305610e+00,9.683030e-02,3.068340e-01,3.308940e+00,3.146310e+00
mos_fs_res_typ_27c_3.3v_25MHz_ideal0.00,2.05,6.005885e-10,TOG,TOG,-1.341320e-01,3.330470e+00,1.051800e-01,-1.341320e-01,3.330470e+00,1.051800e-01,2.353480e-01,3.308860e+00,3.138820e+00
mos_fs_res_typ_27c_3.3v_25MHz_ideal0.00,2.20,6.445340e-10,TOG,TOG,-1.343440e-01,3.342940e+00,1.129430e-01,-1.343440e-01,3.342940e+00,1.129430e-01,1.887090e-01,3.308840e+00,3.131690e+00
mos_fs_res_typ_27c_3.3v_25MHz_ideal0.00,2.35,6.884795e-10,TOG,TOG,-1.342500e-01,3.348240e+00,1.191560e-01,-1.342500e-01,3.348240e+00,1.191560e-01,1.556000e-01,3.308840e+00,3.125870e+00
mos_fs_res_typ_27c_3.3v_25MHz_ideal0.00,2.50,7.324250e-10,TOG,TOG,-1.340520e-01,3.350470e+00,1.237810e-01,-1.340520e-01,3.350470e+00,1.237810e-01,1.359960e-01,3.308830e+00,3.121490e+00
mos_fs_res_typ_27c_3.3v_25MHz_ideal0.00,10.00,2.929700e-09,TOG,TOG,-1.341400e-01,3.353520e+00,3.094790e-01,-1.341400e-01,3.353520e+00,3.094790e-01,1.150830e-01,3.308830e+00,2.943140e+00
mos_fs_res_typ_27c_3.3v_25MHz_ideal0.20,0.25,7.619100e-11,IN,IN,-1.021920e-05,8.490280e-06,3.717310e-10,-1.021920e-05,8.490280e-06,3.717310e-10,3.299960e+00,3.300030e+00,3.300000e+00
mos_fs_res_typ_27c_3.3v_25MHz_ideal0.20,0.50,1.523820e-10,IN,IN,-9.337370e-06,5.324540e-06,2.139770e-10,-9.337370e-06,5.324540e-06,2.139770e-10,3.299960e+00,3.300020e+00,3.300000e+00
mos_fs_res_typ_27c_3.3v_25MHz_ideal0.20,1.00,3.047640e-10,IN,IN,-7.418930e-05,1.829990e-04,6.822380e-11,-7.418930e-05,1.829990e-04,6.822380e-11,3.299470e+00,3.300920e+00,3.300000e+00
mos_fs_res_typ_27c_3.3v_25MHz_ideal0.20,1.15,3.504786e-10,IN,IN,-7.747150e-02,7.334990e-03,1.858420e-05,-7.747150e-02,7.334990e-03,1.858420e-05,2.564920e+00,3.304610e+00,3.263820e+00
mos_fs_res_typ_27c_3.3v_25MHz_ideal0.20,1.30,3.961932e-10,TOG,TOG,-1.288420e-01,3.794140e-01,5.602690e-03,-1.288420e-01,3.794140e-01,5.602690e-03,1.600310e+00,3.303220e+00,3.209230e+00
mos_fs_res_typ_27c_3.3v_25MHz_ideal0.20,1.45,4.419078e-10,TOG,TOG,-1.247900e-01,1.373190e+00,2.042910e-02,-1.247900e-01,1.373190e+00,2.042910e-02,1.257520e+00,3.304050e+00,3.188770e+00
mos_fs_res_typ_27c_3.3v_25MHz_ideal0.20,1.60,4.876224e-10,TOG,TOG,-1.227750e-01,2.909570e+00,5.992670e-02,-1.227750e-01,2.909570e+00,5.992670e-02,8.530960e-01,3.304550e+00,3.165000e+00
mos_fs_res_typ_27c_3.3v_25MHz_ideal0.20,1.75,5.333370e-10,TOG,TOG,-1.226840e-01,3.183770e+00,8.333470e-02,-1.226840e-01,3.183770e+00,8.333470e-02,5.819150e-01,3.304820e+00,3.147740e+00
mos_fs_res_typ_27c_3.3v_25MHz_ideal0.20,1.90,5.790516e-10,TOG,TOG,-1.230300e-01,3.279700e+00,9.897080e-02,-1.230300e-01,3.279700e+00,9.897080e-02,3.961140e-01,3.304630e+00,3.134830e+00
mos_fs_res_typ_27c_3.3v_25MHz_ideal0.20,2.05,6.247662e-10,TOG,TOG,-1.232530e-01,3.320010e+00,1.109410e-01,-1.232530e-01,3.320010e+00,1.109410e-01,2.925630e-01,3.304310e+00,3.124360e+00
mos_fs_res_typ_27c_3.3v_25MHz_ideal0.20,2.20,6.704808e-10,TOG,TOG,-1.233550e-01,3.335230e+00,1.196210e-01,-1.233550e-01,3.335230e+00,1.196210e-01,2.298360e-01,3.304370e+00,3.116510e+00
mos_fs_res_typ_27c_3.3v_25MHz_ideal0.20,2.35,7.161954e-10,TOG,TOG,-1.233480e-01,3.341900e+00,1.270330e-01,-1.233480e-01,3.341900e+00,1.270330e-01,1.882540e-01,3.304390e+00,3.109650e+00
mos_fs_res_typ_27c_3.3v_25MHz_ideal0.20,2.50,7.619100e-10,TOG,TOG,-1.231820e-01,3.344620e+00,1.325900e-01,-1.231820e-01,3.344620e+00,1.325900e-01,1.593400e-01,3.304390e+00,3.104420e+00
mos_fs_res_typ_27c_3.3v_25MHz_ideal0.20,10.00,3.047640e-09,TOG,TOG,-1.232560e-01,3.347940e+00,3.269980e-01,-1.232560e-01,3.347940e+00,3.269980e-01,1.162840e-01,3.304390e+00,2.917750e+00
mos_fs_res_typ_125c_3.3v_25MHz_real,0.25,8.912225e-11,IN,IN,-9.418960e-06,1.093280e-05,2.531540e-07,-9.418960e-06,1.093280e-05,2.531540e-07,3.299950e+00,3.300040e+00,3.300000e+00
mos_fs_res_typ_125c_3.3v_25MHz_real,0.50,1.782445e-10,IN,IN,-9.266240e-06,6.399380e-06,2.524800e-07,-9.266240e-06,6.399380e-06,2.524800e-07,3.299950e+00,3.300030e+00,3.300000e+00
mos_fs_res_typ_125c_3.3v_25MHz_real,1.00,3.564890e-10,IN,IN,-1.004340e-04,2.337100e-04,2.534130e-07,-1.004340e-04,2.337100e-04,2.534130e-07,3.299410e+00,3.301200e+00,3.300000e+00
mos_fs_res_typ_125c_3.3v_25MHz_real,1.15,4.099623e-10,IN,IN,-8.141130e-02,1.229360e-02,5.290740e-05,-8.141130e-02,1.229360e-02,5.290740e-05,2.627630e+00,3.307070e+00,3.276010e+00
mos_fs_res_typ_125c_3.3v_25MHz_real,1.30,4.634357e-10,TOG,TOG,-1.448340e-01,4.835850e-01,6.518800e-03,-1.448340e-01,4.835850e-01,6.518800e-03,1.573420e+00,3.306720e+00,3.233110e+00
mos_fs_res_typ_125c_3.3v_25MHz_real,1.45,5.169091e-10,TOG,TOG,-1.404980e-01,1.892850e+00,2.869890e-02,-1.404980e-01,1.892850e+00,2.869890e-02,1.118980e+00,3.307120e+00,3.212190e+00
mos_fs_res_typ_125c_3.3v_25MHz_real,1.60,5.703824e-10,TOG,TOG,-1.381150e-01,2.875370e+00,5.483190e-02,-1.381150e-01,2.875370e+00,5.483190e-02,8.097660e-01,3.307300e+00,3.197450e+00
mos_fs_res_typ_125c_3.3v_25MHz_real,1.75,6.238558e-10,TOG,TOG,-1.376870e-01,3.128910e+00,7.117440e-02,-1.376870e-01,3.128910e+00,7.117440e-02,5.919570e-01,3.307310e+00,3.185580e+00
mos_fs_res_typ_125c_3.3v_25MHz_real,1.90,6.773291e-10,TOG,TOG,-1.377610e-01,3.237430e+00,8.285620e-02,-1.377610e-01,3.237430e+00,8.285620e-02,4.546430e-01,3.307280e+00,3.176080e+00
mos_fs_res_typ_125c_3.3v_25MHz_real,2.05,7.308024e-10,TOG,TOG,-1.382530e-01,3.293980e+00,9.210210e-02,-1.382530e-01,3.293980e+00,9.210210e-02,3.772580e-01,3.307290e+00,3.168160e+00
mos_fs_res_typ_125c_3.3v_25MHz_real,2.20,7.842758e-10,TOG,TOG,-1.386690e-01,3.324830e+00,9.975220e-02,-1.386690e-01,3.324830e+00,9.975220e-02,3.250960e-01,3.307300e+00,3.161440e+00
mos_fs_res_typ_125c_3.3v_25MHz_real,2.35,8.377492e-10,TOG,TOG,-1.386960e-01,3.342620e+00,1.063610e-01,-1.386960e-01,3.342620e+00,1.063610e-01,2.879600e-01,3.307300e+00,3.155520e+00
mos_fs_res_typ_125c_3.3v_25MHz_real,2.50,8.912225e-10,TOG,TOG,-1.384810e-01,3.352910e+00,1.123040e-01,-1.384810e-01,3.352910e+00,1.123040e-01,2.590170e-01,3.307300e+00,3.150120e+00
mos_fs_res_typ_125c_3.3v_25MHz_real,10.00,3.564890e-09,TOG,TOG,-1.385230e-01,3.368240e+00,3.374170e-01,-1.385230e-01,3.368240e+00,3.374170e-01,2.134410e-01,3.307300e+00,2.940370e+00
mos_fs_res_typ_125c_3.3v_25MHz_ideal-0.20,0.25,8.554850e-11,IN,IN,-1.139640e-05,1.369250e-05,2.529410e-07,-1.139640e-05,1.369250e-05,2.529410e-07,3.299940e+00,3.300050e+00,3.300000e+00
mos_fs_res_typ_125c_3.3v_25MHz_ideal-0.20,0.50,1.710970e-10,IN,IN,-1.156230e-05,8.246940e-06,2.518570e-07,-1.156230e-05,8.246940e-06,2.518570e-07,3.299930e+00,3.300030e+00,3.300000e+00
mos_fs_res_typ_125c_3.3v_25MHz_ideal-0.20,1.00,3.421940e-10,IN,IN,-1.264820e-04,2.821070e-04,2.533690e-07,-1.264820e-04,2.821070e-04,2.533690e-07,3.299250e+00,3.301460e+00,3.300000e+00
mos_fs_res_typ_125c_3.3v_25MHz_ideal-0.20,1.15,3.935231e-10,IN,IN,-8.613630e-02,2.035110e-02,1.079150e-04,-8.613630e-02,2.035110e-02,1.079150e-04,2.546360e+00,3.308590e+00,3.276140e+00
mos_fs_res_typ_125c_3.3v_25MHz_ideal-0.20,1.30,4.448522e-10,TOG,TOG,-1.621930e-01,7.893400e-01,9.687960e-03,-1.621930e-01,7.893400e-01,9.687960e-03,1.402260e+00,3.308640e+00,3.234810e+00
mos_fs_res_typ_125c_3.3v_25MHz_ideal-0.20,1.45,4.961813e-10,TOG,TOG,-1.591050e-01,2.488060e+00,3.836770e-02,-1.591050e-01,2.488060e+00,3.836770e-02,9.263150e-01,3.308990e+00,3.215810e+00
mos_fs_res_typ_125c_3.3v_25MHz_ideal-0.20,1.60,5.475104e-10,TOG,TOG,-1.572140e-01,3.039050e+00,5.888000e-02,-1.572140e-01,3.039050e+00,5.888000e-02,6.345030e-01,3.309140e+00,3.202790e+00
mos_fs_res_typ_125c_3.3v_25MHz_ideal-0.20,1.75,5.988395e-10,TOG,TOG,-1.571090e-01,3.200570e+00,7.153670e-02,-1.571090e-01,3.200570e+00,7.153670e-02,4.593500e-01,3.309080e+00,3.192860e+00
mos_fs_res_typ_125c_3.3v_25MHz_ideal-0.20,1.90,6.501686e-10,TOG,TOG,-1.573090e-01,3.272350e+00,8.018580e-02,-1.573090e-01,3.272350e+00,8.018580e-02,3.726970e-01,3.309100e+00,3.185560e+00
mos_fs_res_typ_125c_3.3v_25MHz_ideal-0.20,2.05,7.014977e-10,TOG,TOG,-1.574660e-01,3.314840e+00,8.767930e-02,-1.574660e-01,3.314840e+00,8.767930e-02,3.239460e-01,3.309060e+00,3.179010e+00
mos_fs_res_typ_125c_3.3v_25MHz_ideal-0.20,2.20,7.528268e-10,TOG,TOG,-1.576060e-01,3.339810e+00,9.428670e-02,-1.576060e-01,3.339810e+00,9.428670e-02,2.861310e-01,3.309130e+00,3.173110e+00
mos_fs_res_typ_125c_3.3v_25MHz_ideal-0.20,2.35,8.041559e-10,TOG,TOG,-1.577940e-01,3.354230e+00,1.000310e-01,-1.577940e-01,3.354230e+00,1.000310e-01,2.580650e-01,3.309120e+00,3.167910e+00
mos_fs_res_typ_125c_3.3v_25MHz_ideal-0.20,2.50,8.554850e-10,TOG,TOG,-1.576570e-01,3.362860e+00,1.053380e-01,-1.576570e-01,3.362860e+00,1.053380e-01,2.359680e-01,3.309120e+00,3.163050e+00
mos_fs_res_typ_125c_3.3v_25MHz_ideal-0.20,10.00,3.421940e-09,TOG,TOG,-1.576200e-01,3.374650e+00,3.205580e-01,-1.576200e-01,3.374650e+00,3.205580e-01,2.124990e-01,3.309120e+00,2.962460e+00
mos_fs_res_typ_125c_3.3v_25MHz_ideal0.00,0.25,8.912650e-11,IN,IN,-9.426560e-06,1.093460e-05,2.531490e-07,-9.426560e-06,1.093460e-05,2.531490e-07,3.299950e+00,3.300040e+00,3.300000e+00
mos_fs_res_typ_125c_3.3v_25MHz_ideal0.00,0.50,1.782530e-10,IN,IN,-9.252520e-06,6.411790e-06,2.524670e-07,-9.252520e-06,6.411790e-06,2.524670e-07,3.299950e+00,3.300030e+00,3.300000e+00
mos_fs_res_typ_125c_3.3v_25MHz_ideal0.00,1.00,3.565060e-10,IN,IN,-1.005490e-04,2.338180e-04,2.534100e-07,-1.005490e-04,2.338180e-04,2.534100e-07,3.299410e+00,3.301200e+00,3.300000e+00
mos_fs_res_typ_125c_3.3v_25MHz_ideal0.00,1.15,4.099819e-10,IN,IN,-8.145580e-02,1.231520e-02,5.308570e-05,-8.145580e-02,1.231520e-02,5.308570e-05,2.627300e+00,3.307070e+00,3.276000e+00
mos_fs_res_typ_125c_3.3v_25MHz_ideal0.00,1.30,4.634578e-10,TOG,TOG,-1.448350e-01,4.837580e-01,6.520930e-03,-1.448350e-01,4.837580e-01,6.520930e-03,1.573250e+00,3.306730e+00,3.233100e+00
mos_fs_res_typ_125c_3.3v_25MHz_ideal0.00,1.45,5.169337e-10,TOG,TOG,-1.404970e-01,1.893540e+00,2.871210e-02,-1.404970e-01,1.893540e+00,2.871210e-02,1.118840e+00,3.307130e+00,3.212180e+00
mos_fs_res_typ_125c_3.3v_25MHz_ideal0.00,1.60,5.704096e-10,TOG,TOG,-1.381140e-01,2.875560e+00,5.484040e-02,-1.381140e-01,2.875560e+00,5.484040e-02,8.096150e-01,3.307310e+00,3.197450e+00
mos_fs_res_typ_125c_3.3v_25MHz_ideal0.00,1.75,6.238855e-10,TOG,TOG,-1.376850e-01,3.128990e+00,7.118040e-02,-1.376850e-01,3.128990e+00,7.118040e-02,5.918190e-01,3.307310e+00,3.185580e+00
mos_fs_res_typ_125c_3.3v_25MHz_ideal0.00,1.90,6.773614e-10,TOG,TOG,-1.377590e-01,3.237490e+00,8.286260e-02,-1.377590e-01,3.237490e+00,8.286260e-02,4.544790e-01,3.307290e+00,3.176070e+00
mos_fs_res_typ_125c_3.3v_25MHz_ideal0.00,2.05,7.308373e-10,TOG,TOG,-1.382520e-01,3.294010e+00,9.210670e-02,-1.382520e-01,3.294010e+00,9.210670e-02,3.771610e-01,3.307290e+00,3.168160e+00
mos_fs_res_typ_125c_3.3v_25MHz_ideal0.00,2.20,7.843132e-10,TOG,TOG,-1.386690e-01,3.324850e+00,9.975660e-02,-1.386690e-01,3.324850e+00,9.975660e-02,3.250300e-01,3.307310e+00,3.161440e+00
mos_fs_res_typ_125c_3.3v_25MHz_ideal0.00,2.35,8.377891e-10,TOG,TOG,-1.386950e-01,3.342630e+00,1.063650e-01,-1.386950e-01,3.342630e+00,1.063650e-01,2.878980e-01,3.307300e+00,3.155520e+00
mos_fs_res_typ_125c_3.3v_25MHz_ideal0.00,2.50,8.912650e-10,TOG,TOG,-1.384800e-01,3.352910e+00,1.123070e-01,-1.384800e-01,3.352910e+00,1.123070e-01,2.589670e-01,3.307300e+00,3.150120e+00
mos_fs_res_typ_125c_3.3v_25MHz_ideal0.00,10.00,3.565060e-09,TOG,TOG,-1.385210e-01,3.368230e+00,3.374300e-01,-1.385210e-01,3.368230e+00,3.374300e-01,2.134410e-01,3.307300e+00,2.940360e+00
mos_fs_res_typ_125c_3.3v_25MHz_ideal0.20,0.25,9.266800e-11,IN,IN,-8.864090e-06,8.975780e-06,2.532000e-07,-8.864090e-06,8.975780e-06,2.532000e-07,3.299950e+00,3.300030e+00,3.300000e+00
mos_fs_res_typ_125c_3.3v_25MHz_ideal0.20,0.50,1.853360e-10,IN,IN,-7.701890e-06,5.295360e-06,2.526910e-07,-7.701890e-06,5.295360e-06,2.526910e-07,3.299960e+00,3.300020e+00,3.300000e+00
mos_fs_res_typ_125c_3.3v_25MHz_ideal0.20,1.00,3.706720e-10,IN,IN,-8.974550e-05,2.065110e-04,2.530620e-07,-8.974550e-05,2.065110e-04,2.530620e-07,3.299480e+00,3.301070e+00,3.300000e+00
mos_fs_res_typ_125c_3.3v_25MHz_ideal0.20,1.15,4.262728e-10,IN,IN,-7.543430e-02,1.009010e-02,4.466370e-05,-7.543430e-02,1.009010e-02,4.466370e-05,2.651540e+00,3.307000e+00,3.273980e+00
mos_fs_res_typ_125c_3.3v_25MHz_ideal0.20,1.30,4.818736e-10,IN,IN,-1.316620e-01,3.236520e-01,4.709950e-03,-1.316620e-01,3.236520e-01,4.709950e-03,1.730990e+00,3.307560e+00,3.232190e+00
mos_fs_res_typ_125c_3.3v_25MHz_ideal0.20,1.45,5.374744e-10,TOG,TOG,-1.279860e-01,1.318200e+00,1.993680e-02,-1.279860e-01,1.318200e+00,1.993680e-02,1.279480e+00,3.307310e+00,3.209380e+00
mos_fs_res_typ_125c_3.3v_25MHz_ideal0.20,1.60,5.930752e-10,TOG,TOG,-1.260550e-01,2.645060e+00,4.942680e-02,-1.260550e-01,2.645060e+00,4.942680e-02,9.611950e-01,3.307480e+00,3.192240e+00
mos_fs_res_typ_125c_3.3v_25MHz_ideal0.20,1.75,6.486760e-10,TOG,TOG,-1.259160e-01,3.038580e+00,6.918520e-02,-1.259160e-01,3.038580e+00,6.918520e-02,7.246310e-01,3.307470e+00,3.179170e+00
mos_fs_res_typ_125c_3.3v_25MHz_ideal0.20,1.90,7.042768e-10,TOG,TOG,-1.262060e-01,3.195850e+00,8.430400e-02,-1.262060e-01,3.195850e+00,8.430400e-02,5.533830e-01,3.307440e+00,3.167410e+00
mos_fs_res_typ_125c_3.3v_25MHz_ideal0.20,2.05,7.598776e-10,TOG,TOG,-1.263560e-01,3.268830e+00,9.522960e-02,-1.263560e-01,3.268830e+00,9.522960e-02,4.400040e-01,3.307410e+00,3.158300e+00
mos_fs_res_typ_125c_3.3v_25MHz_ideal0.20,2.20,8.154784e-10,TOG,TOG,-1.264790e-01,3.309130e+00,1.043460e-01,-1.264790e-01,3.309130e+00,1.043460e-01,3.721840e-01,3.307450e+00,3.150440e+00
mos_fs_res_typ_125c_3.3v_25MHz_ideal0.20,2.35,8.710792e-10,TOG,TOG,-1.265400e-01,3.331260e+00,1.120090e-01,-1.265400e-01,3.331260e+00,1.120090e-01,3.232590e-01,3.307450e+00,3.143660e+00
mos_fs_res_typ_125c_3.3v_25MHz_ideal0.20,2.50,9.266800e-10,TOG,TOG,-1.263910e-01,3.343980e+00,1.188460e-01,-1.263910e-01,3.343980e+00,1.188460e-01,2.853790e-01,3.307450e+00,3.137510e+00
mos_fs_res_typ_125c_3.3v_25MHz_ideal0.20,10.00,3.706720e-09,TOG,TOG,-1.264190e-01,3.362220e+00,3.542640e-01,-1.264190e-01,3.362220e+00,3.542640e-01,2.142040e-01,3.307450e+00,2.918260e+00
mos_tt_res_wcs_-40c_3.3v_25MHz_real,0.25,6.284175e-11,IN,IN,-1.599960e-05,9.647950e-06,1.710980e-10,-1.599960e-05,9.647950e-06,1.710980e-10,3.299950e+00,3.300040e+00,3.300000e+00
mos_tt_res_wcs_-40c_3.3v_25MHz_real,0.50,1.256835e-10,IN,IN,-1.199920e-05,9.722410e-06,1.851940e-12,-1.199920e-05,9.722410e-06,1.851330e-12,3.299950e+00,3.300030e+00,3.300000e+00
mos_tt_res_wcs_-40c_3.3v_25MHz_real,1.00,2.513670e-10,IN,IN,-1.137940e-04,2.522570e-04,-2.516390e-10,-1.137940e-04,2.522570e-04,-2.516390e-10,3.299360e+00,3.301400e+00,3.300000e+00
mos_tt_res_wcs_-40c_3.3v_25MHz_real,1.15,2.890720e-10,IN,IN,-1.032600e-01,3.413280e-02,3.431820e-04,-1.032600e-01,3.413280e-02,3.431820e-04,2.275540e+00,3.308400e+00,3.234590e+00
mos_tt_res_wcs_-40c_3.3v_25MHz_real,1.30,3.267771e-10,TOG,TOG,-1.267930e-01,6.111190e-01,9.350220e-03,-1.267930e-01,6.111190e-01,9.350220e-03,1.473680e+00,3.308260e+00,3.178260e+00
mos_tt_res_wcs_-40c_3.3v_25MHz_real,1.45,3.644821e-10,TOG,TOG,-1.231970e-01,2.814600e+00,5.858790e-02,-1.231970e-01,2.814600e+00,5.858790e-02,9.833750e-01,3.308550e+00,3.141830e+00
mos_tt_res_wcs_-40c_3.3v_25MHz_real,1.60,4.021872e-10,TOG,TOG,-1.218940e-01,3.217000e+00,9.745990e-02,-1.218940e-01,3.217000e+00,9.745990e-02,6.257450e-01,3.308620e+00,3.113950e+00
mos_tt_res_wcs_-40c_3.3v_25MHz_real,1.75,4.398923e-10,TOG,TOG,-1.219620e-01,3.298990e+00,1.171590e-01,-1.219620e-01,3.298990e+00,1.171590e-01,4.559920e-01,3.308590e+00,3.097980e+00
mos_tt_res_wcs_-40c_3.3v_25MHz_real,1.90,4.775973e-10,TOG,TOG,-1.222150e-01,3.327190e+00,1.370210e-01,-1.222150e-01,3.327190e+00,1.370210e-01,2.455910e-01,3.308590e+00,3.080570e+00
mos_tt_res_wcs_-40c_3.3v_25MHz_real,2.05,5.153023e-10,TOG,TOG,-1.222320e-01,3.329650e+00,1.460020e-01,-1.222320e-01,3.329650e+00,1.460020e-01,1.959240e-01,3.308600e+00,3.072300e+00
mos_tt_res_wcs_-40c_3.3v_25MHz_real,2.20,5.530074e-10,TOG,TOG,-1.223210e-01,3.330380e+00,1.534740e-01,-1.223210e-01,3.330380e+00,1.534740e-01,1.406380e-01,3.308600e+00,3.065230e+00
mos_tt_res_wcs_-40c_3.3v_25MHz_real,2.35,5.907125e-10,TOG,TOG,-1.223470e-01,3.330630e+00,1.591160e-01,-1.223470e-01,3.330630e+00,1.591160e-01,9.743430e-02,3.308610e+00,3.059820e+00
mos_tt_res_wcs_-40c_3.3v_25MHz_real,2.50,6.284175e-10,TOG,TOG,-1.222060e-01,3.330800e+00,1.651150e-01,-1.222060e-01,3.330800e+00,1.651150e-01,6.109480e-02,3.308600e+00,3.054010e+00
mos_tt_res_wcs_-40c_3.3v_25MHz_real,10.00,2.513670e-09,TOG,TOG,-1.222870e-01,3.331320e+00,3.257200e-01,-1.222870e-01,3.331320e+00,3.257200e-01,6.099050e-02,3.308620e+00,2.896920e+00
mos_tt_res_wcs_-40c_3.3v_25MHz_ideal-0.20,0.25,6.038750e-11,IN,IN,-1.391650e-05,1.211830e-05,-1.338610e-10,-1.391650e-05,1.211830e-05,-1.338610e-10,3.299940e+00,3.300050e+00,3.300000e+00
mos_tt_res_wcs_-40c_3.3v_25MHz_ideal-0.20,0.50,1.207750e-10,IN,IN,-1.706420e-05,1.671700e-05,-1.279790e-10,-1.706420e-05,1.671700e-05,-1.279790e-10,3.299940e+00,3.300040e+00,3.300000e+00
mos_tt_res_wcs_-40c_3.3v_25MHz_ideal-0.20,1.00,2.415500e-10,IN,IN,-1.388030e-04,2.991890e-04,1.314300e-09,-1.388030e-04,2.991890e-04,1.314300e-09,3.299230e+00,3.301690e+00,3.300000e+00
mos_tt_res_wcs_-40c_3.3v_25MHz_ideal-0.20,1.15,2.777825e-10,IN,IN,-1.187680e-01,6.545500e-02,7.041260e-04,-1.187680e-01,6.545500e-02,7.041260e-04,2.121400e+00,3.308970e+00,3.234870e+00
mos_tt_res_wcs_-40c_3.3v_25MHz_ideal-0.20,1.30,3.140150e-10,TOG,TOG,-1.427820e-01,1.158490e+00,1.612550e-02,-1.427820e-01,1.158490e+00,1.612550e-02,1.338500e+00,3.308080e+00,3.184200e+00
mos_tt_res_wcs_-40c_3.3v_25MHz_ideal-0.20,1.45,3.502475e-10,TOG,TOG,-1.386660e-01,3.029900e+00,6.737280e-02,-1.386660e-01,3.029900e+00,6.737280e-02,8.131510e-01,3.308880e+00,3.151460e+00
mos_tt_res_wcs_-40c_3.3v_25MHz_ideal-0.20,1.60,3.864800e-10,TOG,TOG,-1.371480e-01,3.297730e+00,1.051700e-01,-1.371480e-01,3.297730e+00,1.051700e-01,3.797650e-01,3.309220e+00,3.122070e+00
mos_tt_res_wcs_-40c_3.3v_25MHz_ideal-0.20,1.75,4.227125e-10,TOG,TOG,-1.371110e-01,3.323440e+00,1.164590e-01,-1.371110e-01,3.323440e+00,1.164590e-01,2.855110e-01,3.309300e+00,3.112300e+00
mos_tt_res_wcs_-40c_3.3v_25MHz_ideal-0.20,1.90,4.589450e-10,TOG,TOG,-1.373610e-01,3.332860e+00,1.283650e-01,-1.373610e-01,3.332860e+00,1.283650e-01,1.777730e-01,3.309280e+00,3.101450e+00
mos_tt_res_wcs_-40c_3.3v_25MHz_ideal-0.20,2.05,4.951775e-10,TOG,TOG,-1.377420e-01,3.334350e+00,1.345300e-01,-1.377420e-01,3.334350e+00,1.345300e-01,1.422140e-01,3.309160e+00,3.095670e+00
mos_tt_res_wcs_-40c_3.3v_25MHz_ideal-0.20,2.20,5.314100e-10,TOG,TOG,-1.378830e-01,3.335060e+00,1.423370e-01,-1.378830e-01,3.335060e+00,1.423370e-01,1.034510e-01,3.309170e+00,3.088220e+00
mos_tt_res_wcs_-40c_3.3v_25MHz_ideal-0.20,2.35,5.676425e-10,TOG,TOG,-1.378640e-01,3.335230e+00,1.460920e-01,-1.378640e-01,3.335230e+00,1.460920e-01,6.517710e-02,3.309180e+00,3.084580e+00
mos_tt_res_wcs_-40c_3.3v_25MHz_ideal-0.20,2.50,6.038750e-10,TOG,TOG,-1.376900e-01,3.335370e+00,1.507210e-01,-1.376900e-01,3.335370e+00,1.507210e-01,4.211960e-02,3.309190e+00,3.080080e+00
mos_tt_res_wcs_-40c_3.3v_25MHz_ideal-0.20,10.00,2.415500e-09,TOG,TOG,-1.377020e-01,3.335990e+00,3.040700e-01,-1.377020e-01,3.335990e+00,3.040700e-01,5.993480e-02,3.309230e+00,2.930070e+00
mos_tt_res_wcs_-40c_3.3v_25MHz_ideal0.00,0.25,6.284400e-11,IN,IN,-1.565730e-05,9.635350e-06,2.052640e-10,-1.565730e-05,9.635350e-06,2.052640e-10,3.299950e+00,3.300040e+00,3.300000e+00
mos_tt_res_wcs_-40c_3.3v_25MHz_ideal0.00,0.50,1.256880e-10,IN,IN,-1.191010e-05,9.603810e-06,3.897940e-11,-1.191010e-05,9.603810e-06,3.897950e-11,3.299950e+00,3.300030e+00,3.300000e+00
mos_tt_res_wcs_-40c_3.3v_25MHz_ideal0.00,1.00,2.513760e-10,IN,IN,-1.143650e-04,2.523480e-04,-2.825430e-10,-1.143650e-04,2.523480e-04,-2.825430e-10,3.299360e+00,3.301400e+00,3.300000e+00
mos_tt_res_wcs_-40c_3.3v_25MHz_ideal0.00,1.15,2.890824e-10,IN,IN,-1.032780e-01,3.413240e-02,3.430460e-04,-1.032780e-01,3.413240e-02,3.430460e-04,2.275630e+00,3.308470e+00,3.234590e+00
mos_tt_res_wcs_-40c_3.3v_25MHz_ideal0.00,1.30,3.267888e-10,TOG,TOG,-1.268050e-01,6.112020e-01,9.351060e-03,-1.268050e-01,6.112020e-01,9.351060e-03,1.473590e+00,3.308350e+00,3.178260e+00
mos_tt_res_wcs_-40c_3.3v_25MHz_ideal0.00,1.45,3.644952e-10,TOG,TOG,-1.232100e-01,2.814640e+00,5.858950e-02,-1.232100e-01,2.814640e+00,5.858950e-02,9.833160e-01,3.308630e+00,3.141830e+00
mos_tt_res_wcs_-40c_3.3v_25MHz_ideal0.00,1.60,4.022016e-10,TOG,TOG,-1.219070e-01,3.217060e+00,9.746930e-02,-1.219070e-01,3.217060e+00,9.746930e-02,6.255750e-01,3.308670e+00,3.113940e+00
mos_tt_res_wcs_-40c_3.3v_25MHz_ideal0.00,1.75,4.399080e-10,TOG,TOG,-1.219760e-01,3.299010e+00,1.171680e-01,-1.219760e-01,3.299010e+00,1.171680e-01,4.559040e-01,3.308630e+00,3.097970e+00
mos_tt_res_wcs_-40c_3.3v_25MHz_ideal0.00,1.90,4.776144e-10,TOG,TOG,-1.222290e-01,3.327190e+00,1.370240e-01,-1.222290e-01,3.327190e+00,1.370240e-01,2.455110e-01,3.308640e+00,3.080560e+00
mos_tt_res_wcs_-40c_3.3v_25MHz_ideal0.00,2.05,5.153208e-10,TOG,TOG,-1.222460e-01,3.329660e+00,1.460080e-01,-1.222460e-01,3.329660e+00,1.460080e-01,1.958730e-01,3.308670e+00,3.072300e+00
mos_tt_res_wcs_-40c_3.3v_25MHz_ideal0.00,2.20,5.530272e-10,TOG,TOG,-1.223350e-01,3.330380e+00,1.534740e-01,-1.223350e-01,3.330380e+00,1.534740e-01,1.406370e-01,3.308670e+00,3.065230e+00
mos_tt_res_wcs_-40c_3.3v_25MHz_ideal0.00,2.35,5.907336e-10,TOG,TOG,-1.223610e-01,3.330630e+00,1.591220e-01,-1.223610e-01,3.330630e+00,1.591220e-01,9.739690e-02,3.308670e+00,3.059820e+00
mos_tt_res_wcs_-40c_3.3v_25MHz_ideal0.00,2.50,6.284400e-10,TOG,TOG,-1.222200e-01,3.330800e+00,1.651170e-01,-1.222200e-01,3.330800e+00,1.651170e-01,6.100960e-02,3.308670e+00,3.054010e+00
mos_tt_res_wcs_-40c_3.3v_25MHz_ideal0.00,10.00,2.513760e-09,TOG,TOG,-1.223010e-01,3.331330e+00,3.257270e-01,-1.223010e-01,3.331330e+00,3.257270e-01,6.099550e-02,3.308670e+00,2.896910e+00
mos_tt_res_wcs_-40c_3.3v_25MHz_ideal0.20,0.25,6.515975e-11,IN,IN,-1.557630e-05,7.920660e-06,2.216020e-10,-1.557630e-05,7.920660e-06,2.216020e-10,3.299950e+00,3.300030e+00,3.300000e+00
mos_tt_res_wcs_-40c_3.3v_25MHz_ideal0.20,0.50,1.303195e-10,IN,IN,-9.617020e-06,5.193900e-06,9.414890e-11,-9.617020e-06,5.193900e-06,9.414900e-11,3.299960e+00,3.300020e+00,3.300000e+00
mos_tt_res_wcs_-40c_3.3v_25MHz_ideal0.20,1.00,2.606390e-10,IN,IN,-9.498750e-05,2.114260e-04,-7.432620e-12,-9.498750e-05,2.114260e-04,-7.432700e-12,3.299450e+00,3.301190e+00,3.300000e+00
mos_tt_res_wcs_-40c_3.3v_25MHz_ideal0.20,1.15,2.997348e-10,IN,IN,-8.738920e-02,1.575380e-02,1.332450e-04,-8.738920e-02,1.575380e-02,1.332450e-04,2.395280e+00,3.307320e+00,3.235580e+00
mos_tt_res_wcs_-40c_3.3v_25MHz_ideal0.20,1.30,3.388307e-10,TOG,TOG,-1.135470e-01,3.420580e-01,6.195160e-03,-1.135470e-01,3.420580e-01,6.195160e-03,1.633130e+00,3.307480e+00,3.174180e+00
mos_tt_res_wcs_-40c_3.3v_25MHz_ideal0.20,1.45,3.779265e-10,TOG,TOG,-1.090840e-01,1.912400e+00,3.505050e-02,-1.090840e-01,1.912400e+00,3.505050e-02,1.227070e+00,3.307440e+00,3.139780e+00
mos_tt_res_wcs_-40c_3.3v_25MHz_ideal0.20,1.60,4.170224e-10,TOG,TOG,-1.077220e-01,3.003830e+00,7.782220e-02,-1.077220e-01,3.003830e+00,7.782220e-02,9.381380e-01,3.307420e+00,3.113210e+00
mos_tt_res_wcs_-40c_3.3v_25MHz_ideal0.20,1.75,4.561182e-10,TOG,TOG,-1.076320e-01,3.258550e+00,1.159870e-01,-1.076320e-01,3.258550e+00,1.159870e-01,5.538890e-01,3.307390e+00,3.084520e+00
mos_tt_res_wcs_-40c_3.3v_25MHz_ideal0.20,1.90,4.952141e-10,TOG,TOG,-1.079750e-01,3.312080e+00,1.364200e-01,-1.079750e-01,3.312080e+00,1.364200e-01,3.964670e-01,3.307410e+00,3.067510e+00
mos_tt_res_wcs_-40c_3.3v_25MHz_ideal0.20,2.05,5.343099e-10,TOG,TOG,-1.083120e-01,3.325300e+00,1.540170e-01,-1.083120e-01,3.325300e+00,1.540170e-01,2.634780e-01,3.307440e+00,3.051860e+00
mos_tt_res_wcs_-40c_3.3v_25MHz_ideal0.20,2.20,5.734058e-10,TOG,TOG,-1.083320e-01,3.326560e+00,1.621580e-01,-1.083320e-01,3.326560e+00,1.621580e-01,1.859920e-01,3.307430e+00,3.044330e+00
mos_tt_res_wcs_-40c_3.3v_25MHz_ideal0.20,2.35,6.125017e-10,TOG,TOG,-1.082600e-01,3.327070e+00,1.717510e-01,-1.082600e-01,3.327070e+00,1.717510e-01,1.227200e-01,3.307430e+00,3.035270e+00
mos_tt_res_wcs_-40c_3.3v_25MHz_ideal0.20,2.50,6.515975e-10,TOG,TOG,-1.081730e-01,3.327230e+00,1.781520e-01,-1.081730e-01,3.327230e+00,1.781520e-01,8.628850e-02,3.307430e+00,3.029110e+00
mos_tt_res_wcs_-40c_3.3v_25MHz_ideal0.20,10.00,2.606390e-09,TOG,TOG,-1.081770e-01,3.327730e+00,3.468160e-01,-1.081770e-01,3.327730e+00,3.468160e-01,6.187840e-02,3.307430e+00,2.864200e+00
mos_tt_res_wcs_27c_3.3v_25MHz_real,0.25,7.236325e-11,IN,IN,-1.444510e-05,1.033580e-05,1.847310e-09,-1.444510e-05,1.033580e-05,1.847310e-09,3.299940e+00,3.300040e+00,3.300000e+00
mos_tt_res_wcs_27c_3.3v_25MHz_real,0.50,1.447265e-10,IN,IN,-1.058990e-05,1.195500e-05,1.512910e-09,-1.058990e-05,1.195500e-05,1.512910e-09,3.299960e+00,3.300030e+00,3.300000e+00
mos_tt_res_wcs_27c_3.3v_25MHz_real,1.00,2.894530e-10,IN,IN,-1.235520e-04,2.681260e-04,2.481500e-09,-1.235520e-04,2.681260e-04,2.481490e-09,3.299350e+00,3.301480e+00,3.300000e+00
mos_tt_res_wcs_27c_3.3v_25MHz_real,1.15,3.328709e-10,IN,IN,-1.061960e-01,3.756700e-02,3.664950e-04,-1.061960e-01,3.756700e-02,3.664950e-04,2.326470e+00,3.309040e+00,3.246580e+00
mos_tt_res_wcs_27c_3.3v_25MHz_real,1.30,3.762889e-10,TOG,TOG,-1.325550e-01,5.572210e-01,8.859890e-03,-1.325550e-01,5.572210e-01,8.859890e-03,1.581320e+00,3.309320e+00,3.197460e+00
mos_tt_res_wcs_27c_3.3v_25MHz_real,1.45,4.197068e-10,TOG,TOG,-1.277640e-01,2.408290e+00,4.507500e-02,-1.277640e-01,2.408290e+00,4.507500e-02,1.117670e+00,3.309370e+00,3.169060e+00
mos_tt_res_wcs_27c_3.3v_25MHz_real,1.60,4.631248e-10,TOG,TOG,-1.257750e-01,3.142870e+00,8.578200e-02,-1.257750e-01,3.142870e+00,8.578200e-02,7.253690e-01,3.309320e+00,3.142700e+00
mos_tt_res_wcs_27c_3.3v_25MHz_real,1.75,5.065428e-10,TOG,TOG,-1.253820e-01,3.263150e+00,1.051090e-01,-1.253820e-01,3.263150e+00,1.051090e-01,4.841170e-01,3.309170e+00,3.127500e+00
mos_tt_res_wcs_27c_3.3v_25MHz_real,1.90,5.499607e-10,TOG,TOG,-1.255890e-01,3.317680e+00,1.221650e-01,-1.255890e-01,3.317680e+00,1.221650e-01,3.199600e-01,3.309170e+00,3.112960e+00
mos_tt_res_wcs_27c_3.3v_25MHz_real,2.05,5.933786e-10,TOG,TOG,-1.263940e-01,3.332140e+00,1.325370e-01,-1.263940e-01,3.332140e+00,1.325370e-01,2.371160e-01,3.309320e+00,3.103660e+00
mos_tt_res_wcs_27c_3.3v_25MHz_real,2.20,6.367966e-10,TOG,TOG,-1.266460e-01,3.337480e+00,1.414710e-01,-1.266460e-01,3.337480e+00,1.414710e-01,1.804860e-01,3.309330e+00,3.095440e+00
mos_tt_res_wcs_27c_3.3v_25MHz_real,2.35,6.802145e-10,TOG,TOG,-1.265240e-01,3.339250e+00,1.484240e-01,-1.265240e-01,3.339250e+00,1.484240e-01,1.404580e-01,3.309330e+00,3.088910e+00
mos_tt_res_wcs_27c_3.3v_25MHz_real,2.50,7.236325e-10,TOG,TOG,-1.263540e-01,3.339920e+00,1.537870e-01,-1.263540e-01,3.339920e+00,1.537870e-01,1.154490e-01,3.309330e+00,3.083820e+00
mos_tt_res_wcs_27c_3.3v_25MHz_real,10.00,2.894530e-09,TOG,TOG,-1.264350e-01,3.340710e+00,3.381620e-01,-1.264350e-01,3.340710e+00,3.381620e-01,9.569970e-02,3.309330e+00,2.905540e+00
mos_tt_res_wcs_27c_3.3v_25MHz_ideal-0.20,0.25,6.954950e-11,IN,IN,-1.881290e-05,1.306640e-05,1.791530e-09,-1.881290e-05,1.306640e-05,1.791530e-09,3.299920e+00,3.300050e+00,3.300000e+00
mos_tt_res_wcs_27c_3.3v_25MHz_ideal-0.20,0.50,1.390990e-10,IN,IN,-1.544750e-05,8.954210e-06,2.094830e-09,-1.544750e-05,8.954210e-06,2.094830e-09,3.299940e+00,3.300050e+00,3.300000e+00
mos_tt_res_wcs_27c_3.3v_25MHz_ideal-0.20,1.00,2.781980e-10,IN,IN,-1.433040e-04,3.223060e-04,2.592890e-09,-1.433040e-04,3.223060e-04,2.592890e-09,3.299210e+00,3.301770e+00,3.300000e+00
mos_tt_res_wcs_27c_3.3v_25MHz_ideal-0.20,1.15,3.199277e-10,IN,IN,-1.225060e-01,5.850470e-02,5.848020e-04,-1.225060e-01,5.850470e-02,5.848020e-04,2.241300e+00,3.309780e+00,3.248530e+00
mos_tt_res_wcs_27c_3.3v_25MHz_ideal-0.20,1.30,3.616574e-10,TOG,TOG,-1.442880e-01,1.211630e+00,1.754520e-02,-1.442880e-01,1.211630e+00,1.754520e-02,1.369840e+00,3.310110e+00,3.198810e+00
mos_tt_res_wcs_27c_3.3v_25MHz_ideal-0.20,1.45,4.033871e-10,TOG,TOG,-1.404860e-01,2.935910e+00,6.112340e-02,-1.404860e-01,2.935910e+00,6.112340e-02,9.095000e-01,3.310170e+00,3.172810e+00
mos_tt_res_wcs_27c_3.3v_25MHz_ideal-0.20,1.60,4.451168e-10,TOG,TOG,-1.401910e-01,3.232870e+00,9.009500e-02,-1.401910e-01,3.232870e+00,9.009500e-02,5.366590e-01,3.309990e+00,3.151520e+00
mos_tt_res_wcs_27c_3.3v_25MHz_ideal-0.20,1.75,4.868465e-10,TOG,TOG,-1.408900e-01,3.303390e+00,1.047330e-01,-1.408900e-01,3.303390e+00,1.047330e-01,3.321660e-01,3.309720e+00,3.139280e+00
mos_tt_res_wcs_27c_3.3v_25MHz_ideal-0.20,1.90,5.285762e-10,TOG,TOG,-1.414040e-01,3.331580e+00,1.164340e-01,-1.414040e-01,3.331580e+00,1.164340e-01,2.299100e-01,3.309660e+00,3.128890e+00
mos_tt_res_wcs_27c_3.3v_25MHz_ideal-0.20,2.05,5.703059e-10,TOG,TOG,-1.406270e-01,3.340240e+00,1.243090e-01,-1.406270e-01,3.340240e+00,1.243090e-01,1.809850e-01,3.309920e+00,3.121650e+00
mos_tt_res_wcs_27c_3.3v_25MHz_ideal-0.20,2.20,6.120356e-10,TOG,TOG,-1.401870e-01,3.343830e+00,1.312940e-01,-1.401870e-01,3.343830e+00,1.312940e-01,1.389810e-01,3.310000e+00,3.115100e+00
mos_tt_res_wcs_27c_3.3v_25MHz_ideal-0.20,2.35,6.537653e-10,TOG,TOG,-1.404490e-01,3.345200e+00,1.368880e-01,-1.404490e-01,3.345200e+00,1.368880e-01,1.097310e-01,3.309980e+00,3.109800e+00
mos_tt_res_wcs_27c_3.3v_25MHz_ideal-0.20,2.50,6.954950e-10,TOG,TOG,-1.404530e-01,3.345810e+00,1.414760e-01,-1.404530e-01,3.345810e+00,1.414760e-01,9.327030e-02,3.309970e+00,3.105420e+00
mos_tt_res_wcs_27c_3.3v_25MHz_ideal-0.20,10.00,2.781980e-09,TOG,TOG,-1.404560e-01,3.346610e+00,3.174670e-01,-1.404560e-01,3.346610e+00,3.174670e-01,9.444520e-02,3.309950e+00,2.935230e+00
mos_tt_res_wcs_27c_3.3v_25MHz_ideal0.00,0.25,7.236575e-11,IN,IN,-1.445320e-05,1.034650e-05,1.862680e-09,-1.445320e-05,1.034650e-05,1.862680e-09,3.299940e+00,3.300040e+00,3.300000e+00
mos_tt_res_wcs_27c_3.3v_25MHz_ideal0.00,0.50,1.447315e-10,IN,IN,-1.055980e-05,1.191610e-05,1.557630e-09,-1.055980e-05,1.191610e-05,1.557630e-09,3.299960e+00,3.300030e+00,3.300000e+00
mos_tt_res_wcs_27c_3.3v_25MHz_ideal0.00,1.00,2.894630e-10,IN,IN,-1.234660e-04,2.682230e-04,2.456400e-09,-1.234660e-04,2.682230e-04,2.456400e-09,3.299350e+00,3.301480e+00,3.300000e+00
mos_tt_res_wcs_27c_3.3v_25MHz_ideal0.00,1.15,3.328824e-10,IN,IN,-1.062170e-01,3.755870e-02,3.664390e-04,-1.062170e-01,3.755870e-02,3.664390e-04,2.326470e+00,3.309070e+00,3.246580e+00
mos_tt_res_wcs_27c_3.3v_25MHz_ideal0.00,1.30,3.763019e-10,TOG,TOG,-1.325550e-01,5.571900e-01,8.859270e-03,-1.325550e-01,5.571900e-01,8.859270e-03,1.581350e+00,3.309340e+00,3.197460e+00
mos_tt_res_wcs_27c_3.3v_25MHz_ideal0.00,1.45,4.197213e-10,TOG,TOG,-1.277640e-01,2.408490e+00,4.508030e-02,-1.277640e-01,2.408490e+00,4.508030e-02,1.117610e+00,3.309420e+00,3.169060e+00
mos_tt_res_wcs_27c_3.3v_25MHz_ideal0.00,1.60,4.631408e-10,TOG,TOG,-1.257760e-01,3.142910e+00,8.578660e-02,-1.257760e-01,3.142910e+00,8.578660e-02,7.252430e-01,3.309360e+00,3.142700e+00
mos_tt_res_wcs_27c_3.3v_25MHz_ideal0.00,1.75,5.065602e-10,TOG,TOG,-1.253830e-01,3.263180e+00,1.051140e-01,-1.253830e-01,3.263180e+00,1.051140e-01,4.839620e-01,3.309200e+00,3.127490e+00
mos_tt_res_wcs_27c_3.3v_25MHz_ideal0.00,1.90,5.499797e-10,TOG,TOG,-1.255910e-01,3.317690e+00,1.221680e-01,-1.255910e-01,3.317690e+00,1.221680e-01,3.197970e-01,3.309200e+00,3.112960e+00
mos_tt_res_wcs_27c_3.3v_25MHz_ideal0.00,2.05,5.933991e-10,TOG,TOG,-1.263960e-01,3.332150e+00,1.325410e-01,-1.263960e-01,3.332150e+00,1.325410e-01,2.370180e-01,3.309360e+00,3.103660e+00
mos_tt_res_wcs_27c_3.3v_25MHz_ideal0.00,2.20,6.368186e-10,TOG,TOG,-1.266470e-01,3.337480e+00,1.414740e-01,-1.266470e-01,3.337480e+00,1.414740e-01,1.804160e-01,3.309370e+00,3.095440e+00
mos_tt_res_wcs_27c_3.3v_25MHz_ideal0.00,2.35,6.802380e-10,TOG,TOG,-1.265250e-01,3.339250e+00,1.484280e-01,-1.265250e-01,3.339250e+00,1.484280e-01,1.404060e-01,3.309370e+00,3.088910e+00
mos_tt_res_wcs_27c_3.3v_25MHz_ideal0.00,2.50,7.236575e-10,TOG,TOG,-1.263550e-01,3.339920e+00,1.537890e-01,-1.263550e-01,3.339920e+00,1.537890e-01,1.153810e-01,3.309360e+00,3.083820e+00
mos_tt_res_wcs_27c_3.3v_25MHz_ideal0.00,10.00,2.894630e-09,TOG,TOG,-1.264360e-01,3.340730e+00,3.381690e-01,-1.264360e-01,3.340730e+00,3.381690e-01,9.570680e-02,3.309360e+00,2.905530e+00
mos_tt_res_wcs_27c_3.3v_25MHz_ideal0.20,0.25,7.501825e-11,IN,IN,-1.173380e-05,8.383850e-06,1.901710e-09,-1.173380e-05,8.383850e-06,1.901710e-09,3.299950e+00,3.300030e+00,3.300000e+00
mos_tt_res_wcs_27c_3.3v_25MHz_ideal0.20,0.50,1.500365e-10,IN,IN,-1.088010e-05,7.759780e-06,1.516780e-09,-1.088010e-05,7.759780e-06,1.516780e-09,3.299950e+00,3.300020e+00,3.300000e+00
mos_tt_res_wcs_27c_3.3v_25MHz_ideal0.20,1.00,3.000730e-10,IN,IN,-9.912060e-05,2.197130e-04,1.126970e-09,-9.912060e-05,2.197130e-04,1.126970e-09,3.299440e+00,3.301230e+00,3.300000e+00
mos_tt_res_wcs_27c_3.3v_25MHz_ideal0.20,1.15,3.450839e-10,IN,IN,-9.074370e-02,1.843730e-02,1.599970e-04,-9.074370e-02,1.843730e-02,1.599970e-04,2.460880e+00,3.307100e+00,3.247440e+00
mos_tt_res_wcs_27c_3.3v_25MHz_ideal0.20,1.30,3.900949e-10,TOG,TOG,-1.232900e-01,3.957520e-01,7.049760e-03,-1.232900e-01,3.957520e-01,7.049760e-03,1.644060e+00,3.306970e+00,3.191690e+00
mos_tt_res_wcs_27c_3.3v_25MHz_ideal0.20,1.45,4.351058e-10,TOG,TOG,-1.193560e-01,1.862640e+00,3.452570e-02,-1.193560e-01,1.862640e+00,3.452570e-02,1.232590e+00,3.307260e+00,3.161700e+00
mos_tt_res_wcs_27c_3.3v_25MHz_ideal0.20,1.60,4.801168e-10,TOG,TOG,-1.177050e-01,2.996070e+00,7.687660e-02,-1.177050e-01,2.996070e+00,7.687660e-02,8.885910e-01,3.307510e+00,3.136310e+00
mos_tt_res_wcs_27c_3.3v_25MHz_ideal0.20,1.75,5.251278e-10,TOG,TOG,-1.176520e-01,3.212650e+00,1.040660e-01,-1.176520e-01,3.212650e+00,1.040660e-01,6.267230e-01,3.307580e+00,3.116230e+00
mos_tt_res_wcs_27c_3.3v_25MHz_ideal0.20,1.90,5.701387e-10,TOG,TOG,-1.179510e-01,3.293790e+00,1.237720e-01,-1.179510e-01,3.293790e+00,1.237720e-01,4.275200e-01,3.307520e+00,3.100160e+00
mos_tt_res_wcs_27c_3.3v_25MHz_ideal0.20,2.05,6.151496e-10,TOG,TOG,-1.181950e-01,3.323560e+00,1.392100e-01,-1.181950e-01,3.323560e+00,1.392100e-01,3.072050e-01,3.307420e+00,3.086760e+00
mos_tt_res_wcs_27c_3.3v_25MHz_ideal0.20,2.20,6.601606e-10,TOG,TOG,-1.182810e-01,3.331610e+00,1.495820e-01,-1.182810e-01,3.331610e+00,1.495820e-01,2.351070e-01,3.307450e+00,3.077400e+00
mos_tt_res_wcs_27c_3.3v_25MHz_ideal0.20,2.35,7.051716e-10,TOG,TOG,-1.182710e-01,3.334340e+00,1.583620e-01,-1.182710e-01,3.334340e+00,1.583620e-01,1.816830e-01,3.307460e+00,3.069280e+00
mos_tt_res_wcs_27c_3.3v_25MHz_ideal0.20,2.50,7.501825e-10,TOG,TOG,-1.181300e-01,3.335240e+00,1.648530e-01,-1.181300e-01,3.335240e+00,1.648530e-01,1.459270e-01,3.307450e+00,3.063170e+00
mos_tt_res_wcs_27c_3.3v_25MHz_ideal0.20,10.00,3.000730e-09,TOG,TOG,-1.181900e-01,3.336290e+00,3.581410e-01,-1.181900e-01,3.336290e+00,3.581410e-01,9.673560e-02,3.307450e+00,2.876330e+00
mos_tt_res_wcs_125c_3.3v_25MHz_real,0.25,8.816500e-11,IN,IN,-1.114850e-05,1.083110e-05,4.010090e-07,-1.114850e-05,1.083110e-05,4.010090e-07,3.299940e+00,3.300040e+00,3.300000e+00
mos_tt_res_wcs_125c_3.3v_25MHz_real,0.50,1.763300e-10,IN,IN,-9.548570e-06,7.045250e-06,4.004260e-07,-9.548570e-06,7.045250e-06,4.004260e-07,3.299950e+00,3.300030e+00,3.300000e+00
mos_tt_res_wcs_125c_3.3v_25MHz_real,1.00,3.526600e-10,IN,IN,-1.280640e-04,2.842850e-04,4.012200e-07,-1.280640e-04,2.842850e-04,4.012200e-07,3.299350e+00,3.301590e+00,3.300000e+00
mos_tt_res_wcs_125c_3.3v_25MHz_real,1.15,4.055590e-10,IN,IN,-9.563250e-02,3.213030e-02,3.281520e-04,-9.563250e-02,3.213030e-02,3.281520e-04,2.471950e+00,3.306260e+00,3.263120e+00
mos_tt_res_wcs_125c_3.3v_25MHz_real,1.30,4.584580e-10,TOG,TOG,-1.395170e-01,6.133510e-01,9.841910e-03,-1.395170e-01,6.133510e-01,9.841910e-03,1.568140e+00,3.307280e+00,3.217490e+00
mos_tt_res_wcs_125c_3.3v_25MHz_real,1.45,5.113570e-10,TOG,TOG,-1.358880e-01,2.263450e+00,4.195830e-02,-1.358880e-01,2.263450e+00,4.195830e-02,1.126620e+00,3.306770e+00,3.193100e+00
mos_tt_res_wcs_125c_3.3v_25MHz_real,1.60,5.642560e-10,TOG,TOG,-1.340450e-01,3.003940e+00,7.178720e-02,-1.340450e-01,3.003940e+00,7.178720e-02,8.164510e-01,3.306220e+00,3.175330e+00
mos_tt_res_wcs_125c_3.3v_25MHz_real,1.75,6.171550e-10,TOG,TOG,-1.338000e-01,3.189930e+00,9.033170e-02,-1.338000e-01,3.189930e+00,9.033170e-02,5.938540e-01,3.305780e+00,3.161460e+00
mos_tt_res_wcs_125c_3.3v_25MHz_real,1.90,6.700540e-10,TOG,TOG,-1.339040e-01,3.276290e+00,1.049310e-01,-1.339040e-01,3.276290e+00,1.049310e-01,4.572960e-01,3.305680e+00,3.149520e+00
mos_tt_res_wcs_125c_3.3v_25MHz_real,2.05,7.229530e-10,TOG,TOG,-1.342240e-01,3.313640e+00,1.149690e-01,-1.342240e-01,3.313640e+00,1.149690e-01,3.663890e-01,3.306080e+00,3.140890e+00
mos_tt_res_wcs_125c_3.3v_25MHz_real,2.20,7.758520e-10,TOG,TOG,-1.345100e-01,3.334100e+00,1.238820e-01,-1.345100e-01,3.334100e+00,1.238820e-01,3.063750e-01,3.306220e+00,3.133010e+00
mos_tt_res_wcs_125c_3.3v_25MHz_real,2.35,8.287510e-10,TOG,TOG,-1.345740e-01,3.344260e+00,1.311900e-01,-1.345740e-01,3.344260e+00,1.311900e-01,2.609140e-01,3.306180e+00,3.126400e+00
mos_tt_res_wcs_125c_3.3v_25MHz_real,2.50,8.816500e-10,TOG,TOG,-1.344140e-01,3.349630e+00,1.376250e-01,-1.344140e-01,3.349630e+00,1.376250e-01,2.277550e-01,3.306170e+00,3.120480e+00
mos_tt_res_wcs_125c_3.3v_25MHz_real,10.00,3.526600e-09,TOG,TOG,-1.344290e-01,3.356680e+00,3.613810e-01,-1.344290e-01,3.356680e+00,3.613810e-01,1.718500e-01,3.306170e+00,2.909540e+00
mos_tt_res_wcs_125c_3.3v_25MHz_ideal-0.20,0.25,8.480150e-11,IN,IN,-1.044980e-05,1.328950e-05,4.009300e-07,-1.044980e-05,1.328950e-05,4.009300e-07,3.299940e+00,3.300050e+00,3.300000e+00
mos_tt_res_wcs_125c_3.3v_25MHz_ideal-0.20,0.50,1.696030e-10,IN,IN,-1.106050e-05,8.607220e-06,4.005200e-07,-1.106050e-05,8.607220e-06,4.005200e-07,3.299940e+00,3.300030e+00,3.300000e+00
mos_tt_res_wcs_125c_3.3v_25MHz_ideal-0.20,1.00,3.392060e-10,IN,IN,-1.510480e-04,3.363610e-04,4.019540e-07,-1.510480e-04,3.363610e-04,4.019540e-07,3.299210e+00,3.301890e+00,3.300000e+00
mos_tt_res_wcs_125c_3.3v_25MHz_ideal-0.20,1.15,3.900869e-10,IN,IN,-1.145140e-01,5.831430e-02,6.304950e-04,-1.145140e-01,5.831430e-02,6.304950e-04,2.335800e+00,3.308370e+00,3.262100e+00
mos_tt_res_wcs_125c_3.3v_25MHz_ideal-0.20,1.30,4.409678e-10,TOG,TOG,-1.552770e-01,1.085410e+00,1.597340e-02,-1.552770e-01,1.085410e+00,1.597340e-02,1.387910e+00,3.308350e+00,3.219040e+00
mos_tt_res_wcs_125c_3.3v_25MHz_ideal-0.20,1.45,4.918487e-10,TOG,TOG,-1.513530e-01,2.769560e+00,5.350970e-02,-1.513530e-01,2.769560e+00,5.350970e-02,9.265580e-01,3.308390e+00,3.197210e+00
mos_tt_res_wcs_125c_3.3v_25MHz_ideal-0.20,1.60,5.427296e-10,TOG,TOG,-1.492220e-01,3.131120e+00,7.608950e-02,-1.492220e-01,3.131120e+00,7.608950e-02,6.306710e-01,3.308590e+00,3.181720e+00
mos_tt_res_wcs_125c_3.3v_25MHz_ideal-0.20,1.75,5.936105e-10,TOG,TOG,-1.486020e-01,3.250620e+00,9.061050e-02,-1.486020e-01,3.250620e+00,9.061050e-02,4.523540e-01,3.308660e+00,3.170110e+00
mos_tt_res_wcs_125c_3.3v_25MHz_ideal-0.20,1.90,6.444914e-10,TOG,TOG,-1.483980e-01,3.303650e+00,1.008980e-01,-1.483980e-01,3.303650e+00,1.008980e-01,3.599600e-01,3.308640e+00,3.161350e+00
mos_tt_res_wcs_125c_3.3v_25MHz_ideal-0.20,2.05,6.953723e-10,TOG,TOG,-1.488270e-01,3.331440e+00,1.093810e-01,-1.488270e-01,3.331440e+00,1.093810e-01,3.012170e-01,3.308630e+00,3.153880e+00
mos_tt_res_wcs_125c_3.3v_25MHz_ideal-0.20,2.20,7.462532e-10,TOG,TOG,-1.494730e-01,3.346330e+00,1.167830e-01,-1.494730e-01,3.346330e+00,1.167830e-01,2.569980e-01,3.308600e+00,3.147210e+00
mos_tt_res_wcs_125c_3.3v_25MHz_ideal-0.20,2.35,7.971341e-10,TOG,TOG,-1.496320e-01,3.353720e+00,1.227530e-01,-1.496320e-01,3.353720e+00,1.227530e-01,2.233900e-01,3.308620e+00,3.141740e+00
mos_tt_res_wcs_125c_3.3v_25MHz_ideal-0.20,2.50,8.480150e-10,TOG,TOG,-1.494030e-01,3.357990e+00,1.283400e-01,-1.494030e-01,3.357990e+00,1.283400e-01,1.987390e-01,3.308620e+00,3.136560e+00
mos_tt_res_wcs_125c_3.3v_25MHz_ideal-0.20,10.00,3.392060e-09,TOG,TOG,-1.494040e-01,3.364130e+00,3.422300e-01,-1.494040e-01,3.364130e+00,3.422300e-01,1.702280e-01,3.308620e+00,2.934840e+00
mos_tt_res_wcs_125c_3.3v_25MHz_ideal0.00,0.25,8.817000e-11,IN,IN,-1.116860e-05,1.083050e-05,4.010160e-07,-1.116860e-05,1.083050e-05,4.010160e-07,3.299940e+00,3.300040e+00,3.300000e+00
mos_tt_res_wcs_125c_3.3v_25MHz_ideal0.00,0.50,1.763400e-10,IN,IN,-9.543290e-06,7.038740e-06,4.004400e-07,-9.543290e-06,7.038740e-06,4.004400e-07,3.299950e+00,3.300030e+00,3.300000e+00
mos_tt_res_wcs_125c_3.3v_25MHz_ideal0.00,1.00,3.526800e-10,IN,IN,-1.280550e-04,2.843720e-04,4.012420e-07,-1.280550e-04,2.843720e-04,4.012420e-07,3.299350e+00,3.301590e+00,3.300000e+00
mos_tt_res_wcs_125c_3.3v_25MHz_ideal0.00,1.15,4.055820e-10,IN,IN,-9.565930e-02,3.216440e-02,3.286100e-04,-9.565930e-02,3.216440e-02,3.286100e-04,2.471710e+00,3.306270e+00,3.263110e+00
mos_tt_res_wcs_125c_3.3v_25MHz_ideal0.00,1.30,4.584840e-10,TOG,TOG,-1.395190e-01,6.135650e-01,9.845220e-03,-1.395190e-01,6.135650e-01,9.845220e-03,1.567990e+00,3.307290e+00,3.217490e+00
mos_tt_res_wcs_125c_3.3v_25MHz_ideal0.00,1.45,5.113860e-10,TOG,TOG,-1.358880e-01,2.264050e+00,4.197310e-02,-1.358880e-01,2.264050e+00,4.197310e-02,1.126490e+00,3.306770e+00,3.193090e+00
mos_tt_res_wcs_125c_3.3v_25MHz_ideal0.00,1.60,5.642880e-10,TOG,TOG,-1.340450e-01,3.004070e+00,7.179700e-02,-1.340450e-01,3.004070e+00,7.179700e-02,8.163140e-01,3.306230e+00,3.175320e+00
mos_tt_res_wcs_125c_3.3v_25MHz_ideal0.00,1.75,6.171900e-10,TOG,TOG,-1.337990e-01,3.189990e+00,9.033940e-02,-1.337990e-01,3.189990e+00,9.033940e-02,5.937140e-01,3.305790e+00,3.161450e+00
mos_tt_res_wcs_125c_3.3v_25MHz_ideal0.00,1.90,6.700920e-10,TOG,TOG,-1.339030e-01,3.276330e+00,1.049380e-01,-1.339030e-01,3.276330e+00,1.049380e-01,4.572630e-01,3.305690e+00,3.149510e+00
mos_tt_res_wcs_125c_3.3v_25MHz_ideal0.00,2.05,7.229940e-10,TOG,TOG,-1.342240e-01,3.313660e+00,1.149760e-01,-1.342240e-01,3.313660e+00,1.149760e-01,3.662960e-01,3.306080e+00,3.140890e+00
mos_tt_res_wcs_125c_3.3v_25MHz_ideal0.00,2.20,7.758960e-10,TOG,TOG,-1.345100e-01,3.334110e+00,1.238880e-01,-1.345100e-01,3.334110e+00,1.238880e-01,3.063330e-01,3.306230e+00,3.133000e+00
mos_tt_res_wcs_125c_3.3v_25MHz_ideal0.00,2.35,8.287980e-10,TOG,TOG,-1.345740e-01,3.344270e+00,1.311940e-01,-1.345740e-01,3.344270e+00,1.311940e-01,2.608600e-01,3.306190e+00,3.126390e+00
mos_tt_res_wcs_125c_3.3v_25MHz_ideal0.00,2.50,8.817000e-10,TOG,TOG,-1.344140e-01,3.349630e+00,1.376290e-01,-1.344140e-01,3.349630e+00,1.376290e-01,2.277110e-01,3.306170e+00,3.120480e+00
mos_tt_res_wcs_125c_3.3v_25MHz_ideal0.00,10.00,3.526800e-09,TOG,TOG,-1.344280e-01,3.356690e+00,3.613970e-01,-1.344280e-01,3.356690e+00,3.613970e-01,1.718540e-01,3.306180e+00,2.909520e+00
mos_tt_res_wcs_125c_3.3v_25MHz_ideal0.20,0.25,9.142900e-11,IN,IN,-9.823140e-06,8.769400e-06,4.010400e-07,-9.823140e-06,8.769400e-06,4.010400e-07,3.299950e+00,3.300030e+00,3.300000e+00
mos_tt_res_wcs_125c_3.3v_25MHz_ideal0.20,0.50,1.828580e-10,IN,IN,-8.294610e-06,5.471670e-06,4.006190e-07,-8.294610e-06,5.471670e-06,4.006190e-07,3.299960e+00,3.300020e+00,3.300000e+00
mos_tt_res_wcs_125c_3.3v_25MHz_ideal0.20,1.00,3.657160e-10,IN,IN,-1.112820e-04,2.461380e-04,4.011130e-07,-1.112820e-04,2.461380e-04,4.011130e-07,3.299460e+00,3.301370e+00,3.300000e+00
mos_tt_res_wcs_125c_3.3v_25MHz_ideal0.20,1.15,4.205734e-10,IN,IN,-8.927550e-02,2.089980e-02,2.065670e-04,-8.927550e-02,2.089980e-02,2.065670e-04,2.555220e+00,3.306720e+00,3.262630e+00
mos_tt_res_wcs_125c_3.3v_25MHz_ideal0.20,1.30,4.754308e-10,TOG,TOG,-1.259160e-01,3.765570e-01,6.674110e-03,-1.259160e-01,3.765570e-01,6.674110e-03,1.743910e+00,3.307480e+00,3.217060e+00
mos_tt_res_wcs_125c_3.3v_25MHz_ideal0.20,1.45,5.302882e-10,TOG,TOG,-1.231950e-01,1.585050e+00,2.891240e-02,-1.231950e-01,1.585050e+00,2.891240e-02,1.298220e+00,3.306940e+00,3.190100e+00
mos_tt_res_wcs_125c_3.3v_25MHz_ideal0.20,1.60,5.851456e-10,TOG,TOG,-1.217020e-01,2.813270e+00,6.487360e-02,-1.217020e-01,2.813270e+00,6.487360e-02,9.866510e-01,3.307170e+00,3.169970e+00
mos_tt_res_wcs_125c_3.3v_25MHz_ideal0.20,1.75,6.400030e-10,TOG,TOG,-1.216780e-01,3.111110e+00,8.798680e-02,-1.216780e-01,3.111110e+00,8.798680e-02,7.384620e-01,3.307340e+00,3.153990e+00
mos_tt_res_wcs_125c_3.3v_25MHz_ideal0.20,1.90,6.948604e-10,TOG,TOG,-1.219420e-01,3.235160e+00,1.057360e-01,-1.219420e-01,3.235160e+00,1.057360e-01,5.585470e-01,3.307320e+00,3.140130e+00
mos_tt_res_wcs_125c_3.3v_25MHz_ideal0.20,2.05,7.497178e-10,TOG,TOG,-1.219940e-01,3.292580e+00,1.190900e-01,-1.219940e-01,3.292580e+00,1.190900e-01,4.438220e-01,3.307120e+00,3.129020e+00
mos_tt_res_wcs_125c_3.3v_25MHz_ideal0.20,2.20,8.045752e-10,TOG,TOG,-1.220520e-01,3.321150e+00,1.298210e-01,-1.220520e-01,3.321150e+00,1.298210e-01,3.613330e-01,3.307130e+00,3.119740e+00
mos_tt_res_wcs_125c_3.3v_25MHz_ideal0.20,2.35,8.594326e-10,TOG,TOG,-1.221330e-01,3.335160e+00,1.386150e-01,-1.221330e-01,3.335160e+00,1.386150e-01,3.028330e-01,3.307140e+00,3.111910e+00
mos_tt_res_wcs_125c_3.3v_25MHz_ideal0.20,2.50,9.142900e-10,TOG,TOG,-1.220200e-01,3.342220e+00,1.460990e-01,-1.220200e-01,3.342220e+00,1.460990e-01,2.589660e-01,3.307140e+00,3.105120e+00
mos_tt_res_wcs_125c_3.3v_25MHz_ideal0.20,10.00,3.657160e-09,TOG,TOG,-1.220300e-01,3.351050e+00,3.802750e-01,-1.220300e-01,3.351050e+00,3.802750e-01,1.731620e-01,3.307140e+00,2.884500e+00
mos_tt_res_bcs_-40c_3.3v_25MHz_real,0.25,6.284175e-11,IN,IN,-1.598280e-05,9.649730e-06,1.713600e-10,-1.598280e-05,9.649730e-06,1.713590e-10,3.299950e+00,3.300040e+00,3.300000e+00
mos_tt_res_bcs_-40c_3.3v_25MHz_real,0.50,1.256835e-10,IN,IN,-1.198490e-05,9.758980e-06,1.800260e-12,-1.198490e-05,9.758980e-06,1.800170e-12,3.299950e+00,3.300030e+00,3.300000e+00
mos_tt_res_bcs_-40c_3.3v_25MHz_real,1.00,2.513670e-10,IN,IN,-1.150700e-04,2.514550e-04,-2.534940e-10,-1.150700e-04,2.514550e-04,-2.534930e-10,3.299360e+00,3.301400e+00,3.300000e+00
mos_tt_res_bcs_-40c_3.3v_25MHz_real,1.15,2.890720e-10,IN,IN,-1.013370e-01,3.133790e-02,1.902750e-04,-1.013370e-01,3.133790e-02,1.902750e-04,2.296880e+00,3.308370e+00,3.260400e+00
mos_tt_res_bcs_-40c_3.3v_25MHz_real,1.30,3.267771e-10,TOG,TOG,-1.246230e-01,4.574910e-01,4.903780e-03,-1.246230e-01,4.574910e-01,4.903780e-03,1.516180e+00,3.308240e+00,3.226270e+00
mos_tt_res_bcs_-40c_3.3v_25MHz_real,1.45,3.644821e-10,TOG,TOG,-1.210300e-01,2.334500e+00,3.122460e-02,-1.210300e-01,2.334500e+00,3.122460e-02,1.052380e+00,3.308530e+00,3.204070e+00
mos_tt_res_bcs_-40c_3.3v_25MHz_real,1.60,4.021872e-10,TOG,TOG,-1.197290e-01,3.116160e+00,5.857700e-02,-1.197290e-01,3.116160e+00,5.857700e-02,7.224760e-01,3.308600e+00,3.186730e+00
mos_tt_res_bcs_-40c_3.3v_25MHz_real,1.75,4.398923e-10,TOG,TOG,-1.197970e-01,3.249480e+00,7.176420e-02,-1.197970e-01,3.249480e+00,7.176420e-02,5.435360e-01,3.308570e+00,3.176540e+00
mos_tt_res_bcs_-40c_3.3v_25MHz_real,1.90,4.775973e-10,TOG,TOG,-1.200490e-01,3.325140e+00,8.619240e-02,-1.200490e-01,3.325140e+00,8.619240e-02,3.330100e-01,3.308570e+00,3.164260e+00
mos_tt_res_bcs_-40c_3.3v_25MHz_real,2.05,5.153023e-10,TOG,TOG,-1.200660e-01,3.339150e+00,9.305820e-02,-1.200660e-01,3.339150e+00,9.305820e-02,2.665090e-01,3.308580e+00,3.158100e+00
mos_tt_res_bcs_-40c_3.3v_25MHz_real,2.20,5.530074e-10,TOG,TOG,-1.201550e-01,3.345320e+00,9.893440e-02,-1.201550e-01,3.345320e+00,9.893440e-02,2.217000e-01,3.308580e+00,3.152630e+00
mos_tt_res_bcs_-40c_3.3v_25MHz_real,2.35,5.907125e-10,TOG,TOG,-1.201800e-01,3.347780e+00,1.037920e-01,-1.201800e-01,3.347780e+00,1.037920e-01,1.615980e-01,3.308580e+00,3.148030e+00
mos_tt_res_bcs_-40c_3.3v_25MHz_real,2.50,6.284175e-10,TOG,TOG,-1.200400e-01,3.349040e+00,1.089290e-01,-1.200400e-01,3.349040e+00,1.089290e-01,1.232350e-01,3.308580e+00,3.143120e+00
mos_tt_res_bcs_-40c_3.3v_25MHz_real,10.00,2.513670e-09,TOG,TOG,-1.201210e-01,3.350660e+00,2.687820e-01,-1.201210e-01,3.350660e+00,2.687820e-01,1.092540e-01,3.308590e+00,2.989080e+00
mos_tt_res_bcs_-40c_3.3v_25MHz_ideal-0.20,0.25,6.038750e-11,IN,IN,-1.389120e-05,1.210630e-05,-1.339200e-10,-1.389120e-05,1.210630e-05,-1.339200e-10,3.299940e+00,3.300050e+00,3.300000e+00
mos_tt_res_bcs_-40c_3.3v_25MHz_ideal-0.20,0.50,1.207750e-10,IN,IN,-1.705260e-05,1.672290e-05,-1.281100e-10,-1.705260e-05,1.672290e-05,-1.281100e-10,3.299940e+00,3.300040e+00,3.300000e+00
mos_tt_res_bcs_-40c_3.3v_25MHz_ideal-0.20,1.00,2.415500e-10,IN,IN,-1.406460e-04,2.979540e-04,1.314670e-09,-1.406460e-04,2.979540e-04,1.314670e-09,3.299240e+00,3.301680e+00,3.300000e+00
mos_tt_res_bcs_-40c_3.3v_25MHz_ideal-0.20,1.15,2.777825e-10,IN,IN,-1.167600e-01,5.921030e-02,3.948260e-04,-1.167600e-01,5.921030e-02,3.948260e-04,2.143760e+00,3.308940e+00,3.260570e+00
mos_tt_res_bcs_-40c_3.3v_25MHz_ideal-0.20,1.30,3.140150e-10,TOG,TOG,-1.402500e-01,7.938700e-01,7.713740e-03,-1.402500e-01,7.938700e-01,7.713740e-03,1.387620e+00,3.308040e+00,3.229840e+00
mos_tt_res_bcs_-40c_3.3v_25MHz_ideal-0.20,1.45,3.502475e-10,TOG,TOG,-1.361690e-01,2.794370e+00,3.877570e-02,-1.361690e-01,2.794370e+00,3.877570e-02,8.915360e-01,3.308850e+00,3.209780e+00
mos_tt_res_bcs_-40c_3.3v_25MHz_ideal-0.20,1.60,3.864800e-10,TOG,TOG,-1.346740e-01,3.243280e+00,6.463400e-02,-1.346740e-01,3.243280e+00,6.463400e-02,4.816330e-01,3.309190e+00,3.191030e+00
mos_tt_res_bcs_-40c_3.3v_25MHz_ideal-0.20,1.75,4.227125e-10,TOG,TOG,-1.346490e-01,3.300780e+00,7.261560e-02,-1.346490e-01,3.300780e+00,7.261560e-02,3.733460e-01,3.309270e+00,3.184410e+00
mos_tt_res_bcs_-40c_3.3v_25MHz_ideal-0.20,1.90,4.589450e-10,TOG,TOG,-1.348970e-01,3.338550e+00,8.195630e-02,-1.348970e-01,3.338550e+00,8.195630e-02,2.635550e-01,3.309250e+00,3.176120e+00
mos_tt_res_bcs_-40c_3.3v_25MHz_ideal-0.20,2.05,4.951775e-10,TOG,TOG,-1.352620e-01,3.347870e+00,8.701760e-02,-1.352620e-01,3.347870e+00,8.701760e-02,2.058710e-01,3.309130e+00,3.171470e+00
mos_tt_res_bcs_-40c_3.3v_25MHz_ideal-0.20,2.20,5.314100e-10,TOG,TOG,-1.354010e-01,3.353570e+00,9.353610e-02,-1.354010e-01,3.353570e+00,9.353610e-02,1.618890e-01,3.309140e+00,3.165340e+00
mos_tt_res_bcs_-40c_3.3v_25MHz_ideal-0.20,2.35,5.676425e-10,TOG,TOG,-1.353840e-01,3.355010e+00,9.656200e-02,-1.353840e-01,3.355010e+00,9.656200e-02,1.324820e-01,3.309150e+00,3.162440e+00
mos_tt_res_bcs_-40c_3.3v_25MHz_ideal-0.20,2.50,6.038750e-10,TOG,TOG,-1.352110e-01,3.356130e+00,1.007940e-01,-1.352110e-01,3.356130e+00,1.007940e-01,1.049710e-01,3.309160e+00,3.158340e+00
mos_tt_res_bcs_-40c_3.3v_25MHz_ideal-0.20,10.00,2.415500e-09,TOG,TOG,-1.352260e-01,3.358090e+00,2.537370e-01,-1.352260e-01,3.358090e+00,2.537370e-01,1.083940e-01,3.309200e+00,3.010950e+00
mos_tt_res_bcs_-40c_3.3v_25MHz_ideal0.00,0.25,6.284400e-11,IN,IN,-1.564110e-05,9.637220e-06,2.055140e-10,-1.564110e-05,9.637220e-06,2.055140e-10,3.299950e+00,3.300040e+00,3.300000e+00
mos_tt_res_bcs_-40c_3.3v_25MHz_ideal0.00,0.50,1.256880e-10,IN,IN,-1.189600e-05,9.640790e-06,3.887580e-11,-1.189600e-05,9.640790e-06,3.887560e-11,3.299950e+00,3.300030e+00,3.300000e+00
mos_tt_res_bcs_-40c_3.3v_25MHz_ideal0.00,1.00,2.513760e-10,IN,IN,-1.156410e-04,2.515480e-04,-2.843810e-10,-1.156410e-04,2.515480e-04,-2.843810e-10,3.299360e+00,3.301400e+00,3.300000e+00
mos_tt_res_bcs_-40c_3.3v_25MHz_ideal0.00,1.15,2.890824e-10,IN,IN,-1.013550e-01,3.133990e-02,1.902060e-04,-1.013550e-01,3.133990e-02,1.902060e-04,2.296960e+00,3.308450e+00,3.260400e+00
mos_tt_res_bcs_-40c_3.3v_25MHz_ideal0.00,1.30,3.267888e-10,TOG,TOG,-1.246360e-01,4.575300e-01,4.904240e-03,-1.246360e-01,4.575300e-01,4.904240e-03,1.516070e+00,3.308320e+00,3.226270e+00
mos_tt_res_bcs_-40c_3.3v_25MHz_ideal0.00,1.45,3.644952e-10,TOG,TOG,-1.210440e-01,2.334630e+00,3.122640e-02,-1.210440e-01,2.334630e+00,3.122640e-02,1.052310e+00,3.308610e+00,3.204070e+00
mos_tt_res_bcs_-40c_3.3v_25MHz_ideal0.00,1.60,4.022016e-10,TOG,TOG,-1.197420e-01,3.116260e+00,5.858340e-02,-1.197420e-01,3.116260e+00,5.858340e-02,7.222920e-01,3.308650e+00,3.186730e+00
mos_tt_res_bcs_-40c_3.3v_25MHz_ideal0.00,1.75,4.399080e-10,TOG,TOG,-1.198110e-01,3.249520e+00,7.176970e-02,-1.198110e-01,3.249520e+00,7.176970e-02,5.434310e-01,3.308610e+00,3.176540e+00
mos_tt_res_bcs_-40c_3.3v_25MHz_ideal0.00,1.90,4.776144e-10,TOG,TOG,-1.200630e-01,3.325140e+00,8.619410e-02,-1.200630e-01,3.325140e+00,8.619410e-02,3.329090e-01,3.308620e+00,3.164260e+00
mos_tt_res_bcs_-40c_3.3v_25MHz_ideal0.00,2.05,5.153208e-10,TOG,TOG,-1.200800e-01,3.339150e+00,9.306270e-02,-1.200800e-01,3.339150e+00,9.306270e-02,2.664340e-01,3.308650e+00,3.158090e+00
mos_tt_res_bcs_-40c_3.3v_25MHz_ideal0.00,2.20,5.530272e-10,TOG,TOG,-1.201690e-01,3.345320e+00,9.893440e-02,-1.201690e-01,3.345320e+00,9.893440e-02,2.216680e-01,3.308650e+00,3.152630e+00
mos_tt_res_bcs_-40c_3.3v_25MHz_ideal0.00,2.35,5.907336e-10,TOG,TOG,-1.201950e-01,3.347780e+00,1.037960e-01,-1.201950e-01,3.347780e+00,1.037960e-01,1.615040e-01,3.308650e+00,3.148030e+00
mos_tt_res_bcs_-40c_3.3v_25MHz_ideal0.00,2.50,6.284400e-10,TOG,TOG,-1.200550e-01,3.349050e+00,1.089300e-01,-1.200550e-01,3.349050e+00,1.089300e-01,1.231770e-01,3.308640e+00,3.143120e+00
mos_tt_res_bcs_-40c_3.3v_25MHz_ideal0.00,10.00,2.513760e-09,TOG,TOG,-1.201350e-01,3.350670e+00,2.687890e-01,-1.201350e-01,3.350670e+00,2.687890e-01,1.092580e-01,3.308650e+00,2.989070e+00
mos_tt_res_bcs_-40c_3.3v_25MHz_ideal0.20,0.25,6.515975e-11,IN,IN,-1.555990e-05,7.924220e-06,2.216190e-10,-1.555990e-05,7.924220e-06,2.216190e-10,3.299950e+00,3.300030e+00,3.300000e+00
mos_tt_res_bcs_-40c_3.3v_25MHz_ideal0.20,0.50,1.303195e-10,IN,IN,-9.589610e-06,5.178820e-06,9.416170e-11,-9.589610e-06,5.178820e-06,9.416160e-11,3.299960e+00,3.300020e+00,3.300000e+00
mos_tt_res_bcs_-40c_3.3v_25MHz_ideal0.20,1.00,2.606390e-10,IN,IN,-9.603830e-05,2.109690e-04,-8.660790e-12,-9.603830e-05,2.109690e-04,-8.660790e-12,3.299460e+00,3.301190e+00,3.300000e+00
mos_tt_res_bcs_-40c_3.3v_25MHz_ideal0.20,1.15,2.997348e-10,IN,IN,-8.590060e-02,1.572680e-02,7.209210e-05,-8.590060e-02,1.572680e-02,7.209210e-05,2.408640e+00,3.307300e+00,3.261010e+00
mos_tt_res_bcs_-40c_3.3v_25MHz_ideal0.20,1.30,3.388307e-10,IN,IN,-1.116740e-01,2.826420e-01,3.466390e-03,-1.116740e-01,2.826420e-01,3.466390e-03,1.675150e+00,3.307460e+00,3.223810e+00
mos_tt_res_bcs_-40c_3.3v_25MHz_ideal0.20,1.45,3.779265e-10,TOG,TOG,-1.072430e-01,1.357020e+00,1.675300e-02,-1.072430e-01,1.357020e+00,1.675300e-02,1.291330e+00,3.307420e+00,3.202900e+00
mos_tt_res_bcs_-40c_3.3v_25MHz_ideal0.20,1.60,4.170224e-10,TOG,TOG,-1.058830e-01,2.761510e+00,4.448620e-02,-1.058830e-01,2.761510e+00,4.448620e-02,1.018850e+00,3.307410e+00,3.186670e+00
mos_tt_res_bcs_-40c_3.3v_25MHz_ideal0.20,1.75,4.561182e-10,TOG,TOG,-1.057880e-01,3.184710e+00,7.035160e-02,-1.057880e-01,3.184710e+00,7.035160e-02,6.433630e-01,3.307370e+00,3.168660e+00
mos_tt_res_bcs_-40c_3.3v_25MHz_ideal0.20,1.90,4.952141e-10,TOG,TOG,-1.061470e-01,3.283970e+00,8.421290e-02,-1.061470e-01,3.283970e+00,8.421290e-02,4.916870e-01,3.307400e+00,3.157470e+00
mos_tt_res_bcs_-40c_3.3v_25MHz_ideal0.20,2.05,5.343099e-10,TOG,TOG,-1.064750e-01,3.327940e+00,9.700770e-02,-1.064750e-01,3.327940e+00,9.700770e-02,3.311830e-01,3.307430e+00,3.146380e+00
mos_tt_res_bcs_-40c_3.3v_25MHz_ideal0.20,2.20,5.734058e-10,TOG,TOG,-1.064970e-01,3.337070e+00,1.031240e-01,-1.064970e-01,3.337070e+00,1.031240e-01,2.550930e-01,3.307410e+00,3.140820e+00
mos_tt_res_bcs_-40c_3.3v_25MHz_ideal0.20,2.35,6.125017e-10,TOG,TOG,-1.064260e-01,3.341970e+00,1.107450e-01,-1.064260e-01,3.341970e+00,1.107450e-01,1.866610e-01,3.307420e+00,3.133740e+00
mos_tt_res_bcs_-40c_3.3v_25MHz_ideal0.20,2.50,6.515975e-10,TOG,TOG,-1.063390e-01,3.343340e+00,1.161260e-01,-1.063390e-01,3.343340e+00,1.161260e-01,1.506520e-01,3.307420e+00,3.128640e+00
mos_tt_res_bcs_-40c_3.3v_25MHz_ideal0.20,10.00,2.606390e-09,TOG,TOG,-1.063450e-01,3.344930e+00,2.832940e-01,-1.063450e-01,3.344930e+00,2.832940e-01,1.099750e-01,3.307420e+00,2.967630e+00
mos_tt_res_bcs_27c_3.3v_25MHz_real,0.25,7.236325e-11,IN,IN,-1.438030e-05,1.033640e-05,1.847040e-09,-1.438030e-05,1.033640e-05,1.847040e-09,3.299940e+00,3.300040e+00,3.300000e+00
mos_tt_res_bcs_27c_3.3v_25MHz_real,0.50,1.447265e-10,IN,IN,-1.056240e-05,1.197270e-05,1.512490e-09,-1.056240e-05,1.197270e-05,1.512490e-09,3.299960e+00,3.300030e+00,3.300000e+00
mos_tt_res_bcs_27c_3.3v_25MHz_real,1.00,2.894530e-10,IN,IN,-1.254710e-04,2.668650e-04,2.481020e-09,-1.254710e-04,2.668650e-04,2.481020e-09,3.299360e+00,3.301470e+00,3.300000e+00
mos_tt_res_bcs_27c_3.3v_25MHz_real,1.15,3.328709e-10,IN,IN,-1.037550e-01,3.493820e-02,1.999110e-04,-1.037550e-01,3.493820e-02,1.999110e-04,2.347340e+00,3.309000e+00,3.267660e+00
mos_tt_res_bcs_27c_3.3v_25MHz_real,1.30,3.762889e-10,TOG,TOG,-1.298550e-01,4.176650e-01,4.646990e-03,-1.298550e-01,4.176650e-01,4.646990e-03,1.634050e+00,3.309290e+00,3.237870e+00
mos_tt_res_bcs_27c_3.3v_25MHz_real,1.45,4.197068e-10,TOG,TOG,-1.251360e-01,1.716770e+00,2.149580e-02,-1.251360e-01,1.716770e+00,2.149580e-02,1.195730e+00,3.309340e+00,3.220520e+00
mos_tt_res_bcs_27c_3.3v_25MHz_real,1.60,4.631248e-10,TOG,TOG,-1.231930e-01,2.976930e+00,5.083830e-02,-1.231930e-01,2.976930e+00,5.083830e-02,8.374650e-01,3.309290e+00,3.204030e+00
mos_tt_res_bcs_27c_3.3v_25MHz_real,1.75,5.065428e-10,TOG,TOG,-1.228270e-01,3.180530e+00,6.452670e-02,-1.228270e-01,3.180530e+00,6.452670e-02,5.923640e-01,3.309140e+00,3.194010e+00
mos_tt_res_bcs_27c_3.3v_25MHz_real,1.90,5.499607e-10,TOG,TOG,-1.230320e-01,3.287210e+00,7.712850e-02,-1.230320e-01,3.287210e+00,7.712850e-02,4.193230e-01,3.309140e+00,3.183720e+00
mos_tt_res_bcs_27c_3.3v_25MHz_real,2.05,5.933786e-10,TOG,TOG,-1.238050e-01,3.325720e+00,8.509340e-02,-1.238050e-01,3.325720e+00,8.509340e-02,3.262290e-01,3.309290e+00,3.176820e+00
mos_tt_res_bcs_27c_3.3v_25MHz_real,2.20,6.367966e-10,TOG,TOG,-1.240510e-01,3.345590e+00,9.226120e-02,-1.240510e-01,3.345590e+00,9.226120e-02,2.707010e-01,3.309300e+00,3.170410e+00
mos_tt_res_bcs_27c_3.3v_25MHz_real,2.35,6.802145e-10,TOG,TOG,-1.239340e-01,3.354420e+00,9.811930e-02,-1.239340e-01,3.354420e+00,9.811930e-02,2.324510e-01,3.309300e+00,3.165040e+00
mos_tt_res_bcs_27c_3.3v_25MHz_real,2.50,7.236325e-10,TOG,TOG,-1.237660e-01,3.358430e+00,1.028520e-01,-1.237660e-01,3.358430e+00,1.028520e-01,2.072550e-01,3.309300e+00,3.160650e+00
mos_tt_res_bcs_27c_3.3v_25MHz_real,10.00,2.894530e-09,TOG,TOG,-1.238450e-01,3.364430e+00,2.862750e-01,-1.238450e-01,3.364430e+00,2.862750e-01,1.677120e-01,3.309300e+00,2.987150e+00
mos_tt_res_bcs_27c_3.3v_25MHz_ideal-0.20,0.25,6.954950e-11,IN,IN,-1.872990e-05,1.305130e-05,1.791550e-09,-1.872990e-05,1.305130e-05,1.791550e-09,3.299920e+00,3.300050e+00,3.300000e+00
mos_tt_res_bcs_27c_3.3v_25MHz_ideal-0.20,0.50,1.390990e-10,IN,IN,-1.542150e-05,8.912920e-06,2.094880e-09,-1.542150e-05,8.912920e-06,2.094880e-09,3.299940e+00,3.300050e+00,3.300000e+00
mos_tt_res_bcs_27c_3.3v_25MHz_ideal-0.20,1.00,2.781980e-10,IN,IN,-1.464080e-04,3.205530e-04,2.595790e-09,-1.464080e-04,3.205530e-04,2.595790e-09,3.299210e+00,3.301760e+00,3.300000e+00
mos_tt_res_bcs_27c_3.3v_25MHz_ideal-0.20,1.15,3.199277e-10,IN,IN,-1.198800e-01,5.331400e-02,3.205260e-04,-1.198800e-01,5.331400e-02,3.205260e-04,2.264220e+00,3.309740e+00,3.268840e+00
mos_tt_res_bcs_27c_3.3v_25MHz_ideal-0.20,1.30,3.616574e-10,TOG,TOG,-1.413250e-01,8.056930e-01,8.119310e-03,-1.413250e-01,8.056930e-01,8.119310e-03,1.461560e+00,3.310060e+00,3.238660e+00
mos_tt_res_bcs_27c_3.3v_25MHz_ideal-0.20,1.45,4.033871e-10,TOG,TOG,-1.373980e-01,2.506440e+00,3.312250e-02,-1.373980e-01,2.506440e+00,3.312250e-02,1.002120e+00,3.310130e+00,3.222660e+00
mos_tt_res_bcs_27c_3.3v_25MHz_ideal-0.20,1.60,4.451168e-10,TOG,TOG,-1.370450e-01,3.120040e+00,5.473930e-02,-1.370450e-01,3.120040e+00,5.473930e-02,6.473660e-01,3.309950e+00,3.208970e+00
mos_tt_res_bcs_27c_3.3v_25MHz_ideal-0.20,1.75,4.868465e-10,TOG,TOG,-1.377100e-01,3.249500e+00,6.560240e-02,-1.377100e-01,3.249500e+00,6.560240e-02,4.413390e-01,3.309690e+00,3.200380e+00
mos_tt_res_bcs_27c_3.3v_25MHz_ideal-0.20,1.90,5.285762e-10,TOG,TOG,-1.382170e-01,3.315610e+00,7.478360e-02,-1.382170e-01,3.315610e+00,7.478360e-02,3.257560e-01,3.309630e+00,3.192570e+00
mos_tt_res_bcs_27c_3.3v_25MHz_ideal-0.20,2.05,5.703059e-10,TOG,TOG,-1.374700e-01,3.342480e+00,8.118820e-02,-1.374700e-01,3.342480e+00,8.118820e-02,2.684470e-01,3.309890e+00,3.186880e+00
mos_tt_res_bcs_27c_3.3v_25MHz_ideal-0.20,2.20,6.120356e-10,TOG,TOG,-1.370450e-01,3.356960e+00,8.709810e-02,-1.370450e-01,3.356960e+00,8.709810e-02,2.277310e-01,3.309960e+00,3.181510e+00
mos_tt_res_bcs_27c_3.3v_25MHz_ideal-0.20,2.35,6.537653e-10,TOG,TOG,-1.373020e-01,3.363790e+00,9.199940e-02,-1.373020e-01,3.363790e+00,9.199940e-02,1.980750e-01,3.309940e+00,3.176970e+00
mos_tt_res_bcs_27c_3.3v_25MHz_ideal-0.20,2.50,6.954950e-10,TOG,TOG,-1.373040e-01,3.367130e+00,9.617580e-02,-1.373040e-01,3.367130e+00,9.617580e-02,1.836960e-01,3.309930e+00,3.173060e+00
mos_tt_res_bcs_27c_3.3v_25MHz_ideal-0.20,10.00,2.781980e-09,TOG,TOG,-1.373060e-01,3.372780e+00,2.715960e-01,-1.373060e-01,3.372780e+00,2.715960e-01,1.668060e-01,3.309920e+00,3.007070e+00
mos_tt_res_bcs_27c_3.3v_25MHz_ideal0.00,0.25,7.236575e-11,IN,IN,-1.438840e-05,1.034720e-05,1.862420e-09,-1.438840e-05,1.034720e-05,1.862420e-09,3.299940e+00,3.300040e+00,3.300000e+00
mos_tt_res_bcs_27c_3.3v_25MHz_ideal0.00,0.50,1.447315e-10,IN,IN,-1.053250e-05,1.193400e-05,1.557170e-09,-1.053250e-05,1.193400e-05,1.557170e-09,3.299960e+00,3.300030e+00,3.300000e+00
mos_tt_res_bcs_27c_3.3v_25MHz_ideal0.00,1.00,2.894630e-10,IN,IN,-1.253850e-04,2.669640e-04,2.455950e-09,-1.253850e-04,2.669640e-04,2.455950e-09,3.299360e+00,3.301470e+00,3.300000e+00
mos_tt_res_bcs_27c_3.3v_25MHz_ideal0.00,1.15,3.328824e-10,IN,IN,-1.037770e-01,3.493170e-02,1.998880e-04,-1.037770e-01,3.493170e-02,1.998880e-04,2.347320e+00,3.309040e+00,3.267660e+00
mos_tt_res_bcs_27c_3.3v_25MHz_ideal0.00,1.30,3.763019e-10,TOG,TOG,-1.298550e-01,4.176510e-01,4.646810e-03,-1.298550e-01,4.176510e-01,4.646810e-03,1.634010e+00,3.309310e+00,3.237870e+00
mos_tt_res_bcs_27c_3.3v_25MHz_ideal0.00,1.45,4.197213e-10,TOG,TOG,-1.251380e-01,1.717010e+00,2.149930e-02,-1.251380e-01,1.717010e+00,2.149930e-02,1.195650e+00,3.309380e+00,3.220520e+00
mos_tt_res_bcs_27c_3.3v_25MHz_ideal0.00,1.60,4.631408e-10,TOG,TOG,-1.231950e-01,2.977010e+00,5.084170e-02,-1.231950e-01,2.977010e+00,5.084170e-02,8.374160e-01,3.309330e+00,3.204030e+00
mos_tt_res_bcs_27c_3.3v_25MHz_ideal0.00,1.75,5.065602e-10,TOG,TOG,-1.228290e-01,3.180580e+00,6.453000e-02,-1.228290e-01,3.180580e+00,6.453000e-02,5.922700e-01,3.309170e+00,3.194010e+00
mos_tt_res_bcs_27c_3.3v_25MHz_ideal0.00,1.90,5.499797e-10,TOG,TOG,-1.230350e-01,3.287230e+00,7.713070e-02,-1.230350e-01,3.287230e+00,7.713070e-02,4.193010e-01,3.309170e+00,3.183720e+00
mos_tt_res_bcs_27c_3.3v_25MHz_ideal0.00,2.05,5.933991e-10,TOG,TOG,-1.238080e-01,3.325740e+00,8.509610e-02,-1.238080e-01,3.325740e+00,8.509610e-02,3.261460e-01,3.309320e+00,3.176820e+00
mos_tt_res_bcs_27c_3.3v_25MHz_ideal0.00,2.20,6.368186e-10,TOG,TOG,-1.240540e-01,3.345590e+00,9.226320e-02,-1.240540e-01,3.345590e+00,9.226320e-02,2.706420e-01,3.309330e+00,3.170410e+00
mos_tt_res_bcs_27c_3.3v_25MHz_ideal0.00,2.35,6.802380e-10,TOG,TOG,-1.239360e-01,3.354430e+00,9.812170e-02,-1.239360e-01,3.354430e+00,9.812170e-02,2.324260e-01,3.309330e+00,3.165040e+00
mos_tt_res_bcs_27c_3.3v_25MHz_ideal0.00,2.50,7.236575e-10,TOG,TOG,-1.237680e-01,3.358430e+00,1.028530e-01,-1.237680e-01,3.358430e+00,1.028530e-01,2.071480e-01,3.309330e+00,3.160650e+00
mos_tt_res_bcs_27c_3.3v_25MHz_ideal0.00,10.00,2.894630e-09,TOG,TOG,-1.238480e-01,3.364440e+00,2.862830e-01,-1.238480e-01,3.364440e+00,2.862830e-01,1.677170e-01,3.309330e+00,2.987140e+00
mos_tt_res_bcs_27c_3.3v_25MHz_ideal0.20,0.25,7.501825e-11,IN,IN,-1.169220e-05,8.389680e-06,1.901350e-09,-1.169220e-05,8.389680e-06,1.901350e-09,3.299950e+00,3.300030e+00,3.300000e+00
mos_tt_res_bcs_27c_3.3v_25MHz_ideal0.20,0.50,1.500365e-10,IN,IN,-1.083780e-05,7.793620e-06,1.516400e-09,-1.083780e-05,7.793620e-06,1.516400e-09,3.299950e+00,3.300020e+00,3.300000e+00
mos_tt_res_bcs_27c_3.3v_25MHz_ideal0.20,1.00,3.000730e-10,IN,IN,-1.005160e-04,2.192480e-04,1.125350e-09,-1.005160e-04,2.192480e-04,1.125350e-09,3.299450e+00,3.301220e+00,3.300000e+00
mos_tt_res_bcs_27c_3.3v_25MHz_ideal0.20,1.15,3.450839e-10,IN,IN,-8.884430e-02,1.783930e-02,8.508120e-05,-8.884430e-02,1.783930e-02,8.508120e-05,2.483010e+00,3.307080e+00,3.268180e+00
mos_tt_res_bcs_27c_3.3v_25MHz_ideal0.20,1.30,3.900949e-10,IN,IN,-1.207490e-01,3.233690e-01,3.868540e-03,-1.207490e-01,3.233690e-01,3.868540e-03,1.692260e+00,3.306950e+00,3.234390e+00
mos_tt_res_bcs_27c_3.3v_25MHz_ideal0.20,1.45,4.351058e-10,TOG,TOG,-1.168470e-01,1.286610e+00,1.618030e-02,-1.168470e-01,1.286610e+00,1.618030e-02,1.302110e+00,3.307240e+00,3.216100e+00
mos_tt_res_bcs_27c_3.3v_25MHz_ideal0.20,1.60,4.801168e-10,TOG,TOG,-1.152140e-01,2.698380e+00,4.342690e-02,-1.152140e-01,2.698380e+00,4.342690e-02,9.796150e-01,3.307490e+00,3.200400e+00
mos_tt_res_bcs_27c_3.3v_25MHz_ideal0.20,1.75,5.251278e-10,TOG,TOG,-1.151680e-01,3.101790e+00,6.284390e-02,-1.151680e-01,3.101790e+00,6.284390e-02,7.327120e-01,3.307560e+00,3.187620e+00
mos_tt_res_bcs_27c_3.3v_25MHz_ideal0.20,1.90,5.701387e-10,TOG,TOG,-1.154640e-01,3.240890e+00,7.669810e-02,-1.154640e-01,3.240890e+00,7.669810e-02,5.273330e-01,3.307500e+00,3.176840e+00
mos_tt_res_bcs_27c_3.3v_25MHz_ideal0.20,2.05,6.151496e-10,TOG,TOG,-1.156960e-01,3.306870e+00,8.805480e-02,-1.156960e-01,3.306870e+00,8.805480e-02,3.981900e-01,3.307400e+00,3.167320e+00
mos_tt_res_bcs_27c_3.3v_25MHz_ideal0.20,2.20,6.601606e-10,TOG,TOG,-1.157820e-01,3.332910e+00,9.602870e-02,-1.157820e-01,3.332910e+00,9.602870e-02,3.272810e-01,3.307420e+00,3.160330e+00
mos_tt_res_bcs_27c_3.3v_25MHz_ideal0.20,2.35,7.051716e-10,TOG,TOG,-1.157740e-01,3.345460e+00,1.030990e-01,-1.157740e-01,3.345460e+00,1.030990e-01,2.758980e-01,3.307430e+00,3.153960e+00
mos_tt_res_bcs_27c_3.3v_25MHz_ideal0.20,2.50,7.501825e-10,TOG,TOG,-1.156330e-01,3.350830e+00,1.086280e-01,-1.156330e-01,3.350830e+00,1.086280e-01,2.349040e-01,3.307430e+00,3.148900e+00
mos_tt_res_bcs_27c_3.3v_25MHz_ideal0.20,10.00,3.000730e-09,TOG,TOG,-1.156930e-01,3.357400e+00,3.002940e-01,-1.156930e-01,3.357400e+00,3.002940e-01,1.684570e-01,3.307430e+00,2.967700e+00
mos_tt_res_bcs_125c_3.3v_25MHz_real,0.25,8.816500e-11,IN,IN,-1.103760e-05,1.081800e-05,4.010070e-07,-1.103760e-05,1.081800e-05,4.010070e-07,3.299940e+00,3.300040e+00,3.300000e+00
mos_tt_res_bcs_125c_3.3v_25MHz_real,0.50,1.763300e-10,IN,IN,-9.461380e-06,6.994700e-06,4.004230e-07,-9.461380e-06,6.994700e-06,4.004230e-07,3.299950e+00,3.300030e+00,3.300000e+00
mos_tt_res_bcs_125c_3.3v_25MHz_real,1.00,3.526600e-10,IN,IN,-1.308330e-04,2.815340e-04,4.012080e-07,-1.308330e-04,2.815340e-04,4.012080e-07,3.299360e+00,3.301570e+00,3.300000e+00
mos_tt_res_bcs_125c_3.3v_25MHz_real,1.15,4.055590e-10,IN,IN,-9.334760e-02,2.939520e-02,1.759550e-04,-9.334760e-02,2.939520e-02,1.759550e-04,2.498360e+00,3.306240e+00,3.277670e+00
mos_tt_res_bcs_125c_3.3v_25MHz_real,1.30,4.584580e-10,TOG,TOG,-1.354680e-01,4.455840e-01,5.051070e-03,-1.354680e-01,4.455840e-01,5.051070e-03,1.644960e+00,3.307250e+00,3.249950e+00
mos_tt_res_bcs_125c_3.3v_25MHz_real,1.45,5.113570e-10,TOG,TOG,-1.319150e-01,1.506120e+00,1.882380e-02,-1.319150e-01,1.506120e+00,1.882380e-02,1.235900e+00,3.306740e+00,3.234910e+00
mos_tt_res_bcs_125c_3.3v_25MHz_real,1.60,5.642560e-10,TOG,TOG,-1.301310e-01,2.634490e+00,3.985990e-02,-1.301310e-01,2.634490e+00,3.985990e-02,9.523740e-01,3.306200e+00,3.223610e+00
mos_tt_res_bcs_125c_3.3v_25MHz_real,1.75,6.171550e-10,TOG,TOG,-1.299250e-01,3.027550e+00,5.460120e-02,-1.299250e-01,3.027550e+00,5.460120e-02,7.458510e-01,3.305760e+00,3.214310e+00
mos_tt_res_bcs_125c_3.3v_25MHz_real,1.90,6.700540e-10,TOG,TOG,-1.300420e-01,3.189400e+00,6.593900e-02,-1.300420e-01,3.189400e+00,6.593900e-02,5.964960e-01,3.305660e+00,3.205760e+00
mos_tt_res_bcs_125c_3.3v_25MHz_real,2.05,7.229530e-10,TOG,TOG,-1.303310e-01,3.264140e+00,7.392070e-02,-1.303310e-01,3.264140e+00,7.392070e-02,5.099970e-01,3.306060e+00,3.199290e+00
mos_tt_res_bcs_125c_3.3v_25MHz_real,2.20,7.758520e-10,TOG,TOG,-1.305910e-01,3.311290e+00,8.136500e-02,-1.305910e-01,3.311290e+00,8.136500e-02,4.484440e-01,3.306200e+00,3.193020e+00
mos_tt_res_bcs_125c_3.3v_25MHz_real,2.35,8.287510e-10,TOG,TOG,-1.306600e-01,3.337710e+00,8.770030e-02,-1.306600e-01,3.337710e+00,8.770030e-02,4.044600e-01,3.306160e+00,3.187550e+00
mos_tt_res_bcs_125c_3.3v_25MHz_real,2.50,8.816500e-10,TOG,TOG,-1.305050e-01,3.353280e+00,9.351580e-02,-1.305050e-01,3.353280e+00,9.351580e-02,3.692610e-01,3.306150e+00,3.182450e+00
mos_tt_res_bcs_125c_3.3v_25MHz_real,10.00,3.526600e-09,TOG,TOG,-1.305180e-01,3.373340e+00,3.163260e-01,-1.305180e-01,3.373340e+00,3.163260e-01,3.031940e-01,3.306150e+00,2.980550e+00
mos_tt_res_bcs_125c_3.3v_25MHz_ideal-0.20,0.25,8.480150e-11,IN,IN,-1.036130e-05,1.322700e-05,4.009280e-07,-1.036130e-05,1.322700e-05,4.009280e-07,3.299940e+00,3.300050e+00,3.300000e+00
mos_tt_res_bcs_125c_3.3v_25MHz_ideal-0.20,0.50,1.696030e-10,IN,IN,-1.099500e-05,8.559070e-06,4.005170e-07,-1.099500e-05,8.559070e-06,4.005170e-07,3.299940e+00,3.300030e+00,3.300000e+00
mos_tt_res_bcs_125c_3.3v_25MHz_ideal-0.20,1.00,3.392060e-10,IN,IN,-1.569490e-04,3.334140e-04,4.019540e-07,-1.569490e-04,3.334140e-04,4.019540e-07,3.299230e+00,3.301880e+00,3.300000e+00
mos_tt_res_bcs_125c_3.3v_25MHz_ideal-0.20,1.15,3.900869e-10,IN,IN,-1.106870e-01,5.076830e-02,3.384710e-04,-1.106870e-01,5.076830e-02,3.384710e-04,2.374680e+00,3.308310e+00,3.277050e+00
mos_tt_res_bcs_125c_3.3v_25MHz_ideal-0.20,1.30,4.409678e-10,TOG,TOG,-1.507320e-01,7.026810e-01,7.397270e-03,-1.507320e-01,7.026810e-01,7.397270e-03,1.479890e+00,3.308290e+00,3.250830e+00
mos_tt_res_bcs_125c_3.3v_25MHz_ideal-0.20,1.45,4.918487e-10,TOG,TOG,-1.469000e-01,2.084180e+00,2.630870e-02,-1.469000e-01,2.084180e+00,2.630870e-02,1.058000e+00,3.308340e+00,3.237180e+00
mos_tt_res_bcs_125c_3.3v_25MHz_ideal-0.20,1.60,5.427296e-10,TOG,TOG,-1.448470e-01,2.902340e+00,4.491140e-02,-1.448470e-01,2.902340e+00,4.491140e-02,7.800060e-01,3.308530e+00,3.226990e+00
mos_tt_res_bcs_125c_3.3v_25MHz_ideal-0.20,1.75,5.936105e-10,TOG,TOG,-1.442870e-01,3.135170e+00,5.643340e-02,-1.442870e-01,3.135170e+00,5.643340e-02,6.031450e-01,3.308610e+00,3.218770e+00
mos_tt_res_bcs_125c_3.3v_25MHz_ideal-0.20,1.90,6.444914e-10,TOG,TOG,-1.441120e-01,3.238600e+00,6.476720e-02,-1.441120e-01,3.238600e+00,6.476720e-02,5.009230e-01,3.308580e+00,3.212170e+00
mos_tt_res_bcs_125c_3.3v_25MHz_ideal-0.20,2.05,6.953723e-10,TOG,TOG,-1.445110e-01,3.297950e+00,7.188920e-02,-1.445110e-01,3.297950e+00,7.188920e-02,4.433660e-01,3.308570e+00,3.206240e+00
mos_tt_res_bcs_125c_3.3v_25MHz_ideal-0.20,2.20,7.462532e-10,TOG,TOG,-1.451110e-01,3.334140e+00,7.831210e-02,-1.451110e-01,3.334140e+00,7.831210e-02,4.001040e-01,3.308540e+00,3.200740e+00
mos_tt_res_bcs_125c_3.3v_25MHz_ideal-0.20,2.35,7.971341e-10,TOG,TOG,-1.452700e-01,3.353920e+00,8.371580e-02,-1.452700e-01,3.353920e+00,8.371580e-02,3.676360e-01,3.308560e+00,3.196000e+00
mos_tt_res_bcs_125c_3.3v_25MHz_ideal-0.20,2.50,8.480150e-10,TOG,TOG,-1.450490e-01,3.366320e+00,8.891370e-02,-1.450490e-01,3.366320e+00,8.891370e-02,3.404830e-01,3.308560e+00,3.191380e+00
mos_tt_res_bcs_125c_3.3v_25MHz_ideal-0.20,10.00,3.392060e-09,TOG,TOG,-1.450490e-01,3.382750e+00,3.023080e-01,-1.450490e-01,3.382750e+00,3.023080e-01,3.030400e-01,3.308560e+00,2.997910e+00
mos_tt_res_bcs_125c_3.3v_25MHz_ideal0.00,0.25,8.817000e-11,IN,IN,-1.105780e-05,1.081740e-05,4.010140e-07,-1.105780e-05,1.081740e-05,4.010140e-07,3.299940e+00,3.300040e+00,3.300000e+00
mos_tt_res_bcs_125c_3.3v_25MHz_ideal0.00,0.50,1.763400e-10,IN,IN,-9.456350e-06,6.988250e-06,4.004370e-07,-9.456350e-06,6.988250e-06,4.004370e-07,3.299950e+00,3.300030e+00,3.300000e+00
mos_tt_res_bcs_125c_3.3v_25MHz_ideal0.00,1.00,3.526800e-10,IN,IN,-1.308260e-04,2.816170e-04,4.012300e-07,-1.308260e-04,2.816170e-04,4.012300e-07,3.299360e+00,3.301580e+00,3.300000e+00
mos_tt_res_bcs_125c_3.3v_25MHz_ideal0.00,1.15,4.055820e-10,IN,IN,-9.337470e-02,2.942470e-02,1.762140e-04,-9.337470e-02,2.942470e-02,1.762140e-04,2.498110e+00,3.306250e+00,3.277670e+00
mos_tt_res_bcs_125c_3.3v_25MHz_ideal0.00,1.30,4.584840e-10,TOG,TOG,-1.354710e-01,4.457210e-01,5.052600e-03,-1.354710e-01,4.457210e-01,5.052600e-03,1.644790e+00,3.307260e+00,3.249950e+00
mos_tt_res_bcs_125c_3.3v_25MHz_ideal0.00,1.45,5.113860e-10,TOG,TOG,-1.319150e-01,1.506650e+00,1.883160e-02,-1.319150e-01,1.506650e+00,1.883160e-02,1.235720e+00,3.306750e+00,3.234900e+00
mos_tt_res_bcs_125c_3.3v_25MHz_ideal0.00,1.60,5.642880e-10,TOG,TOG,-1.301320e-01,2.634830e+00,3.986830e-02,-1.301320e-01,2.634830e+00,3.986830e-02,9.521980e-01,3.306210e+00,3.223610e+00
mos_tt_res_bcs_125c_3.3v_25MHz_ideal0.00,1.75,6.171900e-10,TOG,TOG,-1.299250e-01,3.027670e+00,5.460690e-02,-1.299250e-01,3.027670e+00,5.460690e-02,7.456800e-01,3.305770e+00,3.214300e+00
mos_tt_res_bcs_125c_3.3v_25MHz_ideal0.00,1.90,6.700920e-10,TOG,TOG,-1.300420e-01,3.189480e+00,6.594520e-02,-1.300420e-01,3.189480e+00,6.594520e-02,5.964280e-01,3.305670e+00,3.205760e+00
mos_tt_res_bcs_125c_3.3v_25MHz_ideal0.00,2.05,7.229940e-10,TOG,TOG,-1.303320e-01,3.264190e+00,7.392610e-02,-1.303320e-01,3.264190e+00,7.392610e-02,5.099290e-01,3.306060e+00,3.199280e+00
mos_tt_res_bcs_125c_3.3v_25MHz_ideal0.00,2.20,7.758960e-10,TOG,TOG,-1.305920e-01,3.311320e+00,8.136950e-02,-1.305920e-01,3.311320e+00,8.136950e-02,4.483580e-01,3.306210e+00,3.193020e+00
mos_tt_res_bcs_125c_3.3v_25MHz_ideal0.00,2.35,8.287980e-10,TOG,TOG,-1.306610e-01,3.337730e+00,8.770420e-02,-1.306610e-01,3.337730e+00,8.770420e-02,4.043880e-01,3.306170e+00,3.187550e+00
mos_tt_res_bcs_125c_3.3v_25MHz_ideal0.00,2.50,8.817000e-10,TOG,TOG,-1.305060e-01,3.353300e+00,9.351970e-02,-1.305060e-01,3.353300e+00,9.351970e-02,3.691990e-01,3.306150e+00,3.182450e+00
mos_tt_res_bcs_125c_3.3v_25MHz_ideal0.00,10.00,3.526800e-09,TOG,TOG,-1.305190e-01,3.373340e+00,3.163410e-01,-1.305190e-01,3.373340e+00,3.163410e-01,3.031960e-01,3.306160e+00,2.980540e+00
mos_tt_res_bcs_125c_3.3v_25MHz_ideal0.20,0.25,9.142900e-11,IN,IN,-9.751310e-06,8.780340e-06,4.010380e-07,-9.751310e-06,8.780340e-06,4.010380e-07,3.299950e+00,3.300030e+00,3.300000e+00
mos_tt_res_bcs_125c_3.3v_25MHz_ideal0.20,0.50,1.828580e-10,IN,IN,-8.223340e-06,5.447480e-06,4.006160e-07,-8.223340e-06,5.447480e-06,4.006160e-07,3.299960e+00,3.300030e+00,3.300000e+00
mos_tt_res_bcs_125c_3.3v_25MHz_ideal0.20,1.00,3.657160e-10,IN,IN,-1.143340e-04,2.444890e-04,4.010990e-07,-1.143340e-04,2.444890e-04,4.010990e-07,3.299470e+00,3.301360e+00,3.300000e+00
mos_tt_res_bcs_125c_3.3v_25MHz_ideal0.20,1.15,4.205734e-10,IN,IN,-8.670070e-02,1.997300e-02,1.102960e-04,-8.670070e-02,1.997300e-02,1.102960e-04,2.574630e+00,3.306670e+00,3.277380e+00
mos_tt_res_bcs_125c_3.3v_25MHz_ideal0.20,1.30,4.754308e-10,IN,IN,-1.222990e-01,3.002710e-01,3.619990e-03,-1.222990e-01,3.002710e-01,3.619990e-03,1.805140e+00,3.307460e+00,3.249730e+00
mos_tt_res_bcs_125c_3.3v_25MHz_ideal0.20,1.45,5.302882e-10,TOG,TOG,-1.196130e-01,1.037400e+00,1.313990e-02,-1.196130e-01,1.037400e+00,1.313990e-02,1.396460e+00,3.306920e+00,3.233220e+00
mos_tt_res_bcs_125c_3.3v_25MHz_ideal0.20,1.60,5.851456e-10,TOG,TOG,-1.181460e-01,2.209930e+00,3.297460e-02,-1.181460e-01,2.209930e+00,3.297460e-02,1.102380e+00,3.307130e+00,3.220640e+00
mos_tt_res_bcs_125c_3.3v_25MHz_ideal0.20,1.75,6.400030e-10,TOG,TOG,-1.181380e-01,2.883820e+00,5.146980e-02,-1.181380e-01,2.883820e+00,5.146980e-02,8.778950e-01,3.307300e+00,3.210310e+00
mos_tt_res_bcs_125c_3.3v_25MHz_ideal0.20,1.90,6.948604e-10,TOG,TOG,-1.184020e-01,3.117070e+00,6.492190e-02,-1.184020e-01,3.117070e+00,6.492190e-02,7.001690e-01,3.307280e+00,3.200850e+00
mos_tt_res_bcs_125c_3.3v_25MHz_ideal0.20,2.05,7.497178e-10,TOG,TOG,-1.184390e-01,3.225540e+00,7.516430e-02,-1.184390e-01,3.225540e+00,7.516430e-02,5.798270e-01,3.307070e+00,3.192840e+00
mos_tt_res_bcs_125c_3.3v_25MHz_ideal0.20,2.20,8.045752e-10,TOG,TOG,-1.184890e-01,3.285640e+00,8.366840e-02,-1.184890e-01,3.285640e+00,8.366840e-02,5.075060e-01,3.307080e+00,3.185850e+00
mos_tt_res_bcs_125c_3.3v_25MHz_ideal0.20,2.35,8.594326e-10,TOG,TOG,-1.185730e-01,3.320140e+00,9.098930e-02,-1.185730e-01,3.320140e+00,9.098930e-02,4.487890e-01,3.307090e+00,3.179640e+00
mos_tt_res_bcs_125c_3.3v_25MHz_ideal0.20,2.50,9.142900e-10,TOG,TOG,-1.184620e-01,3.340200e+00,9.751550e-02,-1.184620e-01,3.340200e+00,9.751550e-02,4.045370e-01,3.307090e+00,3.174000e+00
mos_tt_res_bcs_125c_3.3v_25MHz_ideal0.20,10.00,3.657160e-09,TOG,TOG,-1.184710e-01,3.366660e+00,3.300830e-01,-1.184710e-01,3.366660e+00,3.300830e-01,3.033160e-01,3.307090e+00,2.963430e+00
mos_tt_res_typ_-40c_2.97v_25MHz_real,0.25,6.838075e-11,IN,IN,-1.638960e-05,9.105070e-06,2.331780e-10,-1.638960e-05,9.105070e-06,2.331790e-10,2.969950e+00,2.970030e+00,2.970000e+00
mos_tt_res_typ_-40c_2.97v_25MHz_real,0.50,1.367615e-10,IN,IN,-9.560610e-06,6.081880e-06,-1.298970e-10,-9.560610e-06,6.081880e-06,-1.298970e-10,2.969960e+00,2.970030e+00,2.970000e+00
mos_tt_res_typ_-40c_2.97v_25MHz_real,1.00,2.735230e-10,IN,IN,-7.017250e-05,1.774580e-04,4.550870e-10,-7.017250e-05,1.774580e-04,4.550860e-10,2.969440e+00,2.970900e+00,2.970000e+00
mos_tt_res_typ_-40c_2.97v_25MHz_real,1.15,3.145514e-10,IN,IN,-7.882500e-02,8.501090e-03,2.557660e-05,-7.882500e-02,8.501090e-03,2.557660e-05,2.174800e+00,2.977510e+00,2.929820e+00
mos_tt_res_typ_-40c_2.97v_25MHz_real,1.30,3.555799e-10,TOG,TOG,-1.197080e-01,5.022690e-01,6.259570e-03,-1.197080e-01,5.022690e-01,6.259570e-03,1.309330e+00,2.978770e+00,2.880400e+00
mos_tt_res_typ_-40c_2.97v_25MHz_real,1.45,3.966083e-10,TOG,TOG,-1.146580e-01,2.579470e+00,4.794070e-02,-1.146580e-01,2.579470e+00,4.794070e-02,8.460790e-01,2.978290e+00,2.851690e+00
mos_tt_res_typ_-40c_2.97v_25MHz_real,1.60,4.376368e-10,TOG,TOG,-1.128360e-01,2.856930e+00,6.864020e-02,-1.128360e-01,2.856930e+00,6.864020e-02,6.469060e-01,2.977850e+00,2.837570e+00
mos_tt_res_typ_-40c_2.97v_25MHz_real,1.75,4.786652e-10,TOG,TOG,-1.126370e-01,2.971830e+00,8.823000e-02,-1.126370e-01,2.971830e+00,8.823000e-02,3.964790e-01,2.977710e+00,2.822150e+00
mos_tt_res_typ_-40c_2.97v_25MHz_real,1.90,5.196937e-10,TOG,TOG,-1.129870e-01,2.998920e+00,1.007890e-01,-1.129870e-01,2.998920e+00,1.007890e-01,2.443510e-01,2.977610e+00,2.811230e+00
mos_tt_res_typ_-40c_2.97v_25MHz_real,2.05,5.607221e-10,TOG,TOG,-1.133980e-01,3.004730e+00,1.093160e-01,-1.133980e-01,3.004730e+00,1.093160e-01,1.733730e-01,2.977990e+00,2.803420e+00
mos_tt_res_typ_-40c_2.97v_25MHz_real,2.20,6.017506e-10,TOG,TOG,-1.134870e-01,3.006290e+00,1.162050e-01,-1.134870e-01,3.006290e+00,1.162050e-01,1.278960e-01,2.977960e+00,2.796990e+00
mos_tt_res_typ_-40c_2.97v_25MHz_real,2.35,6.427790e-10,TOG,TOG,-1.134650e-01,3.006760e+00,1.211660e-01,-1.134650e-01,3.006760e+00,1.211660e-01,1.000030e-01,2.977940e+00,2.792280e+00
mos_tt_res_typ_-40c_2.97v_25MHz_real,2.50,6.838075e-10,TOG,TOG,-1.133160e-01,3.006990e+00,1.261260e-01,-1.133160e-01,3.006990e+00,1.261260e-01,7.952030e-02,2.977930e+00,2.787540e+00
mos_tt_res_typ_-40c_2.97v_25MHz_real,10.00,2.735230e-09,TOG,TOG,-1.133610e-01,3.007610e+00,2.808490e-01,-1.133610e-01,3.007610e+00,2.808490e-01,7.052430e-02,2.977910e+00,2.637270e+00
mos_tt_res_typ_-40c_3.63v_25MHz_real,0.25,5.890325e-11,IN,IN,-1.649000e-05,1.039180e-05,3.827480e-10,-1.649000e-05,1.039180e-05,3.827480e-10,3.629940e+00,3.630040e+00,3.630000e+00
mos_tt_res_typ_-40c_3.63v_25MHz_real,0.50,1.178065e-10,IN,IN,-1.577790e-05,9.336870e-06,5.774810e-10,-1.577790e-05,9.336870e-06,5.774810e-10,3.629950e+00,3.630030e+00,3.630000e+00
mos_tt_res_typ_-40c_3.63v_25MHz_real,1.00,2.356130e-10,IN,IN,-1.673090e-04,3.550770e-04,1.076650e-09,-1.673090e-04,3.550770e-04,1.076650e-09,3.629300e+00,3.632200e+00,3.630000e+00
mos_tt_res_typ_-40c_3.63v_25MHz_real,1.15,2.709549e-10,IN,IN,-1.195270e-01,7.119110e-02,7.680360e-04,-1.195270e-01,7.119110e-02,7.680360e-04,2.412840e+00,3.638140e+00,3.566460e+00
mos_tt_res_typ_-40c_3.63v_25MHz_real,1.30,3.062969e-10,TOG,TOG,-1.329040e-01,6.318990e-01,8.803730e-03,-1.329040e-01,6.318990e-01,8.803730e-03,1.649710e+00,3.638180e+00,3.522450e+00
mos_tt_res_typ_-40c_3.63v_25MHz_real,1.45,3.416388e-10,TOG,TOG,-1.294370e-01,2.787700e+00,4.552840e-02,-1.294370e-01,2.787700e+00,4.552840e-02,1.158020e+00,3.638580e+00,3.492970e+00
mos_tt_res_typ_-40c_3.63v_25MHz_real,1.60,3.769808e-10,TOG,TOG,-1.282460e-01,3.468090e+00,8.400200e-02,-1.282460e-01,3.468090e+00,8.400200e-02,7.349690e-01,3.638710e+00,3.466260e+00
mos_tt_res_typ_-40c_3.63v_25MHz_real,1.75,4.123228e-10,TOG,TOG,-1.283950e-01,3.604510e+00,1.035120e-01,-1.283950e-01,3.604510e+00,1.035120e-01,5.735210e-01,3.638750e+00,3.450560e+00
mos_tt_res_typ_-40c_3.63v_25MHz_real,1.90,4.476647e-10,TOG,TOG,-1.286640e-01,3.651880e+00,1.177540e-01,-1.286640e-01,3.651880e+00,1.177540e-01,3.433410e-01,3.638680e+00,3.438210e+00
mos_tt_res_typ_-40c_3.63v_25MHz_real,2.05,4.830066e-10,TOG,TOG,-1.289370e-01,3.666590e+00,1.326020e-01,-1.289370e-01,3.666590e+00,1.326020e-01,2.621440e-01,3.638630e+00,3.424730e+00
mos_tt_res_typ_-40c_3.63v_25MHz_real,2.20,5.183486e-10,TOG,TOG,-1.289960e-01,3.667620e+00,1.361870e-01,-1.289960e-01,3.667620e+00,1.361870e-01,2.036390e-01,3.638630e+00,3.421370e+00
mos_tt_res_typ_-40c_3.63v_25MHz_real,2.35,5.536906e-10,TOG,TOG,-1.289240e-01,3.668910e+00,1.461080e-01,-1.289240e-01,3.668910e+00,1.461080e-01,1.470110e-01,3.638640e+00,3.411940e+00
mos_tt_res_typ_-40c_3.63v_25MHz_real,2.50,5.890325e-10,TOG,TOG,-1.288260e-01,3.669040e+00,1.480570e-01,-1.288260e-01,3.669040e+00,1.480570e-01,1.168580e-01,3.638640e+00,3.410060e+00
mos_tt_res_typ_-40c_3.63v_25MHz_real,10.00,2.356130e-09,TOG,TOG,-1.288810e-01,3.670030e+00,3.126720e-01,-1.288810e-01,3.670030e+00,3.126720e-01,7.158880e-02,3.638650e+00,3.249800e+00
mos_tt_res_typ_27c_2.97v_25MHz_real,0.25,7.898700e-11,IN,IN,-1.456980e-05,9.492410e-06,1.022690e-09,-1.456980e-05,9.492410e-06,1.022690e-09,2.969950e+00,2.970030e+00,2.970000e+00
mos_tt_res_typ_27c_2.97v_25MHz_real,0.50,1.579740e-10,IN,IN,-1.240130e-05,9.145590e-06,4.672620e-10,-1.240130e-05,9.145590e-06,4.672620e-10,2.969950e+00,2.970030e+00,2.970000e+00
mos_tt_res_typ_27c_2.97v_25MHz_real,1.00,3.159480e-10,IN,IN,-7.337220e-05,1.874710e-04,1.113040e-09,-7.337220e-05,1.874710e-04,1.113040e-09,2.969460e+00,2.970920e+00,2.970000e+00
mos_tt_res_typ_27c_2.97v_25MHz_real,1.15,3.633402e-10,IN,IN,-7.358400e-02,9.227480e-03,2.785670e-05,-7.358400e-02,9.227480e-03,2.785670e-05,2.243930e+00,2.977570e+00,2.938160e+00
mos_tt_res_typ_27c_2.97v_25MHz_real,1.30,4.107324e-10,TOG,TOG,-1.184740e-01,3.790540e-01,5.001680e-03,-1.184740e-01,3.790540e-01,5.001680e-03,1.431900e+00,2.978000e+00,2.896520e+00
mos_tt_res_typ_27c_2.97v_25MHz_real,1.45,4.581246e-10,TOG,TOG,-1.177660e-01,1.798060e+00,2.843960e-02,-1.177660e-01,1.798060e+00,2.843960e-02,1.027080e+00,2.977210e+00,2.875730e+00
mos_tt_res_typ_27c_2.97v_25MHz_real,1.60,5.055168e-10,TOG,TOG,-1.166610e-01,2.797460e+00,6.311440e-02,-1.166610e-01,2.797460e+00,6.311440e-02,6.716860e-01,2.977310e+00,2.855750e+00
mos_tt_res_typ_27c_2.97v_25MHz_real,1.75,5.529090e-10,TOG,TOG,-1.168380e-01,2.934400e+00,7.950890e-02,-1.168380e-01,2.934400e+00,7.950890e-02,4.450710e-01,2.977670e+00,2.843230e+00
mos_tt_res_typ_27c_2.97v_25MHz_real,1.90,6.003012e-10,TOG,TOG,-1.171900e-01,2.986510e+00,9.160680e-02,-1.171900e-01,2.986510e+00,9.160680e-02,3.075950e-01,2.977680e+00,2.833050e+00
mos_tt_res_typ_27c_2.97v_25MHz_real,2.05,6.476934e-10,TOG,TOG,-1.166250e-01,3.005940e+00,1.007190e-01,-1.166250e-01,3.005940e+00,1.007190e-01,2.444960e-01,2.977320e+00,2.825010e+00
mos_tt_res_typ_27c_2.97v_25MHz_real,2.20,6.950856e-10,TOG,TOG,-1.164110e-01,3.012890e+00,1.075660e-01,-1.164110e-01,3.012890e+00,1.075660e-01,2.020760e-01,2.977290e+00,2.818790e+00
mos_tt_res_typ_27c_2.97v_25MHz_real,2.35,7.424778e-10,TOG,TOG,-1.166140e-01,3.015910e+00,1.135040e-01,-1.166140e-01,3.015910e+00,1.135040e-01,1.675690e-01,2.977310e+00,2.813280e+00
mos_tt_res_typ_27c_2.97v_25MHz_real,2.50,7.898700e-10,TOG,TOG,-1.166090e-01,3.017210e+00,1.183810e-01,-1.166090e-01,3.017210e+00,1.183810e-01,1.442810e-01,2.977320e+00,2.808690e+00
mos_tt_res_typ_27c_2.97v_25MHz_real,10.00,3.159480e-09,TOG,TOG,-1.165540e-01,3.018820e+00,2.978820e-01,-1.165540e-01,3.018820e+00,2.978820e-01,1.160660e-01,2.977320e+00,2.637000e+00
mos_tt_res_typ_27c_3.63v_25MHz_real,0.25,6.742325e-11,IN,IN,-1.266290e-05,1.110620e-05,3.403960e-09,-1.266290e-05,1.110620e-05,3.403960e-09,3.629940e+00,3.630040e+00,3.630000e+00
mos_tt_res_typ_27c_3.63v_25MHz_real,0.50,1.348465e-10,IN,IN,-1.310500e-05,1.273640e-05,3.123540e-09,-1.310500e-05,1.273640e-05,3.123540e-09,3.629950e+00,3.630040e+00,3.630000e+00
mos_tt_res_typ_27c_3.63v_25MHz_real,1.00,2.696930e-10,IN,IN,-1.754730e-04,3.702630e-04,4.185700e-09,-1.754730e-04,3.702630e-04,4.185700e-09,3.629270e+00,3.632210e+00,3.630000e+00
mos_tt_res_typ_27c_3.63v_25MHz_real,1.15,3.101469e-10,IN,IN,-1.234190e-01,7.991230e-02,8.293560e-04,-1.234190e-01,7.991230e-02,8.293560e-04,2.454190e+00,3.637410e+00,3.576950e+00
mos_tt_res_typ_27c_3.63v_25MHz_real,1.30,3.506009e-10,TOG,TOG,-1.431960e-01,6.485670e-01,9.039020e-03,-1.431960e-01,6.485670e-01,9.039020e-03,1.697820e+00,3.637720e+00,3.538000e+00
mos_tt_res_typ_27c_3.63v_25MHz_real,1.45,3.910549e-10,TOG,TOG,-1.398520e-01,2.734990e+00,4.491880e-02,-1.398520e-01,2.734990e+00,4.491880e-02,1.174260e+00,3.637780e+00,3.510150e+00
mos_tt_res_typ_27c_3.63v_25MHz_real,1.60,4.315088e-10,TOG,TOG,-1.385170e-01,3.393470e+00,7.611690e-02,-1.385170e-01,3.393470e+00,7.611690e-02,8.242180e-01,3.638170e+00,3.489450e+00
mos_tt_res_typ_27c_3.63v_25MHz_real,1.75,4.719628e-10,TOG,TOG,-1.386590e-01,3.547460e+00,9.311040e-02,-1.386590e-01,3.547460e+00,9.311040e-02,6.314590e-01,3.638320e+00,3.476220e+00
mos_tt_res_typ_27c_3.63v_25MHz_real,1.90,5.124167e-10,TOG,TOG,-1.388880e-01,3.625200e+00,1.070860e-01,-1.388880e-01,3.625200e+00,1.070860e-01,4.253570e-01,3.638250e+00,3.464430e+00
mos_tt_res_typ_27c_3.63v_25MHz_real,2.05,5.528706e-10,TOG,TOG,-1.390590e-01,3.658570e+00,1.179100e-01,-1.390590e-01,3.658570e+00,1.179100e-01,3.115170e-01,3.638030e+00,3.454810e+00
mos_tt_res_typ_27c_3.63v_25MHz_real,2.20,5.933246e-10,TOG,TOG,-1.391740e-01,3.671800e+00,1.266020e-01,-1.391740e-01,3.671800e+00,1.266020e-01,2.359490e-01,3.638070e+00,3.446850e+00
mos_tt_res_typ_27c_3.63v_25MHz_real,2.35,6.337786e-10,TOG,TOG,-1.391700e-01,3.676770e+00,1.331770e-01,-1.391700e-01,3.676770e+00,1.331770e-01,1.871720e-01,3.638080e+00,3.440700e+00
mos_tt_res_typ_27c_3.63v_25MHz_real,2.50,6.742325e-10,TOG,TOG,-1.390080e-01,3.678940e+00,1.387440e-01,-1.390080e-01,3.678940e+00,1.387440e-01,1.556240e-01,3.638080e+00,3.435440e+00
mos_tt_res_typ_27c_3.63v_25MHz_real,10.00,2.696930e-09,TOG,TOG,-1.390750e-01,3.681020e+00,3.260350e-01,-1.390750e-01,3.681020e+00,3.260350e-01,1.279170e-01,3.638100e+00,3.255580e+00
mos_tt_res_typ_125c_2.97v_25MHz_real,0.25,9.670550e-11,IN,IN,-1.072400e-05,9.532210e-06,4.001410e-07,-1.072400e-05,9.532210e-06,4.001410e-07,2.969950e+00,2.970030e+00,2.970000e+00
mos_tt_res_typ_125c_2.97v_25MHz_real,0.50,1.934110e-10,IN,IN,-9.527080e-06,6.764440e-06,3.998270e-07,-9.527080e-06,6.764440e-06,3.998270e-07,2.969950e+00,2.970030e+00,2.970000e+00
mos_tt_res_typ_125c_2.97v_25MHz_real,1.00,3.868220e-10,IN,IN,-9.353910e-05,2.157690e-04,4.005010e-07,-9.353910e-05,2.157690e-04,4.005010e-07,2.969430e+00,2.971130e+00,2.970000e+00
mos_tt_res_typ_125c_2.97v_25MHz_real,1.15,4.448453e-10,IN,IN,-7.489550e-02,1.245400e-02,5.708500e-05,-7.489550e-02,1.245400e-02,5.708500e-05,2.334340e+00,2.977570e+00,2.947300e+00
mos_tt_res_typ_125c_2.97v_25MHz_real,1.30,5.028686e-10,TOG,TOG,-1.258410e-01,4.148980e-01,5.626680e-03,-1.258410e-01,4.148980e-01,5.626680e-03,1.453350e+00,2.977290e+00,2.910960e+00
mos_tt_res_typ_125c_2.97v_25MHz_real,1.45,5.608919e-10,TOG,TOG,-1.230020e-01,1.688070e+00,2.705190e-02,-1.230020e-01,1.688070e+00,2.705190e-02,1.060040e+00,2.977780e+00,2.891930e+00
mos_tt_res_typ_125c_2.97v_25MHz_real,1.60,6.189152e-10,TOG,TOG,-1.216960e-01,2.595830e+00,5.175290e-02,-1.216960e-01,2.595830e+00,5.175290e-02,7.881020e-01,2.977990e+00,2.879030e+00
mos_tt_res_typ_125c_2.97v_25MHz_real,1.75,6.769385e-10,TOG,TOG,-1.216720e-01,2.831650e+00,6.736160e-02,-1.216720e-01,2.831650e+00,6.736160e-02,5.903030e-01,2.977980e+00,2.868280e+00
mos_tt_res_typ_125c_2.97v_25MHz_real,1.90,7.349618e-10,TOG,TOG,-1.221270e-01,2.926840e+00,7.846840e-02,-1.221270e-01,2.926840e+00,7.846840e-02,4.583760e-01,2.977930e+00,2.859520e+00
mos_tt_res_typ_125c_2.97v_25MHz_real,2.05,7.929851e-10,TOG,TOG,-1.220620e-01,2.976290e+00,8.758590e-02,-1.220620e-01,2.976290e+00,8.758590e-02,3.827260e-01,2.977960e+00,2.851910e+00
mos_tt_res_typ_125c_2.97v_25MHz_real,2.20,8.510084e-10,TOG,TOG,-1.218520e-01,3.002410e+00,9.524150e-02,-1.218520e-01,3.002410e+00,9.524150e-02,3.341270e-01,2.977990e+00,2.845310e+00
mos_tt_res_typ_125c_2.97v_25MHz_real,2.35,9.090317e-10,TOG,TOG,-1.219780e-01,3.016360e+00,1.017720e-01,-1.219780e-01,3.016360e+00,1.017720e-01,2.966850e-01,2.977990e+00,2.839550e+00
mos_tt_res_typ_125c_2.97v_25MHz_real,2.50,9.670550e-10,TOG,TOG,-1.220070e-01,3.024110e+00,1.076740e-01,-1.220070e-01,3.024110e+00,1.076740e-01,2.674950e-01,2.977990e+00,2.834250e+00
mos_tt_res_typ_125c_2.97v_25MHz_real,10.00,3.868220e-09,TOG,TOG,-1.219240e-01,3.034280e+00,3.272630e-01,-1.219240e-01,3.034280e+00,3.272630e-01,2.193350e-01,2.977990e+00,2.631410e+00
mos_tt_res_typ_125c_3.63v_25MHz_real,0.25,8.168425e-11,IN,IN,-1.058300e-05,1.146860e-05,4.153760e-07,-1.058300e-05,1.146860e-05,4.153760e-07,3.629950e+00,3.630040e+00,3.630000e+00
mos_tt_res_typ_125c_3.63v_25MHz_real,0.50,1.633685e-10,IN,IN,-1.046720e-05,1.310620e-05,4.159180e-07,-1.046720e-05,1.310620e-05,4.159180e-07,3.629950e+00,3.630040e+00,3.630000e+00
mos_tt_res_typ_125c_3.63v_25MHz_real,1.00,3.267370e-10,IN,IN,-1.761170e-04,3.690860e-04,4.163860e-07,-1.761170e-04,3.690860e-04,4.163860e-07,3.629290e+00,3.632120e+00,3.630000e+00
mos_tt_res_typ_125c_3.63v_25MHz_real,1.15,3.757475e-10,IN,IN,-1.153800e-01,6.811810e-02,7.123780e-04,-1.153800e-01,6.811810e-02,7.123780e-04,2.618600e+00,3.636370e+00,3.592360e+00
mos_tt_res_typ_125c_3.63v_25MHz_real,1.30,4.247581e-10,TOG,TOG,-1.432940e-01,6.219280e-01,8.749230e-03,-1.432940e-01,6.219280e-01,8.749230e-03,1.764450e+00,3.636970e+00,3.557370e+00
mos_tt_res_typ_125c_3.63v_25MHz_real,1.45,4.737686e-10,TOG,TOG,-1.421820e-01,2.214390e+00,3.404010e-02,-1.421820e-01,2.214390e+00,3.404010e-02,1.294010e+00,3.636360e+00,3.535550e+00
mos_tt_res_typ_125c_3.63v_25MHz_real,1.60,5.227792e-10,TOG,TOG,-1.413930e-01,3.174100e+00,6.106660e-02,-1.413930e-01,3.174100e+00,6.106660e-02,9.563700e-01,3.636060e+00,3.520060e+00
mos_tt_res_typ_125c_3.63v_25MHz_real,1.75,5.717897e-10,TOG,TOG,-1.418690e-01,3.439400e+00,7.872410e-02,-1.418690e-01,3.439400e+00,7.872410e-02,7.100720e-01,3.636580e+00,3.507240e+00
mos_tt_res_typ_125c_3.63v_25MHz_real,1.90,6.208003e-10,TOG,TOG,-1.422010e-01,3.561230e+00,9.216360e-02,-1.422010e-01,3.561230e+00,9.216360e-02,5.485360e-01,3.636620e+00,3.496430e+00
mos_tt_res_typ_125c_3.63v_25MHz_real,2.05,6.698108e-10,TOG,TOG,-1.418580e-01,3.622170e+00,1.024370e-01,-1.418580e-01,3.622170e+00,1.024370e-01,4.524190e-01,3.636100e+00,3.487730e+00
mos_tt_res_typ_125c_3.63v_25MHz_real,2.20,7.188214e-10,TOG,TOG,-1.416410e-01,3.655340e+00,1.109980e-01,-1.416410e-01,3.655340e+00,1.109980e-01,3.839390e-01,3.635970e+00,3.480260e+00
mos_tt_res_typ_125c_3.63v_25MHz_real,2.35,7.678319e-10,TOG,TOG,-1.418450e-01,3.672890e+00,1.180900e-01,-1.418450e-01,3.672890e+00,1.180900e-01,3.347890e-01,3.636030e+00,3.473930e+00
mos_tt_res_typ_125c_3.63v_25MHz_real,2.50,8.168425e-10,TOG,TOG,-1.417670e-01,3.682890e+00,1.244130e-01,-1.417670e-01,3.682890e+00,1.244130e-01,2.948450e-01,3.636040e+00,3.468200e+00
mos_tt_res_typ_125c_3.63v_25MHz_real,10.00,3.267370e-09,TOG,TOG,-1.417480e-01,3.698750e+00,3.521680e-01,-1.417480e-01,3.698750e+00,3.521680e-01,2.325850e-01,3.636040e+00,3.255760e+00
mos_tt_res_typ_27c_3.3v_1MHz_real,0.25,7.236325e-11,IN,IN,-1.454910e-05,1.034070e-05,1.778740e-09,-1.454910e-05,1.034070e-05,1.778740e-09,3.299940e+00,3.300040e+00,3.300000e+00
mos_tt_res_typ_27c_3.3v_1MHz_real,0.50,1.447265e-10,IN,IN,-1.052020e-05,1.195560e-05,1.782970e-09,-1.052020e-05,1.195560e-05,1.782970e-09,3.299960e+00,3.300030e+00,3.300000e+00
mos_tt_res_typ_27c_3.3v_1MHz_real,1.00,2.894530e-10,IN,IN,-1.240270e-04,2.671620e-04,1.744950e-09,-1.240270e-04,2.671620e-04,1.744950e-09,3.299350e+00,3.301470e+00,3.300000e+00
mos_tt_res_typ_27c_3.3v_1MHz_real,1.15,3.328709e-10,IN,IN,-1.051380e-01,3.627240e-02,1.122870e-05,-1.051380e-01,3.627240e-02,1.122870e-05,2.335670e+00,3.309020e+00,3.298290e+00
mos_tt_res_typ_27c_3.3v_1MHz_real,1.30,3.762889e-10,TOG,TOG,-1.315150e-01,4.966940e-01,2.675100e-04,-1.315150e-01,4.966940e-01,2.675100e-04,1.604690e+00,3.309300e+00,3.296710e+00
mos_tt_res_typ_27c_3.3v_1MHz_real,1.45,4.197068e-10,TOG,TOG,-1.267460e-01,2.180890e+00,1.382840e-03,-1.267460e-01,2.180890e+00,1.382840e-03,1.147890e+00,3.309370e+00,3.295760e+00
mos_tt_res_typ_27c_3.3v_1MHz_real,1.60,4.631248e-10,TOG,TOG,-1.247710e-01,3.121150e+00,2.877300e-03,-1.247710e-01,3.121150e+00,2.877300e-03,7.139370e-01,3.309310e+00,3.294840e+00
mos_tt_res_typ_27c_3.3v_1MHz_real,1.75,5.065428e-10,TOG,TOG,-1.243860e-01,3.212850e+00,3.295260e-03,-1.243860e-01,3.212850e+00,3.295260e-03,5.761690e-01,3.309150e+00,3.294520e+00
mos_tt_res_typ_27c_3.3v_1MHz_real,1.90,5.499607e-10,TOG,TOG,-1.245920e-01,3.308440e+00,4.008240e-03,-1.245920e-01,3.308440e+00,4.008240e-03,3.567010e-01,3.309150e+00,3.293930e+00
mos_tt_res_typ_27c_3.3v_1MHz_real,2.05,5.933786e-10,TOG,TOG,-1.253860e-01,3.331390e+00,4.354200e-03,-1.253860e-01,3.331390e+00,4.354200e-03,2.739100e-01,3.309310e+00,3.293620e+00
mos_tt_res_typ_27c_3.3v_1MHz_real,2.20,6.367966e-10,TOG,TOG,-1.256370e-01,3.342510e+00,4.697950e-03,-1.256370e-01,3.342510e+00,4.697950e-03,2.143260e-01,3.309320e+00,3.293310e+00
mos_tt_res_typ_27c_3.3v_1MHz_real,2.35,6.802145e-10,TOG,TOG,-1.255160e-01,3.346500e+00,4.948530e-03,-1.255160e-01,3.346500e+00,4.948530e-03,1.736510e-01,3.309320e+00,3.293070e+00
mos_tt_res_typ_27c_3.3v_1MHz_real,2.50,7.236325e-10,TOG,TOG,-1.253470e-01,3.348010e+00,5.130570e-03,-1.253470e-01,3.348010e+00,5.130570e-03,1.501180e-01,3.309310e+00,3.292890e+00
mos_tt_res_typ_27c_3.3v_1MHz_real,10.00,2.894530e-09,TOG,TOG,-1.253240e-01,3.357200e+00,1.260630e-02,-1.253240e-01,3.357200e+00,1.260630e-02,1.325060e-01,3.309300e+00,3.285870e+00
mos_tt_res_typ_27c_3.3v_5MHz_real,0.25,7.236325e-11,IN,IN,-1.447810e-05,1.033830e-05,1.788710e-09,-1.447810e-05,1.033830e-05,1.788710e-09,3.299940e+00,3.300040e+00,3.300000e+00
mos_tt_res_typ_27c_3.3v_5MHz_real,0.50,1.447265e-10,IN,IN,-1.055340e-05,1.195870e-05,1.810690e-09,-1.055340e-05,1.195870e-05,1.810690e-09,3.299960e+00,3.300030e+00,3.300000e+00
mos_tt_res_typ_27c_3.3v_5MHz_real,1.00,2.894530e-10,IN,IN,-1.241540e-04,2.674000e-04,1.620750e-09,-1.241540e-04,2.674000e-04,1.620750e-09,3.299350e+00,3.301470e+00,3.300000e+00
mos_tt_res_typ_27c_3.3v_5MHz_real,1.15,3.328709e-10,IN,IN,-1.052020e-01,3.637970e-02,5.641810e-05,-1.052020e-01,3.637970e-02,5.641810e-05,2.335060e+00,3.309020e+00,3.291420e+00
mos_tt_res_typ_27c_3.3v_5MHz_real,1.30,3.762889e-10,TOG,TOG,-1.315230e-01,4.971360e-01,1.339910e-03,-1.315230e-01,4.971360e-01,1.339910e-03,1.604460e+00,3.309300e+00,3.283520e+00
mos_tt_res_typ_27c_3.3v_5MHz_real,1.45,4.197068e-10,TOG,TOG,-1.267560e-01,2.181760e+00,6.924020e-03,-1.267560e-01,2.181760e+00,6.924020e-03,1.147720e+00,3.309360e+00,3.278780e+00
mos_tt_res_typ_27c_3.3v_5MHz_real,1.60,4.631248e-10,TOG,TOG,-1.247830e-01,3.121250e+00,1.440120e-02,-1.247830e-01,3.121250e+00,1.440120e-02,7.138180e-01,3.309310e+00,3.274160e+00
mos_tt_res_typ_27c_3.3v_5MHz_real,1.75,5.065428e-10,TOG,TOG,-1.243990e-01,3.212910e+00,1.649270e-02,-1.243990e-01,3.212910e+00,1.649270e-02,5.760560e-01,3.309160e+00,3.272580e+00
mos_tt_res_typ_27c_3.3v_5MHz_real,1.90,5.499607e-10,TOG,TOG,-1.246050e-01,3.308460e+00,2.006010e-02,-1.246050e-01,3.308460e+00,2.006010e-02,3.566540e-01,3.309160e+00,3.269640e+00
mos_tt_res_typ_27c_3.3v_5MHz_real,2.05,5.933786e-10,TOG,TOG,-1.253990e-01,3.331390e+00,2.179120e-02,-1.253990e-01,3.331390e+00,2.179120e-02,2.738800e-01,3.309310e+00,3.268080e+00
mos_tt_res_typ_27c_3.3v_5MHz_real,2.20,6.367966e-10,TOG,TOG,-1.256490e-01,3.342520e+00,2.351130e-02,-1.256490e-01,3.342520e+00,2.351130e-02,2.143050e-01,3.309320e+00,3.266520e+00
mos_tt_res_typ_27c_3.3v_5MHz_real,2.35,6.802145e-10,TOG,TOG,-1.255280e-01,3.346500e+00,2.476520e-02,-1.255280e-01,3.346500e+00,2.476520e-02,1.736350e-01,3.309320e+00,3.265300e+00
mos_tt_res_typ_27c_3.3v_5MHz_real,2.50,7.236325e-10,TOG,TOG,-1.253590e-01,3.348010e+00,2.567610e-02,-1.253590e-01,3.348010e+00,2.567610e-02,1.501070e-01,3.309310e+00,3.264400e+00
mos_tt_res_typ_27c_3.3v_5MHz_real,10.00,2.894530e-09,TOG,TOG,-1.253190e-01,3.357200e+00,6.263790e-02,-1.253190e-01,3.357200e+00,6.263790e-02,1.325060e-01,3.309300e+00,3.229270e+00
