corner_id,mismatch_seed,iref_a,vbe_v,ratio_out1,ratio_out2,ratio_out3,ratio_out4
hbt_typ_mismatch/novdd/-40C/mc0,70351599,2.5e-06,0.773317,0.9955759999999999,0.8722079999999999,0.880072,0.87296
hbt_typ_mismatch/novdd/-40C/mc0,70351599,1e-05,0.8017,0.996067,0.8726369999999999,0.8805049999999999,0.8733899999999999
hbt_typ_mismatch/novdd/-40C/mc0,70351599,8e-05,0.845865,0.9974624999999998,0.8738599999999999,0.88173875,0.87461375
hbt_typ_mismatch/novdd/-40C/mc1,1824468685,2.5e-06,0.776274,1.08212,0.790924,1.1308399999999998,1.142912
hbt_typ_mismatch/novdd/-40C/mc1,1824468685,1e-05,0.804689,1.08272,0.79136,1.13146,1.14354
hbt_typ_mismatch/novdd/-40C/mc1,1824468685,8e-05,0.849152,1.0842975,0.79251625,1.1331162499999998,1.1452112499999998
hbt_typ_mismatch/novdd/-40C/mc2,488208853,2.5e-06,0.774931,0.8185759999999999,0.8777199999999998,1.0214239999999999,0.9729679999999998
hbt_typ_mismatch/novdd/-40C/mc2,488208853,1e-05,0.80333,0.818996,0.8781679999999998,1.02195,0.9734639999999999
hbt_typ_mismatch/novdd/-40C/mc2,488208853,8e-05,0.847652,0.82016375,0.8794199999999999,1.0234025,0.9748524999999999
hbt_typ_mismatch/novdd/-40C/mc3,1940101550,2.5e-06,0.778546,1.174704,1.2052,1.073048,1.1592959999999999
hbt_typ_mismatch/novdd/-40C/mc3,1940101550,1e-05,0.806989,1.1754099999999998,1.20593,1.07369,1.1599899999999999
hbt_typ_mismatch/novdd/-40C/mc3,1940101550,8e-05,0.851713,1.1771637499999998,1.20772625,1.0752962499999998,1.1617262499999998
hbt_typ_mismatch/novdd/-40C/mc4,600374865,2.5e-06,0.776024,0.8780199999999999,1.1238439999999998,0.956604,0.9048839999999999
hbt_typ_mismatch/novdd/-40C/mc4,600374865,1e-05,0.804436,0.8784899999999999,1.12445,0.9571159999999999,0.9053679999999998
hbt_typ_mismatch/novdd/-40C/mc4,600374865,8e-05,0.848872,0.8797587499999999,1.12607,0.9584987499999998,0.90667625
hbt_typ_mismatch/novdd/-40C/mc5,270168649,2.5e-06,0.772337,0.9636999999999999,1.0171,0.8579239999999999,0.8402959999999999
hbt_typ_mismatch/novdd/-40C/mc5,270168649,1e-05,0.800711,0.9641689999999999,1.01759,0.8583419999999999,0.8407029999999999
hbt_typ_mismatch/novdd/-40C/mc5,270168649,8e-05,0.844786,0.9655112499999998,1.0190099999999997,0.8595375,0.84187375
hbt_typ_mismatch/novdd/-40C/mc6,562807013,2.5e-06,0.771601,0.7872159999999999,0.770208,0.8351,0.7550479999999999
hbt_typ_mismatch/novdd/-40C/mc6,562807013,1e-05,0.799967,0.7875669999999999,0.7705549999999999,0.835476,0.7553839999999999
hbt_typ_mismatch/novdd/-40C/mc6,562807013,8e-05,0.843977,0.78863125,0.7715962499999999,0.8366049999999998,0.756405
hbt_typ_mismatch/novdd/-40C/mc7,2092062103,2.5e-06,0.775034,1.0285319999999998,1.047744,1.0122879999999999,1.0692639999999998
hbt_typ_mismatch/novdd/-40C/mc7,2092062103,1e-05,0.803435,1.02908,1.0483099999999999,1.01283,1.06984
hbt_typ_mismatch/novdd/-40C/mc7,2092062103,8e-05,0.847768,1.03058,1.04983125,1.0143049999999998,1.0713924999999997
hbt_typ_mismatch/novdd/-40C/mc8,1778650506,2.5e-06,0.775354,1.0022119999999999,1.038816,1.055324,1.167604
hbt_typ_mismatch/novdd/-40C/mc8,1778650506,1e-05,0.803759,1.0027599999999999,1.03939,1.0558999999999998,1.16824
hbt_typ_mismatch/novdd/-40C/mc8,1778650506,8e-05,0.848125,1.0042275,1.040905,1.057445,1.1699512499999998
hbt_typ_mismatch/novdd/-40C/mc9,516076120,2.5e-06,0.778273,1.229992,0.86756,1.048136,1.312592
hbt_typ_mismatch/novdd/-40C/mc9,516076120,1e-05,0.806711,1.2307199999999998,0.868073,1.04876,1.31337
hbt_typ_mismatch/novdd/-40C/mc9,516076120,8e-05,0.851402,1.23254625,0.86936125,1.05031375,1.3153124999999999
hbt_typ_mismatch/novdd/-40C/mc10,1281641619,2.5e-06,0.773971,0.899412,0.8747439999999999,0.8239599999999999,1.0185159999999998
hbt_typ_mismatch/novdd/-40C/mc10,1281641619,1e-05,0.802361,0.8998619999999999,0.87518,0.8243689999999999,1.0190199999999998
hbt_typ_mismatch/novdd/-40C/mc10,1281641619,8e-05,0.846588,0.9011287499999999,0.8764124999999999,0.82553,1.0204575
hbt_typ_mismatch/novdd/-40C/mc11,857341630,2.5e-06,0.78092,1.4983719999999998,1.3020239999999998,1.3100399999999999,1.584872
hbt_typ_mismatch/novdd/-40C/mc11,857341630,1e-05,0.809395,1.4993999999999998,1.3029199999999999,1.31094,1.5859599999999998
hbt_typ_mismatch/novdd/-40C/mc11,857341630,8e-05,0.854426,1.5016999999999998,1.3049125,1.3129499999999998,1.5883999999999998
hbt_typ_mismatch/novdd/-40C/mc12,1628354709,2.5e-06,0.777865,1.323092,1.089976,0.989,1.088272
hbt_typ_mismatch/novdd/-40C/mc12,1628354709,1e-05,0.806299,1.3238699999999999,1.09062,0.9895799999999999,1.08891
hbt_typ_mismatch/novdd/-40C/mc12,1628354709,8e-05,0.850942,1.3258374999999998,1.0922362499999998,0.9910499999999999,1.09053
hbt_typ_mismatch/novdd/-40C/mc13,1334748759,2.5e-06,0.774397,0.8761599999999998,1.01034,0.8709079999999999,0.600524
hbt_typ_mismatch/novdd/-40C/mc13,1334748759,1e-05,0.802791,0.87659,1.01083,0.8713319999999999,0.6008159999999999
hbt_typ_mismatch/novdd/-40C/mc13,1334748759,8e-05,0.847059,0.8778187499999999,1.0122525,0.87255375,0.6016587499999999
hbt_typ_mismatch/novdd/-40C/mc14,2096561374,2.5e-06,0.773576,0.8936919999999999,1.021736,0.9126279999999999,0.7277079999999999
hbt_typ_mismatch/novdd/-40C/mc14,2096561374,1e-05,0.801961,0.8941319999999999,1.02224,0.9130759999999999,0.7280669999999999
hbt_typ_mismatch/novdd/-40C/mc14,2096561374,8e-05,0.84615,0.895385,1.02366875,0.9143549999999999,0.7290862499999999
hbt_typ_mismatch/novdd/-40C/mc15,1335923565,2.5e-06,0.775257,0.91816,1.0403639999999998,1.106892,1.0017719999999999
hbt_typ_mismatch/novdd/-40C/mc15,1335923565,1e-05,0.80366,0.9186529999999998,1.0409199999999998,1.1074899999999999,1.00231
hbt_typ_mismatch/novdd/-40C/mc15,1335923565,8e-05,0.848016,0.9199849999999999,1.0424324999999999,1.10909,1.0037625
hbt_typ_mismatch/novdd/-40C/mc16,904972379,2.5e-06,0.776275,1.1110879999999999,1.204052,0.87974,1.277984
hbt_typ_mismatch/novdd/-40C/mc16,904972379,1e-05,0.80469,1.1117199999999998,1.20474,0.880242,1.2787099999999998
hbt_typ_mismatch/novdd/-40C/mc16,904972379,8e-05,0.849154,1.11336625,1.2065175,0.8815437499999998,1.2806
hbt_typ_mismatch/novdd/-40C/mc17,996948150,2.5e-06,0.777847,0.839672,0.9982679999999999,1.13038,0.957844
hbt_typ_mismatch/novdd/-40C/mc17,996948150,1e-05,0.80628,0.8401379999999998,0.9988219999999999,1.1310099999999998,0.958379
hbt_typ_mismatch/novdd/-40C/mc17,996948150,8e-05,0.85092,0.8413625,1.0002775,1.1326549999999997,0.9597749999999999
hbt_typ_mismatch/novdd/-40C/mc18,1966397462,2.5e-06,0.77566,0.833512,1.0268439999999999,0.8878839999999999,1.0454759999999998
hbt_typ_mismatch/novdd/-40C/mc18,1966397462,1e-05,0.804068,0.8339509999999999,1.02739,0.8883519999999999,1.04603
hbt_typ_mismatch/novdd/-40C/mc18,1966397462,8e-05,0.848465,0.8351499999999998,1.0288625,0.8896299999999999,1.0475299999999999
hbt_typ_mismatch/novdd/-40C/mc19,564363752,2.5e-06,0.776227,0.960912,1.0276079999999999,1.0344799999999998,0.940108
hbt_typ_mismatch/novdd/-40C/mc19,564363752,1e-05,0.804641,0.961432,1.02816,1.03504,0.940616
hbt_typ_mismatch/novdd/-40C/mc19,564363752,8e-05,0.849099,0.9628275,1.0296575,1.03654125,0.9419812499999999
hbt_typ_mismatch/novdd/-40C/mc20,1945702802,2.5e-06,0.777425,1.0590439999999999,1.3227959999999999,1.380008,1.149516
hbt_typ_mismatch/novdd/-40C/mc20,1945702802,1e-05,0.805854,1.05968,1.3235999999999999,1.38085,1.15021
hbt_typ_mismatch/novdd/-40C/mc20,1945702802,8e-05,0.850447,1.0612799999999998,1.3255875,1.382925,1.1519437499999998
hbt_typ_mismatch/novdd/-40C/mc21,757558280,2.5e-06,0.77732,1.369832,1.1254119999999999,0.8922839999999999,1.34072
hbt_typ_mismatch/novdd/-40C/mc21,757558280,1e-05,0.805748,1.37065,1.12608,0.8928159999999998,1.3415199999999998
hbt_typ_mismatch/novdd/-40C/mc21,757558280,8e-05,0.850328,1.3726999999999998,1.1277675,0.8941525,1.3435249999999999
hbt_typ_mismatch/novdd/-40C/mc22,1187246831,2.5e-06,0.773279,0.869108,0.872764,0.806576,0.8894439999999999
hbt_typ_mismatch/novdd/-40C/mc22,1187246831,1e-05,0.801661,0.8695249999999999,0.8731839999999998,0.8069649999999999,0.8898699999999999
hbt_typ_mismatch/novdd/-40C/mc22,1187246831,8e-05,0.845822,0.8707337499999999,0.87439875,0.8080875,0.8911074999999999
hbt_typ_mismatch/novdd/-40C/mc23,380592538,2.5e-06,0.774133,0.9425519999999998,0.9133479999999999,1.058632,1.024124
hbt_typ_mismatch/novdd/-40C/mc23,380592538,1e-05,0.802524,0.9430409999999999,0.9138229999999999,1.05918,1.0246499999999998
hbt_typ_mismatch/novdd/-40C/mc23,380592538,8e-05,0.846767,0.9443912499999999,0.9151312500000001,1.060695,1.0261212499999999
hbt_typ_mismatch/novdd/-40C/mc24,694541387,2.5e-06,0.774545,0.7848599999999999,1.036172,0.921776,0.806176
hbt_typ_mismatch/novdd/-40C/mc24,694541387,1e-05,0.80294,0.785251,1.03669,0.922236,0.80658
hbt_typ_mismatch/novdd/-40C/mc24,694541387,8e-05,0.847222,0.7863612499999999,1.03815625,0.92354125,0.8077199999999999
hbt_typ_mismatch/novdd/-40C/mc25,88975357,2.5e-06,0.776616,1.0890319999999998,1.134912,1.0128039999999998,1.087672
hbt_typ_mismatch/novdd/-40C/mc25,88975357,1e-05,0.805035,1.0896499999999998,1.1355499999999998,1.0133699999999999,1.08829
hbt_typ_mismatch/novdd/-40C/mc25,88975357,8e-05,0.849536,1.09125375,1.1372274999999998,1.01486625,1.0898875
hbt_typ_mismatch/novdd/-40C/mc26,539980639,2.5e-06,0.779742,1.296708,1.263776,1.1179759999999999,1.318104
hbt_typ_mismatch/novdd/-40C/mc26,539980639,1e-05,0.8082,1.2975299999999999,1.2645799999999998,1.11869,1.3189399999999998
hbt_typ_mismatch/novdd/-40C/mc26,539980639,8e-05,0.853074,1.2994875,1.2664874999999998,1.1203774999999998,1.3209374999999999
hbt_typ_mismatch/novdd/-40C/mc27,1564194994,2.5e-06,0.775165,1.13982,0.993236,0.975648,1.0674599999999999
hbt_typ_mismatch/novdd/-40C/mc27,1564194994,1e-05,0.803568,1.14044,0.9937749999999999,0.976178,1.0680399999999999
hbt_typ_mismatch/novdd/-40C/mc27,1564194994,8e-05,0.847914,1.14209625,0.99522125,0.9775974999999998,1.0695925
hbt_typ_mismatch/novdd/-40C/mc28,1976717187,2.5e-06,0.774621,0.8748319999999999,0.9527639999999998,1.083248,1.0784399999999998
hbt_typ_mismatch/novdd/-40C/mc28,1976717187,1e-05,0.803017,0.8752909999999999,0.9532649999999998,1.08382,1.07901
hbt_typ_mismatch/novdd/-40C/mc28,1976717187,8e-05,0.847308,0.87655125,0.9546375,1.0853787499999998,1.08056125
hbt_typ_mismatch/novdd/-40C/mc29,2045446966,2.5e-06,0.780251,1.228516,1.1290399999999998,1.3058919999999998,1.1011399999999998
hbt_typ_mismatch/novdd/-40C/mc29,2045446966,1e-05,0.808716,1.22929,1.1297499999999998,1.30671,1.1018299999999999
hbt_typ_mismatch/novdd/-40C/mc29,2045446966,8e-05,0.853656,1.2311275,1.1314425,1.3086749999999998,1.1034799999999998
hbt_typ_mismatch/novdd/-40C/mc30,1212012545,2.5e-06,0.77635,1.153708,0.992872,1.15598,0.914716
hbt_typ_mismatch/novdd/-40C/mc30,1212012545,1e-05,0.804765,1.15435,0.9934239999999999,1.1566199999999998,0.9152239999999999
hbt_typ_mismatch/novdd/-40C/mc30,1212012545,8e-05,0.849237,1.15604125,0.99488,1.1583187499999998,0.9165649999999999
hbt_typ_mismatch/novdd/-40C/mc31,975641413,2.5e-06,0.780034,0.9978079999999999,1.0307799999999998,1.4416399999999998,1.4242639999999998
hbt_typ_mismatch/novdd/-40C/mc31,975641413,1e-05,0.808496,0.9984409999999999,1.03143,1.4425499999999998,1.4251599999999998
hbt_typ_mismatch/novdd/-40C/mc31,975641413,8e-05,0.853408,0.9999424999999998,1.0329825,1.4447249999999998,1.4273125
hbt_typ_mismatch/novdd/-40C/mc32,457556656,2.5e-06,0.778458,1.1899639999999998,1.0541359999999997,1.1982439999999999,1.0188
hbt_typ_mismatch/novdd/-40C/mc32,457556656,1e-05,0.806899,1.19067,1.05476,1.1989499999999997,1.01941
hbt_typ_mismatch/novdd/-40C/mc32,457556656,8e-05,0.851613,1.1924375,1.0563274999999999,1.2007324999999998,1.0209187499999999
hbt_typ_mismatch/novdd/-40C/mc33,1519764830,2.5e-06,0.776959,1.093112,1.0928799999999999,1.034768,1.189064
hbt_typ_mismatch/novdd/-40C/mc33,1519764830,1e-05,0.805382,1.09374,1.09351,1.0353599999999998,1.1897499999999999
hbt_typ_mismatch/novdd/-40C/mc33,1519764830,8e-05,0.849921,1.09535375,1.09512375,1.0368899999999999,1.191505
hbt_typ_mismatch/novdd/-40C/mc34,1585408043,2.5e-06,0.781802,1.103084,1.1963199999999998,1.3804239999999999,1.500688
hbt_typ_mismatch/novdd/-40C/mc34,1585408043,1e-05,0.81029,1.10382,1.19712,1.38135,1.50169
hbt_typ_mismatch/novdd/-40C/mc34,1585408043,8e-05,0.855443,1.1054837499999999,1.1989237499999998,1.383425,1.50395
hbt_typ_mismatch/novdd/-40C/mc35,127385986,2.5e-06,0.7767,0.917872,1.1089399999999998,1.126344,1.0482079999999998
hbt_typ_mismatch/novdd/-40C/mc35,127385986,1e-05,0.805119,0.9183849999999999,1.1095599999999999,1.1269699999999998,1.04879
hbt_typ_mismatch/novdd/-40C/mc35,127385986,8e-05,0.849629,0.9197312499999999,1.1111874999999998,1.12862625,1.05033125
hbt_typ_mismatch/novdd/-40C/mc36,159560224,2.5e-06,0.774399,1.01132,0.8376999999999999,1.0610519999999999,0.9086999999999998
hbt_typ_mismatch/novdd/-40C/mc36,159560224,1e-05,0.802793,1.0118399999999999,0.838128,1.0615999999999999,0.9091649999999999
hbt_typ_mismatch/novdd/-40C/mc36,159560224,8e-05,0.847062,1.01328625,0.8393249999999999,1.063115,0.9104637499999999
hbt_typ_mismatch/novdd/-40C/mc37,1594535434,2.5e-06,0.778027,1.1391799999999999,0.9286279999999999,1.258316,1.062436
hbt_typ_mismatch/novdd/-40C/mc37,1594535434,1e-05,0.806463,1.1398499999999998,0.9291719999999999,1.25905,1.06306
hbt_typ_mismatch/novdd/-40C/mc37,1594535434,8e-05,0.851125,1.1415337499999998,0.9305474999999999,1.2609124999999999,1.06463
hbt_typ_mismatch/novdd/-40C/mc38,1246737167,2.5e-06,0.774312,0.6626119999999999,0.8220199999999999,0.9501639999999999,1.013876
hbt_typ_mismatch/novdd/-40C/mc38,1246737167,1e-05,0.802704,0.662939,0.822426,0.9506309999999999,1.01437
hbt_typ_mismatch/novdd/-40C/mc38,1246737167,8e-05,0.846964,0.6638712499999999,0.8235824999999999,0.9519687499999999,1.0158012499999998
hbt_typ_mismatch/novdd/-40C/mc39,849863710,2.5e-06,0.776942,0.923372,0.9732119999999999,0.928132,1.0793439999999999
hbt_typ_mismatch/novdd/-40C/mc39,849863710,1e-05,0.805364,0.9238759999999998,0.9737429999999999,0.9286399999999999,1.0799299999999998
hbt_typ_mismatch/novdd/-40C/mc39,849863710,8e-05,0.8499,0.9252174999999998,0.97515625,0.9299887499999999,1.08149875
hbt_typ_mismatch/novdd/-40C/mc40,903277802,2.5e-06,0.778196,0.985104,1.1292479999999998,1.173112,1.0547319999999998
hbt_typ_mismatch/novdd/-40C/mc40,903277802,1e-05,0.806633,0.9856769999999999,1.12991,1.1738,1.0553499999999998
hbt_typ_mismatch/novdd/-40C/mc40,903277802,8e-05,0.851315,0.98713375,1.13157625,1.1755325,1.0569074999999999
hbt_typ_mismatch/novdd/-40C/mc41,918151529,2.5e-06,0.776364,1.177668,1.120808,1.017912,1.09866
hbt_typ_mismatch/novdd/-40C/mc41,918151529,1e-05,0.80478,1.1783299999999999,1.12144,1.01849,1.0992799999999998
hbt_typ_mismatch/novdd/-40C/mc41,918151529,8e-05,0.849253,1.1800737499999998,1.12309875,1.01999125,1.1009049999999998
hbt_typ_mismatch/novdd/-40C/mc42,1892201226,2.5e-06,0.775976,0.7917399999999999,0.991156,0.979188,1.171652
hbt_typ_mismatch/novdd/-40C/mc42,1892201226,1e-05,0.804387,0.792164,0.9916889999999998,0.9797149999999999,1.17228
hbt_typ_mismatch/novdd/-40C/mc42,1892201226,8e-05,0.848818,0.7933112499999999,0.993125,0.9811325,1.1739775
hbt_typ_mismatch/novdd/-40C/mc43,1728770585,2.5e-06,0.777801,1.091052,1.0273919999999999,1.1803599999999999,1.179328
hbt_typ_mismatch/novdd/-40C/mc43,1728770585,1e-05,0.806234,1.09169,1.02799,1.18105,1.1800199999999998
hbt_typ_mismatch/novdd/-40C/mc43,1728770585,8e-05,0.850869,1.0933125,1.02952125,1.18280375,1.18177
hbt_typ_mismatch/novdd/-40C/mc44,593370369,2.5e-06,0.775033,0.9716079999999999,1.053192,0.8526799999999999,1.0620839999999998
hbt_typ_mismatch/novdd/-40C/mc44,593370369,1e-05,0.803434,0.9721199999999999,1.05375,0.8531289999999999,1.06264
hbt_typ_mismatch/novdd/-40C/mc44,593370369,8e-05,0.847766,0.97352125,1.055265,0.85435875,1.06417375
hbt_typ_mismatch/novdd/-40C/mc45,309261892,2.5e-06,0.774256,1.1217759999999999,0.941332,0.9820599999999999,0.9361839999999999
hbt_typ_mismatch/novdd/-40C/mc45,309261892,1e-05,0.802648,1.12236,0.9418239999999999,0.9825719999999999,0.9366709999999999
hbt_typ_mismatch/novdd/-40C/mc45,309261892,8e-05,0.846903,1.1239724999999998,0.94317625,0.9839825,0.9380162499999999
hbt_typ_mismatch/novdd/-40C/mc46,1269500591,2.5e-06,0.7738,0.8004479999999999,0.9960319999999999,0.8665039999999999,0.9918239999999999
hbt_typ_mismatch/novdd/-40C/mc46,1269500591,1e-05,0.802188,0.800846,0.9965279999999999,0.8669359999999998,0.9923179999999999
hbt_typ_mismatch/novdd/-40C/mc46,1269500591,8e-05,0.846399,0.8019737499999999,0.9979324999999999,0.86815625,0.9937162499999999
hbt_typ_mismatch/novdd/-40C/mc47,1259203131,2.5e-06,0.777662,0.994624,1.1018999999999999,1.172688,1.266452
hbt_typ_mismatch/novdd/-40C/mc47,1259203131,1e-05,0.806094,0.9952079999999999,1.10255,1.1733799999999999,1.2671999999999999
hbt_typ_mismatch/novdd/-40C/mc47,1259203131,8e-05,0.850713,0.9966887499999999,1.1041887499999998,1.1751237499999998,1.2690875
hbt_typ_mismatch/novdd/-40C/mc48,1021914919,2.5e-06,0.775004,1.15732,1.1115439999999999,0.938616,1.058984
hbt_typ_mismatch/novdd/-40C/mc48,1021914919,1e-05,0.803405,1.1579499999999998,1.11215,0.9391279999999999,1.05956
hbt_typ_mismatch/novdd/-40C/mc48,1021914919,8e-05,0.847734,1.15963875,1.11377,0.9404975,1.061105
hbt_typ_mismatch/novdd/-40C/mc49,1701357085,2.5e-06,0.779889,0.9903919999999999,0.8909839999999999,1.3210959999999998,1.338484
hbt_typ_mismatch/novdd/-40C/mc49,1701357085,1e-05,0.808349,0.9909989999999999,0.891531,1.32191,1.33931
hbt_typ_mismatch/novdd/-40C/mc49,1701357085,8e-05,0.853241,0.9924737499999998,0.8928562499999999,1.323875,1.3413
hbt_typ_mismatch/novdd/27C/mc0,67675540,2.5e-06,0.686946,1.0467359999999999,0.7687679999999999,0.8477039999999999,1.023944
hbt_typ_mismatch/novdd/27C/mc0,67675540,1e-05,0.723846,1.0475199999999998,0.7693419999999999,0.8483379999999999,1.02471
hbt_typ_mismatch/novdd/27C/mc0,67675540,8e-05,0.780784,1.0503449999999999,0.77141875,0.8506287499999998,1.0274775
hbt_typ_mismatch/novdd/27C/mc1,1038755582,2.5e-06,0.686923,0.9618959999999999,0.890524,0.7878,0.9953679999999999
hbt_typ_mismatch/novdd/27C/mc1,1038755582,1e-05,0.723823,0.9626089999999999,0.8911849999999999,0.788385,0.996106
hbt_typ_mismatch/novdd/27C/mc1,1038755582,8e-05,0.780759,0.9652025,0.8935862499999999,0.7905099999999999,0.9987899999999998
hbt_typ_mismatch/novdd/27C/mc2,982330160,2.5e-06,0.693123,1.1602679999999999,1.073988,1.018576,1.39178
hbt_typ_mismatch/novdd/27C/mc2,982330160,1e-05,0.730077,1.16132,1.07496,1.0194999999999999,1.3930399999999998
hbt_typ_mismatch/novdd/27C/mc2,982330160,8e-05,0.787515,1.16486,1.07823875,1.0226075,1.3972874999999998
hbt_typ_mismatch/novdd/27C/mc3,1745198688,2.5e-06,0.692161,0.797596,1.198848,0.9671359999999999,1.0995599999999999
hbt_typ_mismatch/novdd/27C/mc3,1745198688,1e-05,0.729104,0.7982729999999999,1.19986,0.9679549999999999,1.10049
hbt_typ_mismatch/novdd/27C/mc3,1745198688,8e-05,0.786456,0.800635,1.203415,0.97081875,1.1037474999999999
hbt_typ_mismatch/novdd/27C/mc4,655063336,2.5e-06,0.689968,1.008776,1.107724,0.9214639999999998,0.904168
hbt_typ_mismatch/novdd/27C/mc4,655063336,1e-05,0.726892,1.0095899999999998,1.10862,0.9222079999999999,0.904897
hbt_typ_mismatch/novdd/27C/mc4,655063336,8e-05,0.78406,1.01247,1.1117825,0.9248387499999999,0.90747875
hbt_typ_mismatch/novdd/27C/mc5,1073567482,2.5e-06,0.688639,0.944692,0.9167879999999998,1.0013319999999999,0.9288839999999998
hbt_typ_mismatch/novdd/27C/mc5,1073567482,1e-05,0.725552,0.945425,0.9175009999999999,1.0021099999999998,0.9296079999999999
hbt_typ_mismatch/novdd/27C/mc5,1073567482,8e-05,0.782615,0.9480562499999998,0.9200549999999998,1.00489875,0.9321949999999999
hbt_typ_mismatch/novdd/27C/mc6,838056817,2.5e-06,0.68785,0.804392,1.066992,1.0178599999999998,0.988748
hbt_typ_mismatch/novdd/27C/mc6,838056817,1e-05,0.724757,0.805014,1.06782,1.0186499999999998,0.9895119999999998
hbt_typ_mismatch/novdd/27C/mc6,838056817,8e-05,0.781761,0.80723125,1.0707575,1.02145125,0.9922374999999999
hbt_typ_mismatch/novdd/27C/mc7,763265144,2.5e-06,0.687214,0.866852,0.9080159999999999,0.7979239999999999,0.9480639999999999
hbt_typ_mismatch/novdd/27C/mc7,763265144,1e-05,0.724115,0.86749,0.908687,0.798512,0.948763
hbt_typ_mismatch/novdd/27C/mc7,763265144,8e-05,0.781072,0.86983125,0.9111387499999999,0.8006662499999999,0.9513237499999999
hbt_typ_mismatch/novdd/27C/mc8,450846463,2.5e-06,0.687409,0.9773759999999999,1.024652,0.911208,0.936608
hbt_typ_mismatch/novdd/27C/mc8,450846463,1e-05,0.724313,0.9781239999999999,1.02544,0.9119059999999999,0.937325
hbt_typ_mismatch/novdd/27C/mc8,450846463,8e-05,0.781284,0.9807974999999999,1.0282399999999998,0.9143975,0.9398862499999999
hbt_typ_mismatch/novdd/27C/mc9,1404507654,2.5e-06,0.693133,1.1579639999999998,0.903952,1.091172,1.073788
hbt_typ_mismatch/novdd/27C/mc9,1404507654,1e-05,0.730087,1.15898,0.9047429999999999,1.0921299999999998,1.07473
hbt_typ_mismatch/novdd/27C/mc9,1404507654,8e-05,0.787525,1.1624762499999999,0.9074749999999999,1.09542375,1.0779724999999998
hbt_typ_mismatch/novdd/27C/mc10,1070320258,2.5e-06,0.689012,1.0763239999999998,1.1338639999999998,1.105348,0.96776
hbt_typ_mismatch/novdd/27C/mc10,1070320258,1e-05,0.725929,1.0772099999999998,1.1348,1.1062599999999998,0.968557
hbt_typ_mismatch/novdd/27C/mc10,1070320258,8e-05,0.783022,1.0802625,1.1380149999999998,1.10939375,0.9713037499999998
hbt_typ_mismatch/novdd/27C/mc11,1372285044,2.5e-06,0.68697,0.7675279999999999,0.9508199999999999,0.85004,0.73442
hbt_typ_mismatch/novdd/27C/mc11,1372285044,1e-05,0.723869,0.768077,0.9514999999999999,0.8506469999999999,0.7349469999999999
hbt_typ_mismatch/novdd/27C/mc11,1372285044,8e-05,0.780807,0.7701287499999999,0.95404125,0.85291875,0.73691
hbt_typ_mismatch/novdd/27C/mc12,417626613,2.5e-06,0.685452,0.987836,0.8429719999999999,0.897412,0.755188
hbt_typ_mismatch/novdd/27C/mc12,417626613,1e-05,0.722341,0.9885409999999999,0.8435729999999999,0.8980519999999999,0.755724
hbt_typ_mismatch/novdd/27C/mc12,417626613,8e-05,0.779174,0.9911274999999998,0.84578,0.9004025,0.7577012499999999
hbt_typ_mismatch/novdd/27C/mc13,1526749209,2.5e-06,0.690729,1.052692,0.967876,0.992076,0.9481679999999999
hbt_typ_mismatch/novdd/27C/mc13,1526749209,1e-05,0.72766,1.0535599999999998,0.9686689999999999,0.9928879999999999,0.948944
hbt_typ_mismatch/novdd/27C/mc13,1526749209,8e-05,0.784889,1.0565987499999998,0.9714674999999999,0.9957562499999999,0.9516849999999999
hbt_typ_mismatch/novdd/27C/mc14,313044524,2.5e-06,0.691458,0.916048,1.00768,1.1841599999999999,1.105724
hbt_typ_mismatch/novdd/27C/mc14,313044524,1e-05,0.728395,0.916826,1.00854,1.1851699999999998,1.10666
hbt_typ_mismatch/novdd/27C/mc14,313044524,8e-05,0.785687,0.9195199999999999,1.0115012499999998,1.1886474999999999,1.109915
hbt_typ_mismatch/novdd/27C/mc15,664500158,2.5e-06,0.689854,0.981348,0.9958159999999999,1.120416,1.1792639999999999
hbt_typ_mismatch/novdd/27C/mc15,664500158,1e-05,0.726779,0.982167,0.9966449999999999,1.1213499999999998,1.1802499999999998
hbt_typ_mismatch/novdd/27C/mc15,664500158,8e-05,0.783938,0.9849874999999999,0.9995087499999998,1.1245699999999998,1.18363625
hbt_typ_mismatch/novdd/27C/mc16,231014235,2.5e-06,0.68716,0.8991079999999999,0.892108,0.941936,1.045408
hbt_typ_mismatch/novdd/27C/mc16,231014235,1e-05,0.724062,0.89979,0.892784,0.9426479999999999,1.0462
hbt_typ_mismatch/novdd/27C/mc16,231014235,8e-05,0.781015,0.9022337499999998,0.8952087499999999,0.9452087499999999,1.0490387499999998
hbt_typ_mismatch/novdd/27C/mc17,868374809,2.5e-06,0.690779,1.0829959999999998,1.07506,1.076188,0.8122999999999999
hbt_typ_mismatch/novdd/27C/mc17,868374809,1e-05,0.72771,1.08389,1.0759499999999997,1.07708,0.8129689999999999
hbt_typ_mismatch/novdd/27C/mc17,868374809,8e-05,0.784945,1.0870324999999998,1.07906375,1.0801975,0.815325
hbt_typ_mismatch/novdd/27C/mc18,1131472107,2.5e-06,0.685506,1.053576,0.8470599999999999,1.01452,0.8304119999999999
hbt_typ_mismatch/novdd/27C/mc18,1131472107,1e-05,0.722395,1.05435,0.847681,1.0152599999999998,0.8310229999999998
hbt_typ_mismatch/novdd/27C/mc18,1131472107,8e-05,0.779233,1.05713375,0.8499174999999999,1.01794375,0.83321625
hbt_typ_mismatch/novdd/27C/mc19,287086390,2.5e-06,0.689766,0.9955079999999998,1.1373119999999999,0.894396,1.0735
hbt_typ_mismatch/novdd/27C/mc19,287086390,1e-05,0.726689,0.996323,1.13824,0.895126,1.07438
hbt_typ_mismatch/novdd/27C/mc19,287086390,8e-05,0.783841,0.9991687499999999,1.1414924999999998,0.8976824999999999,1.077445
hbt_typ_mismatch/novdd/27C/mc20,1425931048,2.5e-06,0.689966,0.9716119999999999,0.8662199999999999,0.821956,0.9781599999999999
hbt_typ_mismatch/novdd/27C/mc20,1425931048,1e-05,0.726889,0.9723729999999999,0.866899,0.8226,0.9789269999999999
hbt_typ_mismatch/novdd/27C/mc20,1425931048,8e-05,0.784056,0.9751274999999998,0.869355,0.82493,0.98169875
hbt_typ_mismatch/novdd/27C/mc21,1733299310,2.5e-06,0.686763,0.8895719999999999,1.113596,0.8697199999999999,0.8877599999999999
hbt_typ_mismatch/novdd/27C/mc21,1733299310,1e-05,0.723662,0.8902399999999999,1.1144299999999998,0.8703709999999999,0.888425
hbt_typ_mismatch/novdd/27C/mc21,1733299310,8e-05,0.780587,0.8926412499999999,1.11743625,0.8727187499999999,0.8908212499999999
hbt_typ_mismatch/novdd/27C/mc22,1739119944,2.5e-06,0.686019,0.8932599999999999,0.8605599999999999,0.9125679999999999,0.9025759999999999
hbt_typ_mismatch/novdd/27C/mc22,1739119944,1e-05,0.722912,0.893909,0.8611849999999999,0.91323,0.903233
hbt_typ_mismatch/novdd/27C/mc22,1739119944,8e-05,0.779784,0.8962775,0.8634662499999999,0.91564875,0.9056249999999999
hbt_typ_mismatch/novdd/27C/mc23,1480815643,2.5e-06,0.688539,0.8830239999999999,0.86,1.122476,0.9972
hbt_typ_mismatch/novdd/27C/mc23,1480815643,1e-05,0.725451,0.8837129999999999,0.860673,1.1233499999999998,0.997979
hbt_typ_mismatch/novdd/27C/mc23,1480815643,8e-05,0.782507,0.8861724999999999,0.86307,1.1264812499999999,1.0007575
hbt_typ_mismatch/novdd/27C/mc24,1921303159,2.5e-06,0.68883,1.035008,0.8164599999999999,0.9988319999999999,1.0133079999999999
hbt_typ_mismatch/novdd/27C/mc24,1921303159,1e-05,0.725745,1.03582,0.8170999999999999,0.999615,1.0141
hbt_typ_mismatch/novdd/27C/mc24,1921303159,8e-05,0.782823,1.03871875,0.81938625,1.00241125,1.01694
hbt_typ_mismatch/novdd/27C/mc25,436604298,2.5e-06,0.689975,0.9350919999999999,0.8828199999999999,1.068164,0.8352959999999999
hbt_typ_mismatch/novdd/27C/mc25,436604298,1e-05,0.726899,0.9358279999999999,0.8835169999999999,1.0690099999999998,0.835957
hbt_typ_mismatch/novdd/27C/mc25,436604298,8e-05,0.784067,0.938485,0.886025,1.0720425,0.83832875
hbt_typ_mismatch/novdd/27C/mc26,719096955,2.5e-06,0.694868,1.12726,1.1427439999999998,1.254128,1.192488
hbt_typ_mismatch/novdd/27C/mc26,719096955,1e-05,0.73184,1.12832,1.1438199999999998,1.25531,1.19361
hbt_typ_mismatch/novdd/27C/mc26,719096955,8e-05,0.789441,1.131845,1.147395,1.2592374999999998,1.19734125
hbt_typ_mismatch/novdd/27C/mc27,2054983468,2.5e-06,0.689767,1.08166,0.9530759999999998,0.9608519999999998,1.050188
hbt_typ_mismatch/novdd/27C/mc27,2054983468,1e-05,0.72669,1.0825399999999998,0.9538509999999999,0.961631,1.05104
hbt_typ_mismatch/novdd/27C/mc27,2054983468,8e-05,0.783842,1.08562875,0.9565712499999999,0.9643737499999999,1.05404125
hbt_typ_mismatch/novdd/27C/mc28,2139438319,2.5e-06,0.687253,0.9060359999999998,0.8745399999999999,0.786704,0.8568159999999999
hbt_typ_mismatch/novdd/27C/mc28,2139438319,1e-05,0.724154,0.906696,0.8751779999999999,0.787278,0.85744
hbt_typ_mismatch/novdd/27C/mc28,2139438319,8e-05,0.781114,0.9091387499999999,0.877535,0.7893987499999999,0.8597487499999998
hbt_typ_mismatch/novdd/27C/mc29,786325660,2.5e-06,0.692213,1.0226039999999998,0.9881639999999999,1.0728719999999998,1.077084
hbt_typ_mismatch/novdd/27C/mc29,786325660,1e-05,0.729158,1.02348,0.98901,1.0737899999999998,1.07801
hbt_typ_mismatch/novdd/27C/mc29,786325660,8e-05,0.786514,1.0265175,0.9919462499999999,1.07697625,1.0812074999999999
hbt_typ_mismatch/novdd/27C/mc30,1391662461,2.5e-06,0.688803,0.90466,1.124032,0.9588959999999999,0.743572
hbt_typ_mismatch/novdd/27C/mc30,1391662461,1e-05,0.725717,0.9053589999999999,1.1249,0.959638,0.744149
hbt_typ_mismatch/novdd/27C/mc30,1391662461,8e-05,0.782793,0.9078812499999999,1.12803875,0.96231125,0.7462225
hbt_typ_mismatch/novdd/27C/mc31,252058723,2.5e-06,0.690761,1.02128,1.0545799999999999,1.01004,1.1199759999999999
hbt_typ_mismatch/novdd/27C/mc31,252058723,1e-05,0.727692,1.0221399999999998,1.05546,1.01089,1.12092
hbt_typ_mismatch/novdd/27C/mc31,252058723,8e-05,0.784926,1.0251075,1.0585324999999999,1.0138275,1.1241762499999999
hbt_typ_mismatch/novdd/27C/mc32,1593842592,2.5e-06,0.69048,0.994132,0.8826959999999998,1.010988,1.0613439999999998
hbt_typ_mismatch/novdd/27C/mc32,1593842592,1e-05,0.727409,0.994941,0.8834139999999999,1.0118099999999999,1.0622099999999999
hbt_typ_mismatch/novdd/27C/mc32,1593842592,8e-05,0.784618,0.9978037499999999,0.8859549999999999,1.0147212499999998,1.065265
hbt_typ_mismatch/novdd/27C/mc33,1914252737,2.5e-06,0.69087,1.038692,1.00196,0.940776,0.978856
hbt_typ_mismatch/novdd/27C/mc33,1914252737,1e-05,0.727803,1.03954,1.00278,0.9415479999999999,0.97966
hbt_typ_mismatch/novdd/27C/mc33,1914252737,8e-05,0.785044,1.0425525,1.00568625,0.9442737499999999,0.98249625
hbt_typ_mismatch/novdd/27C/mc34,1260691602,2.5e-06,0.686744,1.0748119999999999,0.7769599999999999,1.080412,0.8529559999999998
hbt_typ_mismatch/novdd/27C/mc34,1260691602,1e-05,0.723643,1.07562,0.7775459999999998,1.08123,0.8535969999999999
hbt_typ_mismatch/novdd/27C/mc34,1260691602,8e-05,0.780566,1.0785212499999999,0.7796437499999999,1.0841424999999998,0.8559
hbt_typ_mismatch/novdd/27C/mc35,648654740,2.5e-06,0.690093,1.0996799999999998,0.9608039999999999,1.148444,1.1221679999999998
hbt_typ_mismatch/novdd/27C/mc35,648654740,1e-05,0.72702,1.1005999999999998,0.9616099999999999,1.14941,1.1231099999999998
hbt_typ_mismatch/novdd/27C/mc35,648654740,8e-05,0.784198,1.10378125,0.9643862499999999,1.15272625,1.126355
hbt_typ_mismatch/novdd/27C/mc36,1288967526,2.5e-06,0.692439,1.238244,1.140728,1.213976,1.1169319999999998
hbt_typ_mismatch/novdd/27C/mc36,1288967526,1e-05,0.729387,1.2393599999999998,1.1417599999999999,1.2150699999999999,1.11794
hbt_typ_mismatch/novdd/27C/mc36,1288967526,8e-05,0.786764,1.2431062499999999,1.1452075,1.21874375,1.1213199999999999
hbt_typ_mismatch/novdd/27C/mc37,510253006,2.5e-06,0.68782,0.906992,0.8408039999999999,0.993016,1.01118
hbt_typ_mismatch/novdd/27C/mc37,510253006,1e-05,0.724726,0.9076859999999999,0.8414439999999999,0.9937749999999999,1.01195
hbt_typ_mismatch/novdd/27C/mc37,510253006,8e-05,0.781728,0.91017625,0.8437524999999999,0.9965012499999999,1.01473
hbt_typ_mismatch/novdd/27C/mc38,896328696,2.5e-06,0.68783,0.8883759999999999,0.9803319999999999,0.978704,0.931808
hbt_typ_mismatch/novdd/27C/mc38,896328696,1e-05,0.724737,0.889055,0.9810849999999999,0.979452,0.932521
hbt_typ_mismatch/novdd/27C/mc38,896328696,8e-05,0.781739,0.8914962499999999,0.9837787499999999,0.9821412499999999,0.9350812499999999
hbt_typ_mismatch/novdd/27C/mc39,1386051177,2.5e-06,0.69149,1.1344159999999999,1.057312,1.04,1.119132
hbt_typ_mismatch/novdd/27C/mc39,1386051177,1e-05,0.728429,1.13539,1.05822,1.0408899999999999,1.1200899999999998
hbt_typ_mismatch/novdd/27C/mc39,1386051177,8e-05,0.785724,1.1387425,1.06134125,1.0439649999999998,1.12339875
hbt_typ_mismatch/novdd/27C/mc40,1879493318,2.5e-06,0.692871,1.1756399999999998,1.48464,1.138248,1.062112
hbt_typ_mismatch/novdd/27C/mc40,1879493318,1e-05,0.729823,1.17672,1.4860099999999998,1.1392999999999998,1.0630899999999999
hbt_typ_mismatch/novdd/27C/mc40,1879493318,8e-05,0.787239,1.1803124999999999,1.4905374999999998,1.1427725,1.0663337499999999
hbt_typ_mismatch/novdd/27C/mc41,944291690,2.5e-06,0.689506,0.975088,0.9742519999999999,1.158272,1.0159639999999999
hbt_typ_mismatch/novdd/27C/mc41,944291690,1e-05,0.726427,0.9758839999999999,0.9750459999999999,1.15922,1.0167899999999999
hbt_typ_mismatch/novdd/27C/mc41,944291690,8e-05,0.783558,0.9786612499999999,0.9778212499999999,1.1625174999999999,1.019685
hbt_typ_mismatch/novdd/27C/mc42,1096339884,2.5e-06,0.690406,0.8891719999999999,1.162364,1.044788,1.10506
hbt_typ_mismatch/novdd/27C/mc42,1096339884,1e-05,0.727335,0.889912,1.1633299999999998,1.04566,1.10598
hbt_typ_mismatch/novdd/27C/mc42,1096339884,8e-05,0.784539,0.8924849999999999,1.16669875,1.0486824999999997,1.1091799999999998
hbt_typ_mismatch/novdd/27C/mc43,2136309832,2.5e-06,0.690229,1.0426719999999998,1.201068,1.0900439999999998,0.9206239999999999
hbt_typ_mismatch/novdd/27C/mc43,2136309832,1e-05,0.727156,1.04354,1.20207,1.0909499999999999,0.921393
hbt_typ_mismatch/novdd/27C/mc43,2136309832,8e-05,0.784346,1.0465562499999999,1.20554375,1.09410375,0.9240537499999999
hbt_typ_mismatch/novdd/27C/mc44,901808372,2.5e-06,0.686608,0.8152319999999998,1.004128,0.844332,0.9293639999999999
hbt_typ_mismatch/novdd/27C/mc44,901808372,1e-05,0.723505,0.815831,1.00486,0.844952,0.930046
hbt_typ_mismatch/novdd/27C/mc44,901808372,8e-05,0.780419,0.8180149999999999,1.007555,0.84721375,0.9325362499999998
hbt_typ_mismatch/novdd/27C/mc45,2088797050,2.5e-06,0.685592,0.7523719999999999,0.7855399999999999,0.7752719999999999,0.8643039999999999
hbt_typ_mismatch/novdd/27C/mc45,2088797050,1e-05,0.722481,0.752888,0.7860809999999999,0.7758049999999999,0.8648969999999998
hbt_typ_mismatch/novdd/27C/mc45,2088797050,8e-05,0.779323,0.7548449999999999,0.7881237499999999,0.77782125,0.8671449999999999
hbt_typ_mismatch/novdd/27C/mc46,1618538640,2.5e-06,0.685735,0.842668,0.9489559999999999,0.8251799999999999,0.901996
hbt_typ_mismatch/novdd/27C/mc46,1618538640,1e-05,0.722625,0.8432739999999999,0.949637,0.825772,0.902645
hbt_typ_mismatch/novdd/27C/mc46,1618538640,8e-05,0.779478,0.8454937499999999,0.95213625,0.827945,0.9050199999999999
hbt_typ_mismatch/novdd/27C/mc47,1939743327,2.5e-06,0.687308,0.679372,0.9698799999999999,0.7719959999999999,0.92248
hbt_typ_mismatch/novdd/27C/mc47,1939743327,1e-05,0.72421,0.6798639999999999,0.9705809999999999,0.772554,0.923148
hbt_typ_mismatch/novdd/27C/mc47,1939743327,8e-05,0.781173,0.6816924999999999,0.9731924999999998,0.7746325000000001,0.92563125
hbt_typ_mismatch/novdd/27C/mc48,374442459,2.5e-06,0.69196,1.1412,1.200356,1.091556,1.2487519999999999
hbt_typ_mismatch/novdd/27C/mc48,374442459,1e-05,0.728903,1.14222,1.2014299999999998,1.09253,1.2498699999999998
hbt_typ_mismatch/novdd/27C/mc48,374442459,8e-05,0.786239,1.14563625,1.205025,1.0957999999999999,1.2535999999999998
hbt_typ_mismatch/novdd/27C/mc49,285053969,2.5e-06,0.682796,0.671268,0.7313639999999999,0.8494879999999998,0.85334
hbt_typ_mismatch/novdd/27C/mc49,285053969,1e-05,0.719665,0.671705,0.731837,0.85004,0.8538939999999999
hbt_typ_mismatch/novdd/27C/mc49,285053969,8e-05,0.776326,0.6733625,0.7336412499999999,0.8521362499999999,0.8559999999999999
hbt_typ_mismatch/novdd/125C/mc0,1599262327,2.5e-06,0.553488,0.9985359999999999,0.9200839999999999,0.8786839999999999,0.955972
hbt_typ_mismatch/novdd/125C/mc0,1599262327,1e-05,0.603199,0.9994359999999999,0.9209119999999998,0.879477,0.9568349999999999
hbt_typ_mismatch/novdd/125C/mc0,1599262327,8e-05,0.679527,1.00347375,0.9246325,0.88303,0.9606999999999999
hbt_typ_mismatch/novdd/125C/mc1,813960219,2.5e-06,0.556844,1.029512,1.246316,1.038568,1.1585999999999999
hbt_typ_mismatch/novdd/125C/mc1,813960219,1e-05,0.606579,1.0305499999999999,1.2475699999999998,1.03961,1.15977
hbt_typ_mismatch/novdd/125C/mc1,813960219,8e-05,0.683114,1.03497,1.2529249999999998,1.04407375,1.1647424999999998
hbt_typ_mismatch/novdd/125C/mc2,764212691,2.5e-06,0.549539,0.74176,0.9192679999999999,0.8322759999999999,0.8985199999999999
hbt_typ_mismatch/novdd/125C/mc2,764212691,1e-05,0.599225,0.742366,0.9200189999999999,0.832954,0.8992559999999999
hbt_typ_mismatch/novdd/125C/mc2,764212691,8e-05,0.675334,0.7451637499999999,0.9234862499999998,0.83609375,0.902645
hbt_typ_mismatch/novdd/125C/mc3,59834358,2.5e-06,0.557615,1.0235679999999998,1.1496239999999998,0.9414719999999999,1.024872
hbt_typ_mismatch/novdd/125C/mc3,59834358,1e-05,0.607355,1.0245799999999998,1.1507699999999998,0.9424069999999999,1.0258899999999997
hbt_typ_mismatch/novdd/125C/mc3,59834358,8e-05,0.683939,1.0290187499999999,1.15574625,0.94648625,1.03033125
hbt_typ_mismatch/novdd/125C/mc4,2142447461,2.5e-06,0.551994,0.824944,0.8947959999999999,0.997956,0.9961679999999999
hbt_typ_mismatch/novdd/125C/mc4,2142447461,1e-05,0.601696,0.8256689999999999,0.895581,0.9988289999999999,0.9970409999999998
hbt_typ_mismatch/novdd/125C/mc4,2142447461,8e-05,0.677938,0.8289225,0.8991099999999999,1.0027662499999999,1.0009712499999999
hbt_typ_mismatch/novdd/125C/mc5,2008915743,2.5e-06,0.557574,1.172268,1.02084,1.0249759999999999,0.9362079999999999
hbt_typ_mismatch/novdd/125C/mc5,2008915743,1e-05,0.607314,1.17343,1.02185,1.02599,0.9371389999999999
hbt_typ_mismatch/novdd/125C/mc5,2008915743,8e-05,0.683896,1.1785074999999998,1.0262737499999999,1.0304337499999998,0.9411937499999999
hbt_typ_mismatch/novdd/125C/mc6,1375538493,2.5e-06,0.561601,1.1351799999999999,1.024008,1.3200239999999999,1.203336
hbt_typ_mismatch/novdd/125C/mc6,1375538493,1e-05,0.611372,1.13643,1.0251299999999999,1.32147,1.20466
hbt_typ_mismatch/novdd/125C/mc6,1375538493,8e-05,0.688234,1.14167,1.029865,1.327575,1.21021625
hbt_typ_mismatch/novdd/125C/mc7,1530321388,2.5e-06,0.553397,1.0298479999999999,0.855224,1.0304039999999999,1.043496
hbt_typ_mismatch/novdd/125C/mc7,1530321388,1e-05,0.603109,1.0307899999999999,0.8560049999999999,1.03135,1.0444499999999999
hbt_typ_mismatch/novdd/125C/mc7,1530321388,8e-05,0.679432,1.0349575,0.8594662499999999,1.03552,1.04867625
hbt_typ_mismatch/novdd/125C/mc8,1494840617,2.5e-06,0.551568,1.0073839999999998,0.758608,1.116504,0.888936
hbt_typ_mismatch/novdd/125C/mc8,1494840617,1e-05,0.601268,1.0082699999999998,0.759272,1.11748,0.8897139999999999
hbt_typ_mismatch/novdd/125C/mc8,1494840617,8e-05,0.677486,1.01221625,0.7622462499999999,1.1218599999999999,0.8931987499999998
hbt_typ_mismatch/novdd/125C/mc9,1342135814,2.5e-06,0.564448,1.1950999999999998,1.1341839999999999,1.339764,1.3877799999999998
hbt_typ_mismatch/novdd/125C/mc9,1342135814,1e-05,0.614243,1.1965,1.1355199999999999,1.3413399999999998,1.3894099999999998
hbt_typ_mismatch/novdd/125C/mc9,1342135814,8e-05,0.691322,1.2022799999999998,1.1409974999999999,1.3478124999999999,1.3961124999999999
hbt_typ_mismatch/novdd/125C/mc10,2107382502,2.5e-06,0.549446,0.87242,0.915516,0.8823799999999999,1.000376
hbt_typ_mismatch/novdd/125C/mc10,2107382502,1e-05,0.599133,0.873153,0.9162839999999999,0.8831179999999998,1.00121
hbt_typ_mismatch/novdd/125C/mc10,2107382502,8e-05,0.675237,0.8764525,0.91974625,0.8864549999999999,1.0049962499999998
hbt_typ_mismatch/novdd/125C/mc11,1668954665,2.5e-06,0.557334,1.137224,1.0778159999999999,0.9960239999999999,0.9993599999999999
hbt_typ_mismatch/novdd/125C/mc11,1668954665,1e-05,0.607072,1.13835,1.07889,0.9970129999999999,1.0003499999999999
hbt_typ_mismatch/novdd/125C/mc11,1668954665,8e-05,0.683638,1.14326125,1.0835374999999998,1.0013125,1.0046662499999999
hbt_typ_mismatch/novdd/125C/mc12,437835616,2.5e-06,0.555022,1.0322719999999999,1.061172,1.0026959999999998,1.10782
hbt_typ_mismatch/novdd/125C/mc12,437835616,1e-05,0.604744,1.0332599999999998,1.06219,1.00366,1.1088799999999999
hbt_typ_mismatch/novdd/125C/mc12,437835616,8e-05,0.681165,1.0375599999999998,1.0666075,1.0078325,1.11349375
hbt_typ_mismatch/novdd/125C/mc13,1317864782,2.5e-06,0.55294,1.133732,1.0259559999999999,0.8399719999999999,0.8884359999999999
hbt_typ_mismatch/novdd/125C/mc13,1317864782,1e-05,0.602649,1.1347599999999998,1.02688,0.8407319999999999,0.889241
hbt_typ_mismatch/novdd/125C/mc13,1317864782,8e-05,0.678945,1.1393099999999998,1.03100375,0.8441037499999999,0.8928075
hbt_typ_mismatch/novdd/125C/mc14,1248230348,2.5e-06,0.551261,0.8835799999999998,0.8996959999999998,0.7298,0.9652799999999999
hbt_typ_mismatch/novdd/125C/mc14,1248230348,1e-05,0.600958,0.88433,0.9004599999999999,0.7304189999999999,0.9660989999999999
hbt_typ_mismatch/novdd/125C/mc14,1248230348,8e-05,0.677159,0.88776375,0.903955,0.7332549999999999,0.96985
hbt_typ_mismatch/novdd/125C/mc15,1878963097,2.5e-06,0.555246,0.8817079999999998,0.8739359999999999,0.993304,1.136372
hbt_typ_mismatch/novdd/125C/mc15,1878963097,1e-05,0.604969,0.882533,0.8747529999999999,0.994236,1.13744
hbt_typ_mismatch/novdd/125C/mc15,1878963097,8e-05,0.681403,0.8862049999999999,0.8783925,0.9983725,1.14217
hbt_typ_mismatch/novdd/125C/mc16,189953474,2.5e-06,0.553606,0.83976,0.9828399999999999,1.025136,0.983748
hbt_typ_mismatch/novdd/125C/mc16,189953474,1e-05,0.603319,0.840523,0.9837349999999999,1.0260699999999998,0.984641
hbt_typ_mismatch/novdd/125C/mc16,189953474,8e-05,0.679654,0.8439274999999999,0.9877199999999998,1.030225,0.98863
hbt_typ_mismatch/novdd/125C/mc17,1333638053,2.5e-06,0.555088,1.166768,0.9695759999999999,0.915404,1.0726879999999999
hbt_typ_mismatch/novdd/125C/mc17,1333638053,1e-05,0.60481,1.16788,0.970501,0.9162749999999998,1.07371
hbt_typ_mismatch/novdd/125C/mc17,1333638053,8e-05,0.681235,1.17273875,0.97453875,0.9200875,1.0781775
hbt_typ_mismatch/novdd/125C/mc18,265652220,2.5e-06,0.55193,0.8624559999999999,0.717676,0.916736,0.9536599999999998
hbt_typ_mismatch/novdd/125C/mc18,265652220,1e-05,0.601631,0.8631909999999999,0.718289,0.9175199999999999,0.9544739999999999
hbt_typ_mismatch/novdd/125C/mc18,265652220,8e-05,0.677869,0.8665774999999999,0.7211075,0.9211199999999998,0.9582199999999998
hbt_typ_mismatch/novdd/125C/mc19,99030433,2.5e-06,0.560637,1.2127799999999997,1.05938,1.25654,1.1506919999999998
hbt_typ_mismatch/novdd/125C/mc19,99030433,1e-05,0.6104,1.21409,1.06052,1.2578999999999998,1.15194
hbt_typ_mismatch/novdd/125C/mc19,99030433,8e-05,0.687193,1.219615,1.06535,1.2636249999999998,1.1571775
hbt_typ_mismatch/novdd/125C/mc20,127782581,2.5e-06,0.55663,1.0987399999999998,1.116476,1.1111799999999998,1.075664
hbt_typ_mismatch/novdd/125C/mc20,127782581,1e-05,0.606364,1.0998299999999999,1.1175899999999999,1.11229,1.0767399999999998
hbt_typ_mismatch/novdd/125C/mc20,127782581,8e-05,0.682885,1.1045349999999998,1.122365,1.11704125,1.08134
hbt_typ_mismatch/novdd/125C/mc21,665310827,2.5e-06,0.558778,1.1788079999999999,1.1474639999999998,1.085364,1.0108879999999998
hbt_typ_mismatch/novdd/125C/mc21,665310827,1e-05,0.608527,1.1800199999999998,1.1486499999999997,1.08648,1.01193
hbt_typ_mismatch/novdd/125C/mc21,665310827,8e-05,0.68519,1.1852349999999998,1.1537225,1.09128125,1.0164
hbt_typ_mismatch/novdd/125C/mc22,1345369965,2.5e-06,0.556505,1.1343359999999998,1.0568359999999999,1.1521759999999999,1.115128
hbt_typ_mismatch/novdd/125C/mc22,1345369965,1e-05,0.606238,1.13547,1.0578899999999998,1.15333,1.11624
hbt_typ_mismatch/novdd/125C/mc22,1345369965,8e-05,0.682752,1.1403149999999997,1.0624075,1.15825125,1.1210075
hbt_typ_mismatch/novdd/125C/mc23,2126117612,2.5e-06,0.55707,1.1112,1.1244319999999999,0.9708999999999999,1.09448
hbt_typ_mismatch/novdd/125C/mc23,2126117612,1e-05,0.606806,1.11231,1.1255499999999998,0.9718669999999999,1.09557
hbt_typ_mismatch/novdd/125C/mc23,2126117612,8e-05,0.683356,1.1170887499999997,1.1303925,0.9760449999999999,1.10028
hbt_typ_mismatch/novdd/125C/mc24,1611661900,2.5e-06,0.552852,0.9971719999999998,0.9892519999999999,0.957676,1.0187279999999999
hbt_typ_mismatch/novdd/125C/mc24,1611661900,1e-05,0.60256,0.9980779999999999,0.990151,0.958546,1.01965
hbt_typ_mismatch/novdd/125C/mc24,1611661900,8e-05,0.678851,1.00207875,0.9941212499999998,0.9623887499999999,1.0237399999999999
hbt_typ_mismatch/novdd/125C/mc25,368146672,2.5e-06,0.559045,1.059612,1.24458,1.101752,1.28744
hbt_typ_mismatch/novdd/125C/mc25,368146672,1e-05,0.608796,1.0607299999999997,1.2459,1.10292,1.2887999999999997
hbt_typ_mismatch/novdd/125C/mc25,368146672,8e-05,0.685478,1.06544625,1.2514375,1.1078175,1.294525
hbt_typ_mismatch/novdd/125C/mc26,1221738505,2.5e-06,0.557714,1.274424,1.0685479999999998,1.0209359999999998,1.0536159999999999
hbt_typ_mismatch/novdd/125C/mc26,1221738505,1e-05,0.607455,1.27572,1.0696299999999999,1.0219699999999998,1.05469
hbt_typ_mismatch/novdd/125C/mc26,1221738505,8e-05,0.684047,1.2812625,1.07428,1.0264125,1.05926875
hbt_typ_mismatch/novdd/125C/mc27,780013377,2.5e-06,0.556682,1.037688,1.076388,1.137696,0.9732839999999999
hbt_typ_mismatch/novdd/125C/mc27,780013377,1e-05,0.606416,1.0387099999999998,1.0774499999999998,1.13882,0.9742439999999999
hbt_typ_mismatch/novdd/125C/mc27,780013377,8e-05,0.682941,1.043145,1.08205,1.1436812499999998,0.97840375
hbt_typ_mismatch/novdd/125C/mc28,1689939795,2.5e-06,0.555842,0.920688,0.9654239999999998,1.083824,1.1812559999999999
hbt_typ_mismatch/novdd/125C/mc28,1689939795,1e-05,0.60557,0.9215789999999999,0.9663569999999999,1.08487,1.1824
hbt_typ_mismatch/novdd/125C/mc28,1689939795,8e-05,0.682041,0.9254599999999998,0.9704274999999999,1.08944125,1.18737875
hbt_typ_mismatch/novdd/125C/mc29,517023311,2.5e-06,0.553261,0.9028439999999999,0.9455279999999998,0.921076,1.12924
hbt_typ_mismatch/novdd/125C/mc29,517023311,1e-05,0.602971,0.9036649999999998,0.9463889999999999,0.9219119999999998,1.1302599999999998
hbt_typ_mismatch/novdd/125C/mc29,517023311,8e-05,0.679286,0.90730875,0.950205,0.92562875,1.13482125
hbt_typ_mismatch/novdd/125C/mc30,1524084532,2.5e-06,0.560049,1.1465159999999999,1.3174839999999999,1.452508,1.2363399999999998
hbt_typ_mismatch/novdd/125C/mc30,1524084532,1e-05,0.609809,1.1477899999999999,1.3189499999999998,1.4541199999999999,1.2377099999999999
hbt_typ_mismatch/novdd/125C/mc30,1524084532,8e-05,0.686561,1.152985,1.3249125,1.4606999999999999,1.243315
hbt_typ_mismatch/novdd/125C/mc31,173361987,2.5e-06,0.560046,1.1891639999999999,0.9342199999999999,0.9662679999999999,1.2297079999999998
hbt_typ_mismatch/novdd/125C/mc31,173361987,1e-05,0.609804,1.19041,0.9351959999999999,0.9672769999999998,1.23099
hbt_typ_mismatch/novdd/125C/mc31,173361987,8e-05,0.686554,1.1957612499999999,0.9394024999999999,0.9716275,1.2365324999999998
hbt_typ_mismatch/novdd/125C/mc32,2081708034,2.5e-06,0.555785,1.005376,0.9780399999999999,1.1296159999999997,1.023428
hbt_typ_mismatch/novdd/125C/mc32,2081708034,1e-05,0.605512,1.0063499999999999,0.9789819999999999,1.1307,1.0244199999999999
hbt_typ_mismatch/novdd/125C/mc32,2081708034,8e-05,0.68198,1.01058,0.9831012499999999,1.1354624999999998,1.0287262499999998
hbt_typ_mismatch/novdd/125C/mc33,338574005,2.5e-06,0.561647,1.223928,1.4955319999999999,1.3449239999999998,1.094824
hbt_typ_mismatch/novdd/125C/mc33,338574005,1e-05,0.611419,1.22532,1.4972299999999998,1.34645,1.0960699999999999
hbt_typ_mismatch/novdd/125C/mc33,338574005,8e-05,0.688286,1.2309925,1.5041624999999998,1.3526875,1.1011449999999998
hbt_typ_mismatch/novdd/125C/mc34,744565327,2.5e-06,0.555487,0.86464,1.045364,0.991996,1.111292
hbt_typ_mismatch/novdd/125C/mc34,744565327,1e-05,0.605212,0.8654599999999999,1.0463599999999997,0.9929389999999999,1.11235
hbt_typ_mismatch/novdd/125C/mc34,744565327,8e-05,0.681661,0.86908,1.0507337499999998,0.9970924999999999,1.117
hbt_typ_mismatch/novdd/125C/mc35,1529386256,2.5e-06,0.552509,0.957924,0.976096,0.9862839999999998,1.058872
hbt_typ_mismatch/novdd/125C/mc35,1529386256,1e-05,0.602215,0.9587889999999999,0.9769789999999999,0.9871759999999999,1.0598299999999998
hbt_typ_mismatch/novdd/125C/mc35,1529386256,8e-05,0.678487,0.9626124999999999,0.9808749999999999,0.9911125,1.06405625
hbt_typ_mismatch/novdd/125C/mc36,791406740,2.5e-06,0.551632,0.848652,0.83272,0.7380439999999999,0.9960479999999998
hbt_typ_mismatch/novdd/125C/mc36,791406740,1e-05,0.601331,0.8493699999999998,0.833427,0.7386689999999999,0.9968909999999999
hbt_typ_mismatch/novdd/125C/mc36,791406740,8e-05,0.677552,0.8526849999999999,0.8366787499999999,0.7415525,1.0007825
hbt_typ_mismatch/novdd/125C/mc37,925988523,2.5e-06,0.55244,0.991444,1.1034799999999998,0.993292,0.801796
hbt_typ_mismatch/novdd/125C/mc37,925988523,1e-05,0.602145,0.9923319999999999,1.1044699999999998,0.9941819999999999,0.802514
hbt_typ_mismatch/novdd/125C/mc37,925988523,8e-05,0.678413,0.9962799999999999,1.1088637499999998,0.9981375,0.80570625
hbt_typ_mismatch/novdd/125C/mc38,2095585023,2.5e-06,0.554611,1.012352,0.864812,0.9772879999999998,1.020116
hbt_typ_mismatch/novdd/125C/mc38,2095585023,1e-05,0.60433,1.0132899999999998,0.8656119999999999,0.978192,1.0210599999999999
hbt_typ_mismatch/novdd/125C/mc38,2095585023,8e-05,0.680725,1.0174649999999998,0.8691774999999999,0.9822212499999999,1.02526875
hbt_typ_mismatch/novdd/125C/mc39,195215366,2.5e-06,0.555471,1.017116,1.0221399999999998,1.1930479999999999,0.968768
hbt_typ_mismatch/novdd/125C/mc39,195215366,1e-05,0.605196,1.0180999999999998,1.0231299999999999,1.1942,0.969702
hbt_typ_mismatch/novdd/125C/mc39,195215366,8e-05,0.681645,1.0223612499999999,1.0274137499999998,1.19920125,0.9737649999999999
hbt_typ_mismatch/novdd/125C/mc40,1738417451,2.5e-06,0.552221,0.8542399999999999,0.9513519999999999,0.7410239999999999,0.974332
hbt_typ_mismatch/novdd/125C/mc40,1738417451,1e-05,0.601924,0.85498,0.952175,0.7416619999999999,0.9751759999999998
hbt_typ_mismatch/novdd/125C/mc40,1738417451,8e-05,0.678179,0.8583537499999998,0.9559325,0.7445887499999999,0.97902375
hbt_typ_mismatch/novdd/125C/mc41,1372179856,2.5e-06,0.552362,0.9970999999999999,0.976444,0.702588,0.8230839999999999
hbt_typ_mismatch/novdd/125C/mc41,1372179856,1e-05,0.602065,0.9979619999999999,0.977289,0.703197,0.8237969999999999
hbt_typ_mismatch/novdd/125C/mc41,1372179856,8e-05,0.678328,1.00190875,0.9811537499999999,0.7059774999999999,0.82705375
hbt_typ_mismatch/novdd/125C/mc42,1737925417,2.5e-06,0.556148,0.977832,1.026012,1.017212,1.043048
hbt_typ_mismatch/novdd/125C/mc42,1737925417,1e-05,0.605877,0.9787749999999998,1.027,1.01819,1.04405
hbt_typ_mismatch/novdd/125C/mc42,1737925417,8e-05,0.682368,0.9829125,1.0313437499999998,1.02249875,1.0484674999999999
hbt_typ_mismatch/novdd/125C/mc43,937508654,2.5e-06,0.553874,1.0630719999999998,1.004356,0.952656,0.9694879999999999
hbt_typ_mismatch/novdd/125C/mc43,937508654,1e-05,0.603588,1.06405,1.00528,0.9535369999999999,0.970383
hbt_typ_mismatch/novdd/125C/mc43,937508654,8e-05,0.67994,1.06839125,1.00938,0.9574237499999999,0.9743387499999999
hbt_typ_mismatch/novdd/125C/mc44,112753760,2.5e-06,0.553207,0.8843239999999999,1.1252959999999999,0.91814,0.8789239999999999
hbt_typ_mismatch/novdd/125C/mc44,112753760,1e-05,0.602917,0.8851209999999999,1.12631,0.9189689999999999,0.879714
hbt_typ_mismatch/novdd/125C/mc44,112753760,8e-05,0.679229,0.8886824999999998,1.1308425,0.9226674999999999,0.88325375
hbt_typ_mismatch/novdd/125C/mc45,397320508,2.5e-06,0.555653,1.02014,1.087508,0.8875639999999999,1.221948
hbt_typ_mismatch/novdd/125C/mc45,397320508,1e-05,0.60538,1.0211299999999999,1.08856,0.888423,1.2231299999999998
hbt_typ_mismatch/novdd/125C/mc45,397320508,8e-05,0.681839,1.0254199999999998,1.0931374999999999,0.89215625,1.2282737499999998
hbt_typ_mismatch/novdd/125C/mc46,1061306362,2.5e-06,0.557289,0.8851279999999999,1.1538279999999999,1.2837919999999998,1.06314
hbt_typ_mismatch/novdd/125C/mc46,1061306362,1e-05,0.607027,0.886018,1.1549899999999997,1.28508,1.0642099999999999
hbt_typ_mismatch/novdd/125C/mc46,1061306362,8e-05,0.683591,0.8898424999999999,1.159975,1.290625,1.068805
hbt_typ_mismatch/novdd/125C/mc47,1495157750,2.5e-06,0.554724,0.92812,0.9242239999999999,1.0522519999999997,0.9137519999999999
hbt_typ_mismatch/novdd/125C/mc47,1495157750,1e-05,0.604443,0.928975,0.9250759999999999,1.0532299999999999,0.914596
hbt_typ_mismatch/novdd/125C/mc47,1495157750,8e-05,0.680845,0.93280625,0.9288899999999999,1.05756875,0.9183674999999999
hbt_typ_mismatch/novdd/125C/mc48,2089920813,2.5e-06,0.55141,0.9247799999999999,0.9985599999999999,0.8955039999999999,0.918364
hbt_typ_mismatch/novdd/125C/mc48,2089920813,1e-05,0.601109,0.925585,0.9994309999999998,0.8962829999999999,0.919165
hbt_typ_mismatch/novdd/125C/mc48,2089920813,8e-05,0.677319,0.9291999999999999,1.00333375,0.8997837499999999,0.9227549999999999
hbt_typ_mismatch/novdd/125C/mc49,249494684,2.5e-06,0.553473,0.9911719999999999,0.9112279999999998,1.00118,1.0940759999999998
hbt_typ_mismatch/novdd/125C/mc49,249494684,1e-05,0.603185,0.9920829999999999,0.912067,1.0020999999999998,1.0950799999999998
hbt_typ_mismatch/novdd/125C/mc49,249494684,8e-05,0.679513,0.9961012499999998,0.9157612499999999,1.00616,1.0995175
hbt_bcs_mismatch/novdd/-40C/mc0,1798660380,2.5e-06,0.767824,0.9184959999999999,0.8575039999999998,1.025588,0.7815
hbt_bcs_mismatch/novdd/-40C/mc0,1798660380,1e-05,0.796141,0.9188659999999998,0.8578479999999998,1.026,0.781815
hbt_bcs_mismatch/novdd/-40C/mc0,1798660380,8e-05,0.839705,0.920265,0.8591537499999999,1.0275612499999998,0.78300625
hbt_bcs_mismatch/novdd/-40C/mc1,1454544233,2.5e-06,0.768438,1.0189,0.9475839999999999,0.9711319999999999,0.9028079999999998
hbt_bcs_mismatch/novdd/-40C/mc1,1454544233,1e-05,0.796759,1.0193199999999998,0.9479809999999999,0.971536,0.903185
hbt_bcs_mismatch/novdd/-40C/mc1,1454544233,8e-05,0.840363,1.0209,0.9494475,0.97303875,0.9045825
hbt_bcs_mismatch/novdd/-40C/mc2,900868960,2.5e-06,0.772313,1.2262359999999999,1.0622399999999999,1.0828119999999999,1.184504
hbt_bcs_mismatch/novdd/-40C/mc2,900868960,1e-05,0.800664,1.22684,1.06276,1.08334,1.18508
hbt_bcs_mismatch/novdd/-40C/mc2,900868960,8e-05,0.844552,1.22888125,1.06453,1.0851449999999998,1.18705625
hbt_bcs_mismatch/novdd/-40C/mc3,812515640,2.5e-06,0.774965,1.3273519999999999,1.2130759999999998,0.9341799999999999,1.22604
hbt_bcs_mismatch/novdd/-40C/mc3,812515640,1e-05,0.803339,1.3280599999999998,1.21372,0.934673,1.2266899999999998
hbt_bcs_mismatch/novdd/-40C/mc3,812515640,8e-05,0.847456,1.3303375,1.21580625,0.9362824999999999,1.22880125
hbt_bcs_mismatch/novdd/-40C/mc4,646257130,2.5e-06,0.773864,1.0146639999999998,1.114876,1.2584159999999998,1.204564
hbt_bcs_mismatch/novdd/-40C/mc4,646257130,1e-05,0.802228,1.01518,1.1154499999999998,1.2590599999999998,1.20518
hbt_bcs_mismatch/novdd/-40C/mc4,646257130,8e-05,0.846246,1.0169037499999998,1.11734,1.2611999999999999,1.20722625
hbt_bcs_mismatch/novdd/-40C/mc5,798698079,2.5e-06,0.773114,0.9781759999999999,1.286492,1.0435199999999998,1.164772
hbt_bcs_mismatch/novdd/-40C/mc5,798698079,1e-05,0.801471,0.9786629999999998,1.2871299999999999,1.0440399999999999,1.1653499999999999
hbt_bcs_mismatch/novdd/-40C/mc5,798698079,8e-05,0.845425,0.9803074999999999,1.2892875,1.0457925,1.1673099999999998
hbt_bcs_mismatch/novdd/-40C/mc6,2021027769,2.5e-06,0.773716,1.2006359999999998,1.4330279999999997,1.141236,1.066452
hbt_bcs_mismatch/novdd/-40C/mc6,2021027769,1e-05,0.802079,1.20125,1.43377,1.1418199999999998,1.067
hbt_bcs_mismatch/novdd/-40C/mc6,2021027769,8e-05,0.846085,1.2032999999999998,1.4362125,1.1437675,1.06881875
hbt_bcs_mismatch/novdd/-40C/mc7,1981588272,2.5e-06,0.769983,1.026448,1.000848,0.9017639999999999,0.970988
hbt_bcs_mismatch/novdd/-40C/mc7,1981588272,1e-05,0.798315,1.0269,1.00129,0.9021589999999998,0.9714129999999999
hbt_bcs_mismatch/novdd/-40C/mc7,1981588272,8e-05,0.842026,1.02852875,1.0028774999999999,0.90359125,0.9729562499999999
hbt_bcs_mismatch/novdd/-40C/mc8,1804679775,2.5e-06,0.772747,1.113368,1.134684,1.0144199999999999,1.2805799999999998
hbt_bcs_mismatch/novdd/-40C/mc8,1804679775,1e-05,0.801101,1.1139199999999998,1.1352399999999998,1.0149199999999998,1.28121
hbt_bcs_mismatch/novdd/-40C/mc8,1804679775,8e-05,0.845025,1.1157825,1.1371449999999999,1.0166199999999999,1.2833625
hbt_bcs_mismatch/novdd/-40C/mc9,21297181,2.5e-06,0.77071,0.9667759999999999,0.9429879999999998,0.9695679999999999,0.8730319999999999
hbt_bcs_mismatch/novdd/-40C/mc9,21297181,1e-05,0.799047,0.9672039999999998,0.9434049999999999,0.9699949999999999,0.873418
hbt_bcs_mismatch/novdd/-40C/mc9,21297181,8e-05,0.842811,0.9687574999999999,0.9449199999999999,0.9715537499999999,0.8748199999999999
hbt_bcs_mismatch/novdd/-40C/mc10,875828528,2.5e-06,0.768947,0.834776,0.867632,0.828848,0.90512
hbt_bcs_mismatch/novdd/-40C/mc10,875828528,1e-05,0.797272,0.8351159999999999,0.867989,0.8291879999999999,0.9054899999999999
hbt_bcs_mismatch/novdd/-40C/mc10,875828528,8e-05,0.84091,0.8364087499999998,0.8693325,0.8304712499999999,0.90689
hbt_bcs_mismatch/novdd/-40C/mc11,317166979,2.5e-06,0.769887,0.9671319999999999,1.050476,1.0469519999999999,1.016948
hbt_bcs_mismatch/novdd/-40C/mc11,317166979,1e-05,0.798219,0.9675599999999999,1.05094,1.04742,1.0173999999999999
hbt_bcs_mismatch/novdd/-40C/mc11,317166979,8e-05,0.841923,0.9690987499999999,1.05261375,1.04908125,1.0190175
hbt_bcs_mismatch/novdd/-40C/mc12,1096286404,2.5e-06,0.773338,0.9068639999999999,1.455528,1.180184,1.1012199999999999
hbt_bcs_mismatch/novdd/-40C/mc12,1096286404,1e-05,0.801697,0.9073219999999999,1.4562599999999999,1.18078,1.10177
hbt_bcs_mismatch/novdd/-40C/mc12,1096286404,8e-05,0.845671,0.9088562499999999,1.4587249999999998,1.1827775,1.1036362499999999
hbt_bcs_mismatch/novdd/-40C/mc13,1423270557,2.5e-06,0.770881,1.021796,0.843644,0.9081959999999999,1.090684
hbt_bcs_mismatch/novdd/-40C/mc13,1423270557,1e-05,0.79922,1.02225,0.8440229999999999,0.908602,1.0911699999999998
hbt_bcs_mismatch/novdd/-40C/mc13,1423270557,8e-05,0.842996,1.0239025,0.8453849999999999,0.9100687499999999,1.092935
hbt_bcs_mismatch/novdd/-40C/mc14,1958999461,2.5e-06,0.772537,1.1502759999999999,0.875828,1.222756,1.055656
hbt_bcs_mismatch/novdd/-40C/mc14,1958999461,1e-05,0.800889,1.1508299999999998,0.8762519999999998,1.22335,1.05616
hbt_bcs_mismatch/novdd/-40C/mc14,1958999461,8e-05,0.844796,1.1527462499999999,0.8777099999999999,1.2253824999999998,1.0579224999999999
hbt_bcs_mismatch/novdd/-40C/mc15,1325693913,2.5e-06,0.770621,0.8721719999999998,1.0044359999999999,0.9793119999999998,1.111848
hbt_bcs_mismatch/novdd/-40C/mc15,1325693913,1e-05,0.798958,0.8725639999999999,1.0048899999999998,0.97975,1.11235
hbt_bcs_mismatch/novdd/-40C/mc15,1325693913,8e-05,0.842715,0.8739687499999998,1.00650625,0.98132875,1.11413875
hbt_bcs_mismatch/novdd/-40C/mc16,78852561,2.5e-06,0.770733,1.1092039999999999,1.072152,1.2534,0.8705279999999999
hbt_bcs_mismatch/novdd/-40C/mc16,78852561,1e-05,0.799071,1.1097199999999998,1.0726399999999998,1.2539799999999999,0.8709279999999999
hbt_bcs_mismatch/novdd/-40C/mc16,78852561,8e-05,0.842837,1.1115175,1.0743862499999999,1.2560125,0.8723412499999998
hbt_bcs_mismatch/novdd/-40C/mc17,120281232,2.5e-06,0.772089,1.0975,1.1614879999999999,1.0160919999999998,0.9550279999999999
hbt_bcs_mismatch/novdd/-40C/mc17,120281232,1e-05,0.800438,1.09802,1.16204,1.01657,0.955483
hbt_bcs_mismatch/novdd/-40C/mc17,120281232,8e-05,0.844308,1.0998362499999998,1.1639599999999999,1.018255,0.95706125
hbt_bcs_mismatch/novdd/-40C/mc18,1175055991,2.5e-06,0.771105,1.1837399999999998,1.1754959999999999,0.8677119999999999,0.88688
hbt_bcs_mismatch/novdd/-40C/mc18,1175055991,1e-05,0.799446,1.1842799999999998,1.17603,0.8681099999999999,0.8872849999999999
hbt_bcs_mismatch/novdd/-40C/mc18,1175055991,8e-05,0.84324,1.18621125,1.1779475,0.8695224999999999,0.8887275
hbt_bcs_mismatch/novdd/-40C/mc19,966125534,2.5e-06,0.76838,0.896496,0.8646119999999999,0.7041879999999999,1.000784
hbt_bcs_mismatch/novdd/-40C/mc19,966125534,1e-05,0.796701,0.896859,0.8649629999999999,0.7044739999999999,1.0011899999999998
hbt_bcs_mismatch/novdd/-40C/mc19,966125534,8e-05,0.840301,0.898235,0.8662887499999999,0.7055549999999999,1.00272375
hbt_bcs_mismatch/novdd/-40C/mc20,2033007388,2.5e-06,0.770582,0.97054,0.933664,1.0847799999999999,0.9689359999999999
hbt_bcs_mismatch/novdd/-40C/mc20,2033007388,1e-05,0.798919,0.970974,0.934083,1.08527,0.9693669999999999
hbt_bcs_mismatch/novdd/-40C/mc20,2033007388,8e-05,0.842673,0.9725362499999999,0.93558625,1.0870125,0.9709274999999999
hbt_bcs_mismatch/novdd/-40C/mc21,933489315,2.5e-06,0.769349,0.8660279999999999,0.9781399999999998,0.917252,1.003032
hbt_bcs_mismatch/novdd/-40C/mc21,933489315,1e-05,0.797676,0.8663959999999998,0.978556,0.9176439999999999,1.00346
hbt_bcs_mismatch/novdd/-40C/mc21,933489315,8e-05,0.841342,0.86775375,0.9800899999999999,0.9190824999999999,1.0050324999999998
hbt_bcs_mismatch/novdd/-40C/mc22,145720890,2.5e-06,0.770369,0.9964239999999999,1.07942,0.9508719999999999,0.9403599999999999
hbt_bcs_mismatch/novdd/-40C/mc22,145720890,1e-05,0.798704,0.996868,1.0798999999999999,0.9512949999999999,0.940776
hbt_bcs_mismatch/novdd/-40C/mc22,145720890,8e-05,0.842443,0.9984624999999998,1.0816262499999998,0.9528162499999999,0.94228
hbt_bcs_mismatch/novdd/-40C/mc23,1958752998,2.5e-06,0.772112,1.214496,1.0629799999999998,1.01298,1.170776
hbt_bcs_mismatch/novdd/-40C/mc23,1958752998,1e-05,0.800461,1.21508,1.06349,1.0134699999999999,1.17134
hbt_bcs_mismatch/novdd/-40C/mc23,1958752998,8e-05,0.844333,1.2170975,1.0652562499999998,1.0151487499999998,1.1732825
hbt_bcs_mismatch/novdd/-40C/mc24,775000016,2.5e-06,0.772083,1.125824,1.1150559999999998,0.7690919999999999,0.9545559999999998
hbt_bcs_mismatch/novdd/-40C/mc24,775000016,1e-05,0.800431,1.12635,1.11557,0.7694509999999999,0.955001
hbt_bcs_mismatch/novdd/-40C/mc24,775000016,8e-05,0.844301,1.12820125,1.1174087499999998,0.77071625,0.9565712499999999
hbt_bcs_mismatch/novdd/-40C/mc25,1740522495,2.5e-06,0.768709,0.8492639999999999,0.985196,0.9106079999999999,0.915216
hbt_bcs_mismatch/novdd/-40C/mc25,1740522495,1e-05,0.797032,0.8496139999999999,0.985605,0.9109849999999999,0.915596
hbt_bcs_mismatch/novdd/-40C/mc25,1740522495,8e-05,0.840654,0.85093,0.98713125,0.9123949999999998,0.9170137499999998
hbt_bcs_mismatch/novdd/-40C/mc26,629943542,2.5e-06,0.770264,1.030228,1.0287039999999998,0.8790479999999999,0.9117679999999999
hbt_bcs_mismatch/novdd/-40C/mc26,629943542,1e-05,0.798598,1.0306799999999998,1.0291499999999998,0.879435,0.9121679999999999
hbt_bcs_mismatch/novdd/-40C/mc26,629943542,8e-05,0.842329,1.0323224999999998,1.0307937499999997,0.8808362499999999,0.9136212499999999
hbt_bcs_mismatch/novdd/-40C/mc27,903756225,2.5e-06,0.76879,0.8544599999999999,0.979648,0.888856,0.9066199999999999
hbt_bcs_mismatch/novdd/-40C/mc27,903756225,1e-05,0.797113,0.854815,0.980053,0.8892249999999998,0.9069949999999999
hbt_bcs_mismatch/novdd/-40C/mc27,903756225,8e-05,0.840741,0.85614,0.98157125,0.8906025,0.9083999999999999
hbt_bcs_mismatch/novdd/-40C/mc28,55122224,2.5e-06,0.768962,0.906372,1.019212,0.8810439999999999,0.96422
hbt_bcs_mismatch/novdd/-40C/mc28,55122224,1e-05,0.797286,0.906752,1.0196399999999999,0.8814129999999999,0.964627
hbt_bcs_mismatch/novdd/-40C/mc28,55122224,8e-05,0.840926,0.9081649999999999,1.0212312499999998,0.8827862499999999,0.9661299999999999
hbt_bcs_mismatch/novdd/-40C/mc29,629435088,2.5e-06,0.767637,0.77992,0.844992,0.898872,0.816924
hbt_bcs_mismatch/novdd/-40C/mc29,629435088,1e-05,0.795952,0.780226,0.845322,0.8992249999999999,0.8172419999999999
hbt_bcs_mismatch/novdd/-40C/mc29,629435088,8e-05,0.839504,0.7814049999999999,0.84659875,0.9005824999999998,0.81847625
hbt_bcs_mismatch/novdd/-40C/mc30,1858241425,2.5e-06,0.76945,0.7918999999999999,1.155312,0.9675119999999999,0.8012519999999999
hbt_bcs_mismatch/novdd/-40C/mc30,1858241425,1e-05,0.797778,0.7922359999999998,1.15581,0.967922,0.8015909999999999
hbt_bcs_mismatch/novdd/-40C/mc30,1858241425,8e-05,0.841451,0.7934787499999999,1.15761875,0.9694399999999999,0.80284875
hbt_bcs_mismatch/novdd/-40C/mc31,1849582288,2.5e-06,0.77061,0.9555319999999998,0.9817759999999999,1.0043719999999998,0.9198319999999999
hbt_bcs_mismatch/novdd/-40C/mc31,1849582288,1e-05,0.798947,0.9559559999999999,0.982213,1.0048199999999998,0.9202409999999999
hbt_bcs_mismatch/novdd/-40C/mc31,1849582288,8e-05,0.842704,0.9574925,0.9837924999999998,1.00643375,0.92172
hbt_bcs_mismatch/novdd/-40C/mc32,47489862,2.5e-06,0.7722,1.097608,1.340068,1.022804,1.125784
hbt_bcs_mismatch/novdd/-40C/mc32,47489862,1e-05,0.80055,1.09814,1.34072,1.0232999999999999,1.1263299999999998
hbt_bcs_mismatch/novdd/-40C/mc32,47489862,8e-05,0.84443,1.0999712499999998,1.3429499999999999,1.02500625,1.1282074999999998
hbt_bcs_mismatch/novdd/-40C/mc33,1975304807,2.5e-06,0.769571,1.0336159999999999,0.8895919999999999,0.8853239999999999,1.149696
hbt_bcs_mismatch/novdd/-40C/mc33,1975304807,1e-05,0.7979,1.03406,0.889979,0.88571,1.1502
hbt_bcs_mismatch/novdd/-40C/mc33,1975304807,8e-05,0.841582,1.03569625,0.8913837499999999,0.8871087499999999,1.1520137499999998
hbt_bcs_mismatch/novdd/-40C/mc34,883738846,2.5e-06,0.772226,1.0305639999999998,1.210176,1.0593399999999997,1.1835079999999998
hbt_bcs_mismatch/novdd/-40C/mc34,883738846,1e-05,0.800576,1.0310599999999999,1.21076,1.05985,1.18408
hbt_bcs_mismatch/novdd/-40C/mc34,883738846,8e-05,0.844458,1.0327775,1.21277625,1.06161625,1.1860499999999998
hbt_bcs_mismatch/novdd/-40C/mc35,1172932474,2.5e-06,0.770716,1.002348,0.9439879999999998,0.9591719999999999,0.9569079999999999
hbt_bcs_mismatch/novdd/-40C/mc35,1172932474,1e-05,0.799054,1.0028,0.9444089999999998,0.9595979999999998,0.957333
hbt_bcs_mismatch/novdd/-40C/mc35,1172932474,8e-05,0.842818,1.0044099999999998,0.9459299999999998,0.9611424999999998,0.9588749999999999
hbt_bcs_mismatch/novdd/-40C/mc36,1268469569,2.5e-06,0.770548,0.9694439999999999,0.90318,1.0264959999999999,0.9594799999999999
hbt_bcs_mismatch/novdd/-40C/mc36,1268469569,1e-05,0.798885,0.9698729999999999,0.9035789999999999,1.02695,0.9599049999999998
hbt_bcs_mismatch/novdd/-40C/mc36,1268469569,8e-05,0.842637,0.97143125,0.90503,1.0286,0.96144625
hbt_bcs_mismatch/novdd/-40C/mc37,143957264,2.5e-06,0.771258,1.02448,1.1710479999999999,0.924636,1.142836
hbt_bcs_mismatch/novdd/-40C/mc37,143957264,1e-05,0.7996,1.0249599999999999,1.17159,0.9250659999999999,1.14337
hbt_bcs_mismatch/novdd/-40C/mc37,143957264,8e-05,0.843405,1.0266337499999998,1.1735087499999999,0.9265774999999999,1.145235
hbt_bcs_mismatch/novdd/-40C/mc38,1269732666,2.5e-06,0.775898,1.3776279999999999,1.5023,1.182548,1.2544
hbt_bcs_mismatch/novdd/-40C/mc38,1269732666,1e-05,0.804282,1.3783999999999998,1.50314,1.1832099999999999,1.2550999999999999
hbt_bcs_mismatch/novdd/-40C/mc38,1269732666,8e-05,0.848487,1.3808124999999998,1.5057749999999999,1.18528375,1.2572999999999999
hbt_bcs_mismatch/novdd/-40C/mc39,474557821,2.5e-06,0.770957,0.8569399999999999,1.002792,1.01148,0.9574519999999999
hbt_bcs_mismatch/novdd/-40C/mc39,474557821,1e-05,0.799296,0.857324,1.00324,1.01193,0.95788
hbt_bcs_mismatch/novdd/-40C/mc39,474557821,8e-05,0.843079,0.8587074999999998,1.00486,1.0135662499999998,0.9594262499999999
hbt_bcs_mismatch/novdd/-40C/mc40,190817276,2.5e-06,0.768871,0.9409399999999999,0.9581679999999999,0.8883759999999999,0.768708
hbt_bcs_mismatch/novdd/-40C/mc40,190817276,1e-05,0.797195,0.9413279999999999,0.9585629999999999,0.8887429999999998,0.769024
hbt_bcs_mismatch/novdd/-40C/mc40,190817276,8e-05,0.840828,0.94278625,0.9600474999999999,0.8901187499999998,0.7702162499999999
hbt_bcs_mismatch/novdd/-40C/mc41,1872634872,2.5e-06,0.774786,1.1889399999999999,1.19518,1.1478519999999999,1.3175679999999999
hbt_bcs_mismatch/novdd/-40C/mc41,1872634872,1e-05,0.803158,1.18957,1.1958199999999999,1.1484599999999998,1.3182699999999998
hbt_bcs_mismatch/novdd/-40C/mc41,1872634872,8e-05,0.847259,1.19162,1.19787625,1.1504374999999998,1.3205375
hbt_bcs_mismatch/novdd/-40C/mc42,37391189,2.5e-06,0.768424,1.087372,0.7954359999999999,0.8958719999999999,0.7576639999999999
hbt_bcs_mismatch/novdd/-40C/mc42,37391189,1e-05,0.796745,1.08781,0.7957599999999999,0.896235,0.757971
hbt_bcs_mismatch/novdd/-40C/mc42,37391189,8e-05,0.840348,1.0894849999999998,0.7969824999999999,0.8976124999999999,0.75913625
hbt_bcs_mismatch/novdd/-40C/mc43,362773418,2.5e-06,0.771541,1.020716,1.042904,1.065604,1.098712
hbt_bcs_mismatch/novdd/-40C/mc43,362773418,1e-05,0.799885,1.0211899999999998,1.04339,1.0660999999999998,1.09923
hbt_bcs_mismatch/novdd/-40C/mc43,362773418,8e-05,0.843713,1.0228662499999999,1.0451012499999999,1.06784875,1.10103
hbt_bcs_mismatch/novdd/-40C/mc44,948979155,2.5e-06,0.771878,1.0272839999999999,1.1224599999999998,1.0106199999999999,1.1283279999999998
hbt_bcs_mismatch/novdd/-40C/mc44,948979155,1e-05,0.800225,1.0277699999999999,1.12299,1.0110999999999999,1.12886
hbt_bcs_mismatch/novdd/-40C/mc44,948979155,8e-05,0.844078,1.02946375,1.1248462499999998,1.0127662499999999,1.13072625
hbt_bcs_mismatch/novdd/-40C/mc45,1295922764,2.5e-06,0.771784,1.0322719999999999,0.7387639999999999,1.126172,0.9517399999999999
hbt_bcs_mismatch/novdd/-40C/mc45,1295922764,1e-05,0.80013,1.03275,0.7391049999999999,1.12669,0.952175
hbt_bcs_mismatch/novdd/-40C/mc45,1295922764,8e-05,0.843976,1.0344337499999998,0.7403124999999999,1.1285287499999999,0.9537312499999999
hbt_bcs_mismatch/novdd/-40C/mc46,286471885,2.5e-06,0.77095,1.110796,0.9169999999999999,0.8792959999999999,1.2431959999999997
hbt_bcs_mismatch/novdd/-40C/mc46,286471885,1e-05,0.799289,1.11131,0.9174179999999998,0.8796979999999999,1.2437699999999998
hbt_bcs_mismatch/novdd/-40C/mc46,286471885,8e-05,0.843071,1.1131099999999998,0.9189087499999999,0.8811275,1.245785
hbt_bcs_mismatch/novdd/-40C/mc47,1834444537,2.5e-06,0.768762,0.852524,0.93232,0.9716679999999999,0.762048
hbt_bcs_mismatch/novdd/-40C/mc47,1834444537,1e-05,0.797085,0.852872,0.932704,0.972066,0.762359
hbt_bcs_mismatch/novdd/-40C/mc47,1834444537,8e-05,0.840711,0.85419,0.9341449999999999,0.9735675,0.7635374999999999
hbt_bcs_mismatch/novdd/-40C/mc48,728056802,2.5e-06,0.772041,1.0301839999999998,1.149816,1.0202839999999997,1.1814679999999997
hbt_bcs_mismatch/novdd/-40C/mc48,728056802,1e-05,0.800389,1.0306799999999998,1.15037,1.02077,1.18203
hbt_bcs_mismatch/novdd/-40C/mc48,728056802,8e-05,0.844256,1.0323824999999998,1.1522725,1.0224637499999998,1.1839899999999999
hbt_bcs_mismatch/novdd/-40C/mc49,584072588,2.5e-06,0.771331,0.9958839999999999,1.1040119999999998,1.042436,0.972688
hbt_bcs_mismatch/novdd/-40C/mc49,584072588,1e-05,0.799674,0.9963439999999999,1.10452,1.0429199999999998,0.973136
hbt_bcs_mismatch/novdd/-40C/mc49,584072588,8e-05,0.843485,0.9979699999999999,1.1063249999999998,1.0446199999999999,0.9747237499999999
hbt_bcs_mismatch/novdd/27C/mc0,196756791,2.5e-06,0.679422,0.901824,0.9227119999999999,0.9541559999999998,0.7259559999999999
hbt_bcs_mismatch/novdd/27C/mc0,196756791,1e-05,0.716256,0.9023579999999999,0.9232589999999999,0.954722,0.7263879999999999
hbt_bcs_mismatch/novdd/27C/mc0,196756791,8e-05,0.772618,0.90484875,0.9258075,0.9573574999999999,0.7283924999999999
hbt_bcs_mismatch/novdd/27C/mc1,1402140871,2.5e-06,0.681587,0.8613279999999999,0.9561759999999999,1.043364,0.848468
hbt_bcs_mismatch/novdd/27C/mc1,1402140871,1e-05,0.718433,0.861872,0.9567819999999999,1.04403,0.8490039999999999
hbt_bcs_mismatch/novdd/27C/mc1,1402140871,8e-05,0.77491,0.86437,0.95955625,1.0470525,0.8514649999999999
hbt_bcs_mismatch/novdd/27C/mc2,1621811337,2.5e-06,0.685661,1.031904,1.0595439999999998,1.107532,0.859448
hbt_bcs_mismatch/novdd/27C/mc2,1621811337,1e-05,0.722533,1.03264,1.0602999999999998,1.1083199999999997,0.8600599999999999
hbt_bcs_mismatch/novdd/27C/mc2,1621811337,8e-05,0.779251,1.03590375,1.063655,1.11182625,0.8627787499999999
hbt_bcs_mismatch/novdd/27C/mc3,1214311815,2.5e-06,0.685249,1.1026,1.026716,1.0360079999999998,1.216888
hbt_bcs_mismatch/novdd/27C/mc3,1214311815,1e-05,0.722118,1.1034,1.0274599999999998,1.03676,1.21777
hbt_bcs_mismatch/novdd/27C/mc3,1214311815,8e-05,0.77881,1.10687125,1.0306924999999998,1.04002125,1.2216037499999999
hbt_bcs_mismatch/novdd/27C/mc4,255474241,2.5e-06,0.68132,0.8092079999999999,0.892188,0.7957359999999999,0.8503879999999999
hbt_bcs_mismatch/novdd/27C/mc4,255474241,1e-05,0.718164,0.8097019999999999,0.8927339999999999,0.7962219999999999,0.850909
hbt_bcs_mismatch/novdd/27C/mc4,255474241,8e-05,0.774625,0.8120237499999999,0.8952937499999999,0.798505,0.8533487499999999
hbt_bcs_mismatch/novdd/27C/mc5,1630996414,2.5e-06,0.680072,0.8642319999999999,0.8878079999999998,0.7312839999999999,0.8580679999999998
hbt_bcs_mismatch/novdd/27C/mc5,1630996414,1e-05,0.716909,0.8647449999999999,0.888335,0.731719,0.8585769999999999
hbt_bcs_mismatch/novdd/27C/mc5,1630996414,8e-05,0.773305,0.8671587499999999,0.890815,0.7337625,0.86097375
hbt_bcs_mismatch/novdd/27C/mc6,1574227275,2.5e-06,0.677486,0.677044,0.745992,0.744916,0.754304
hbt_bcs_mismatch/novdd/27C/mc6,1574227275,1e-05,0.71431,0.6774069999999999,0.746393,0.7453159999999999,0.7547079999999999
hbt_bcs_mismatch/novdd/27C/mc6,1574227275,8e-05,0.770578,0.6791824999999999,0.74834875,0.7472687499999999,0.75668625
hbt_bcs_mismatch/novdd/27C/mc7,146878419,2.5e-06,0.684073,1.189056,0.967148,0.918516,1.0942359999999998
hbt_bcs_mismatch/novdd/27C/mc7,146878419,1e-05,0.720934,1.1898799999999998,0.967818,0.9191509999999999,1.095
hbt_bcs_mismatch/novdd/27C/mc7,146878419,8e-05,0.777554,1.19353,0.9707875,0.9219712499999999,1.09835625
hbt_bcs_mismatch/novdd/27C/mc8,1446696925,2.5e-06,0.680767,0.8840119999999999,0.9832679999999999,0.947104,0.919252
hbt_bcs_mismatch/novdd/27C/mc8,1446696925,1e-05,0.717608,0.8845639999999999,0.9838779999999999,0.9476929999999999,0.9198219999999998
hbt_bcs_mismatch/novdd/27C/mc8,1446696925,8e-05,0.774041,0.8870849999999999,0.9866824999999999,0.9503937499999999,0.9224437499999999
hbt_bcs_mismatch/novdd/27C/mc9,843066190,2.5e-06,0.685185,1.0468439999999999,0.940444,1.2841359999999997,1.0771319999999998
hbt_bcs_mismatch/novdd/27C/mc9,843066190,1e-05,0.722054,1.0475999999999999,0.94112,1.2850599999999999,1.07791
hbt_bcs_mismatch/novdd/27C/mc9,843066190,8e-05,0.778742,1.0508912499999998,0.94407875,1.2891,1.0812962499999998
hbt_bcs_mismatch/novdd/27C/mc10,110732840,2.5e-06,0.683729,0.9773439999999999,0.948276,0.8914799999999999,0.880572
hbt_bcs_mismatch/novdd/27C/mc10,110732840,1e-05,0.720588,0.9779949999999998,0.948908,0.892072,0.8811589999999999
hbt_bcs_mismatch/novdd/27C/mc10,110732840,8e-05,0.777187,0.9809574999999999,0.9517812499999999,0.8947737499999999,0.8838274999999999
hbt_bcs_mismatch/novdd/27C/mc11,696966491,2.5e-06,0.684692,0.974644,1.063444,1.2156719999999999,1.058196
hbt_bcs_mismatch/novdd/27C/mc11,696966491,1e-05,0.721557,0.9753369999999999,1.0642,1.21653,1.0589499999999998
hbt_bcs_mismatch/novdd/27C/mc11,696966491,8e-05,0.778214,0.9783724999999999,1.06751125,1.2203199999999998,1.06224375
hbt_bcs_mismatch/novdd/27C/mc12,566713415,2.5e-06,0.680366,0.7873199999999999,1.004988,0.944004,0.7610279999999999
hbt_bcs_mismatch/novdd/27C/mc12,566713415,1e-05,0.717205,0.7877959999999999,1.0055999999999998,0.9445759999999999,0.7614899999999999
hbt_bcs_mismatch/novdd/27C/mc12,566713415,8e-05,0.773616,0.7900149999999999,1.00842875,0.9472362499999999,0.763635
hbt_bcs_mismatch/novdd/27C/mc13,2024683225,2.5e-06,0.686756,1.0395759999999998,1.3012439999999998,1.1308399999999998,1.1876799999999998
hbt_bcs_mismatch/novdd/27C/mc13,2024683225,1e-05,0.723636,1.04036,1.30223,1.1317,1.18858
hbt_bcs_mismatch/novdd/27C/mc13,2024683225,8e-05,0.780426,1.0437474999999998,1.306475,1.1353799999999998,1.1924474999999999
hbt_bcs_mismatch/novdd/27C/mc14,978348535,2.5e-06,0.682459,0.9874399999999999,1.068792,1.0128759999999999,0.9640919999999998
hbt_bcs_mismatch/novdd/27C/mc14,978348535,1e-05,0.719311,0.9880939999999999,1.0695,1.01355,0.9647299999999999
hbt_bcs_mismatch/novdd/27C/mc14,978348535,8e-05,0.775836,0.9910237499999999,1.0726687499999998,1.01655125,0.96759
hbt_bcs_mismatch/novdd/27C/mc15,1118757219,2.5e-06,0.683646,1.0700999999999998,0.888296,0.9041519999999998,1.1460919999999999
hbt_bcs_mismatch/novdd/27C/mc15,1118757219,1e-05,0.720505,1.0708199999999999,0.8889,0.904764,1.14687
hbt_bcs_mismatch/novdd/27C/mc15,1118757219,8e-05,0.777099,1.0740762499999998,0.8915987499999999,0.9075112499999999,1.1503525
hbt_bcs_mismatch/novdd/27C/mc16,438737806,2.5e-06,0.684241,0.8111319999999999,1.040808,1.099008,1.0105039999999998
hbt_bcs_mismatch/novdd/27C/mc16,438737806,1e-05,0.721103,0.8116889999999999,1.04152,1.0997599999999998,1.0112
hbt_bcs_mismatch/novdd/27C/mc16,438737806,8e-05,0.777732,0.8141812499999999,1.0447199999999999,1.1031387499999998,1.0143024999999999
hbt_bcs_mismatch/novdd/27C/mc17,1545802629,2.5e-06,0.684309,0.994548,0.89392,1.098892,0.958984
hbt_bcs_mismatch/novdd/27C/mc17,1545802629,1e-05,0.721172,0.9952299999999998,0.8945339999999999,1.09965,0.9596419999999999
hbt_bcs_mismatch/novdd/27C/mc17,1545802629,8e-05,0.777805,0.99829,0.8972849999999999,1.1030287499999998,0.9625925
hbt_bcs_mismatch/novdd/27C/mc18,1206725514,2.5e-06,0.68436,1.109828,1.080892,0.927696,0.9503879999999998
hbt_bcs_mismatch/novdd/27C/mc18,1206725514,1e-05,0.721223,1.1105999999999998,1.08164,0.928338,0.9510449999999999
hbt_bcs_mismatch/novdd/27C/mc18,1206725514,8e-05,0.77786,1.11402,1.08497625,0.93119875,0.95397625
hbt_bcs_mismatch/novdd/27C/mc19,1583878377,2.5e-06,0.686141,1.19498,1.142208,1.181228,1.2069799999999997
hbt_bcs_mismatch/novdd/27C/mc19,1583878377,1e-05,0.723016,1.1958799999999998,1.14307,1.1821199999999998,1.20789
hbt_bcs_mismatch/novdd/27C/mc19,1583878377,8e-05,0.779766,1.1997274999999998,1.14674375,1.18592125,1.2117725
hbt_bcs_mismatch/novdd/27C/mc20,1172960654,2.5e-06,0.681683,0.970204,0.858404,1.03114,0.80482
hbt_bcs_mismatch/novdd/27C/mc20,1172960654,1e-05,0.71853,0.970818,0.8589479999999999,1.03179,0.805329
hbt_bcs_mismatch/novdd/27C/mc20,1172960654,8e-05,0.775011,0.9736362499999999,0.8614412499999998,1.0347875,0.8076662499999998
hbt_bcs_mismatch/novdd/27C/mc21,1113218131,2.5e-06,0.683584,1.112728,1.0507479999999998,1.1435719999999998,0.9143759999999999
hbt_bcs_mismatch/novdd/27C/mc21,1113218131,1e-05,0.720442,1.11349,1.05147,1.1443599999999998,0.9150039999999999
hbt_bcs_mismatch/novdd/27C/mc21,1113218131,8e-05,0.777033,1.1168812499999998,1.0546674999999999,1.1478387499999998,0.9177862499999999
hbt_bcs_mismatch/novdd/27C/mc22,1059897427,2.5e-06,0.682076,0.9473079999999998,0.8696759999999999,0.9241119999999999,0.883164
hbt_bcs_mismatch/novdd/27C/mc22,1059897427,1e-05,0.718925,0.947913,0.8702279999999999,0.924701,0.883725
hbt_bcs_mismatch/novdd/27C/mc22,1059897427,8e-05,0.775428,0.950685,0.8727724999999998,0.92740625,0.88630875
hbt_bcs_mismatch/novdd/27C/mc23,1366625488,2.5e-06,0.68024,0.8012239999999999,0.9839359999999999,0.941332,0.845804
hbt_bcs_mismatch/novdd/27C/mc23,1366625488,1e-05,0.717079,0.8017099999999999,0.9845349999999999,0.941902,0.846317
hbt_bcs_mismatch/novdd/27C/mc23,1366625488,8e-05,0.773483,0.8039649999999999,0.9873037499999998,0.94455125,0.8486975
hbt_bcs_mismatch/novdd/27C/mc24,1368797132,2.5e-06,0.68337,1.006572,1.051988,1.0289439999999999,1.0432759999999999
hbt_bcs_mismatch/novdd/27C/mc24,1368797132,1e-05,0.720227,1.00726,1.0527099999999998,1.02965,1.04398
hbt_bcs_mismatch/novdd/27C/mc24,1368797132,8e-05,0.776805,1.01030125,1.05588875,1.03276,1.04714125
hbt_bcs_mismatch/novdd/27C/mc25,752337223,2.5e-06,0.681223,1.0698959999999997,0.967516,0.7456039999999999,0.8434559999999999
hbt_bcs_mismatch/novdd/27C/mc25,752337223,1e-05,0.718067,1.07056,0.9681179999999999,0.746068,0.843981
hbt_bcs_mismatch/novdd/27C/mc25,752337223,8e-05,0.774524,1.07363875,0.9708999999999999,0.7482112499999999,0.8464062499999999
hbt_bcs_mismatch/novdd/27C/mc26,1323552952,2.5e-06,0.684966,1.0294999999999999,0.9804679999999999,1.0197159999999998,0.9813399999999999
hbt_bcs_mismatch/novdd/27C/mc26,1323552952,1e-05,0.721834,1.03022,0.9811559999999999,1.02043,0.9820269999999999
hbt_bcs_mismatch/novdd/27C/mc26,1323552952,8e-05,0.778507,1.0334325,0.984215,1.02361,0.98508875
hbt_bcs_mismatch/novdd/27C/mc27,962395447,2.5e-06,0.684114,0.83178,1.1573079999999998,1.0412439999999998,1.113484
hbt_bcs_mismatch/novdd/27C/mc27,962395447,1e-05,0.720976,0.8323549999999998,1.15811,1.0419599999999998,1.11426
hbt_bcs_mismatch/novdd/27C/mc27,962395447,8e-05,0.777598,0.83491125,1.1616674999999999,1.0451625,1.1176787499999998
hbt_bcs_mismatch/novdd/27C/mc28,1313402246,2.5e-06,0.678576,0.952008,0.844712,0.86346,0.7770039999999999
hbt_bcs_mismatch/novdd/27C/mc28,1313402246,1e-05,0.715406,0.9525559999999998,0.8451979999999999,0.8639599999999998,0.7774519999999999
hbt_bcs_mismatch/novdd/27C/mc28,1313402246,8e-05,0.771726,0.9551349999999998,0.8474875000000001,0.8663,0.7795575
hbt_bcs_mismatch/novdd/27C/mc29,35885399,2.5e-06,0.689692,1.2719239999999998,1.1354799999999998,1.2184439999999999,1.1708839999999998
hbt_bcs_mismatch/novdd/27C/mc29,35885399,1e-05,0.726594,1.27297,1.13641,1.2194399999999999,1.1718399999999998
hbt_bcs_mismatch/novdd/27C/mc29,35885399,8e-05,0.783589,1.2773624999999997,1.1403299999999998,1.22365,1.1758825
hbt_bcs_mismatch/novdd/27C/mc30,1723657999,2.5e-06,0.682973,0.9569079999999999,0.7676319999999999,0.9545559999999998,1.053524
hbt_bcs_mismatch/novdd/27C/mc30,1723657999,1e-05,0.719827,0.957533,0.7681339999999999,0.9551829999999999,1.05422
hbt_bcs_mismatch/novdd/27C/mc30,1723657999,8e-05,0.776381,0.9603899999999999,0.77042625,0.9580337499999999,1.05736125
hbt_bcs_mismatch/novdd/27C/mc31,77170196,2.5e-06,0.67899,0.8416879999999999,0.898264,0.836556,0.880584
hbt_bcs_mismatch/novdd/27C/mc31,77170196,1e-05,0.715821,0.842179,0.898787,0.837043,0.8810979999999998
hbt_bcs_mismatch/novdd/27C/mc31,77170196,8e-05,0.772162,0.8444799999999999,0.9012437499999999,0.83933125,0.8835062499999999
hbt_bcs_mismatch/novdd/27C/mc32,2125149123,2.5e-06,0.680814,0.983416,0.885112,0.8626519999999999,0.9590479999999999
hbt_bcs_mismatch/novdd/27C/mc32,2125149123,1e-05,0.717656,0.984026,0.885662,0.863188,0.9596439999999998
hbt_bcs_mismatch/novdd/27C/mc32,2125149123,8e-05,0.77409,0.9868324999999999,0.8881875,0.86564875,0.9623799999999998
hbt_bcs_mismatch/novdd/27C/mc33,1145329188,2.5e-06,0.682455,1.0035599999999998,1.035008,0.9062279999999999,0.840876
hbt_bcs_mismatch/novdd/27C/mc33,1145329188,1e-05,0.719306,1.0042099999999998,1.03568,0.906815,0.841421
hbt_bcs_mismatch/novdd/27C/mc33,1145329188,8e-05,0.775831,1.00718125,1.03874125,0.9094949999999999,0.8439062499999999
hbt_bcs_mismatch/novdd/27C/mc34,759938179,2.5e-06,0.681292,0.9450639999999999,0.9105599999999999,0.9313839999999999,1.048876
hbt_bcs_mismatch/novdd/27C/mc34,759938179,1e-05,0.718137,0.945665,0.9111389999999999,0.9319749999999999,1.04954
hbt_bcs_mismatch/novdd/27C/mc34,759938179,8e-05,0.774597,0.9483949999999999,0.9137687499999999,0.9346649999999999,1.0525725
hbt_bcs_mismatch/novdd/27C/mc35,1690340019,2.5e-06,0.681185,0.9534159999999999,0.9410679999999999,0.883388,0.7815719999999999
hbt_bcs_mismatch/novdd/27C/mc35,1690340019,1e-05,0.718029,0.954008,0.941653,0.883937,0.7820549999999998
hbt_bcs_mismatch/novdd/27C/mc35,1690340019,8e-05,0.774483,0.9567437499999999,0.9443537499999999,0.8864724999999999,0.7842974999999999
hbt_bcs_mismatch/novdd/27C/mc36,692485677,2.5e-06,0.678678,0.83376,0.942876,0.8030759999999999,0.882724
hbt_bcs_mismatch/novdd/27C/mc36,692485677,1e-05,0.715508,0.8342449999999999,0.9434219999999999,0.8035399999999999,0.883235
hbt_bcs_mismatch/novdd/27C/mc36,692485677,8e-05,0.771834,0.83651,0.9459837499999999,0.8057212499999999,0.8856324999999999
hbt_bcs_mismatch/novdd/27C/mc37,1324675462,2.5e-06,0.687196,1.178256,1.20752,1.2019,1.148048
hbt_bcs_mismatch/novdd/27C/mc37,1324675462,1e-05,0.724079,1.17916,1.2084499999999998,1.2028199999999998,1.14893
hbt_bcs_mismatch/novdd/27C/mc37,1324675462,8e-05,0.780899,1.1830349999999998,1.2124199999999998,1.20677375,1.1527049999999999
hbt_bcs_mismatch/novdd/27C/mc38,1097429009,2.5e-06,0.68278,0.958216,1.074724,0.97176,1.0523639999999999
hbt_bcs_mismatch/novdd/27C/mc38,1097429009,1e-05,0.719634,0.9588549999999999,1.07544,0.9724079999999998,1.05307
hbt_bcs_mismatch/novdd/27C/mc38,1097429009,8e-05,0.776177,0.9617174999999999,1.07865375,0.97531125,1.0562099999999999
hbt_bcs_mismatch/novdd/27C/mc39,1761105954,2.5e-06,0.684449,1.070776,0.960452,1.33172,0.8681959999999999
hbt_bcs_mismatch/novdd/27C/mc39,1761105954,1e-05,0.721313,1.0715299999999999,0.9611239999999999,1.33266,0.8688059999999999
hbt_bcs_mismatch/novdd/27C/mc39,1761105954,8e-05,0.777956,1.074845,0.96409875,1.3367749999999998,0.8714937499999998
hbt_bcs_mismatch/novdd/27C/mc40,1800797554,2.5e-06,0.682639,0.7747279999999999,0.901156,0.9838479999999998,0.9094519999999999
hbt_bcs_mismatch/novdd/27C/mc40,1800797554,1e-05,0.719491,0.7752269999999999,0.9017329999999999,0.9844799999999998,0.9100369999999999
hbt_bcs_mismatch/novdd/27C/mc40,1800797554,8e-05,0.776026,0.77751875,0.9044,0.9873912499999998,0.9127274999999999
hbt_bcs_mismatch/novdd/27C/mc41,132637095,2.5e-06,0.684255,0.8737799999999999,0.8926399999999999,1.074056,0.929912
hbt_bcs_mismatch/novdd/27C/mc41,132637095,1e-05,0.721117,0.8743729999999998,0.8932439999999999,1.07478,0.930542
hbt_bcs_mismatch/novdd/27C/mc41,132637095,8e-05,0.777747,0.8770524999999999,0.8959812499999998,1.0780775,0.9333937499999999
hbt_bcs_mismatch/novdd/27C/mc42,1797410108,2.5e-06,0.681402,0.8908599999999999,0.8916639999999999,1.0016839999999998,0.9316399999999999
hbt_bcs_mismatch/novdd/27C/mc42,1797410108,1e-05,0.718247,0.89142,0.892226,1.0023199999999999,0.9322280000000001
hbt_bcs_mismatch/novdd/27C/mc42,1797410108,8e-05,0.774714,0.8939937499999999,0.8948025,1.00521125,0.9349212499999998
hbt_bcs_mismatch/novdd/27C/mc43,514638881,2.5e-06,0.681384,0.9168999999999999,0.969116,1.101008,0.9226199999999999
hbt_bcs_mismatch/novdd/27C/mc43,514638881,1e-05,0.718229,0.9174879999999999,0.9697349999999999,1.10171,0.923209
hbt_bcs_mismatch/novdd/27C/mc43,514638881,8e-05,0.774695,0.92014375,0.9725425,1.1049037499999999,0.9258824999999999
hbt_bcs_mismatch/novdd/27C/mc44,366383655,2.5e-06,0.684778,1.004564,1.1688999999999998,1.1316799999999998,1.0375999999999999
hbt_bcs_mismatch/novdd/27C/mc44,366383655,1e-05,0.721644,1.00528,1.16973,1.13248,1.0383399999999998
hbt_bcs_mismatch/novdd/27C/mc44,366383655,8e-05,0.778306,1.00841625,1.1733799999999999,1.1360175,1.0415762499999999
hbt_bcs_mismatch/novdd/27C/mc45,673838125,2.5e-06,0.684358,1.2879319999999999,0.863928,1.005564,0.9659839999999998
hbt_bcs_mismatch/novdd/27C/mc45,673838125,1e-05,0.721221,1.28883,0.864528,1.00626,0.966656
hbt_bcs_mismatch/novdd/27C/mc45,673838125,8e-05,0.777858,1.2928,0.86719375,1.0093675,0.9696375
hbt_bcs_mismatch/novdd/27C/mc46,567637642,2.5e-06,0.683214,1.1349919999999998,1.0560559999999999,0.99418,0.7886039999999999
hbt_bcs_mismatch/novdd/27C/mc46,567637642,1e-05,0.72007,1.1357499999999998,1.05676,0.9948449999999999,0.789132
hbt_bcs_mismatch/novdd/27C/mc46,567637642,8e-05,0.776639,1.1391699999999998,1.0599425,0.9978375,0.79150625
hbt_bcs_mismatch/novdd/27C/mc47,596297469,2.5e-06,0.684971,1.020896,1.0259479999999999,1.039316,0.9749519999999999
hbt_bcs_mismatch/novdd/27C/mc47,596297469,1e-05,0.721838,1.02161,1.02667,1.04005,0.9756359999999998
hbt_bcs_mismatch/novdd/27C/mc47,596297469,8e-05,0.778512,1.02479875,1.0298725,1.04329125,0.9786787499999999
hbt_bcs_mismatch/novdd/27C/mc48,1420514964,2.5e-06,0.686363,1.1051119999999999,1.2535239999999999,1.2521919999999997,1.170216
hbt_bcs_mismatch/novdd/27C/mc48,1420514964,1e-05,0.72324,1.10595,1.25448,1.25314,1.1711
hbt_bcs_mismatch/novdd/27C/mc48,1420514964,8e-05,0.780004,1.1095249999999999,1.2585374999999999,1.2571875,1.17489125
hbt_bcs_mismatch/novdd/27C/mc49,558442064,2.5e-06,0.682523,0.95332,0.9604919999999999,0.8572839999999999,0.916288
hbt_bcs_mismatch/novdd/27C/mc49,558442064,1e-05,0.719374,0.9539369999999999,0.9611139999999999,0.8578389999999999,0.9168799999999998
hbt_bcs_mismatch/novdd/27C/mc49,558442064,8e-05,0.775903,0.9567549999999999,0.9639537499999999,0.8603737499999999,0.91958875
hbt_bcs_mismatch/novdd/125C/mc0,632495118,2.5e-06,0.546256,1.1122599999999998,1.172192,0.9434359999999998,0.882196
hbt_bcs_mismatch/novdd/125C/mc0,632495118,1e-05,0.595916,1.11317,1.17315,0.9442079999999998,0.882918
hbt_bcs_mismatch/novdd/125C/mc0,632495118,8e-05,0.671814,1.1180712499999998,1.17831625,0.9483637499999998,0.886805
hbt_bcs_mismatch/novdd/125C/mc1,568529825,2.5e-06,0.544803,0.884828,1.001096,0.9215199999999999,0.883768
hbt_bcs_mismatch/novdd/125C/mc1,568529825,1e-05,0.594456,0.8855129999999999,1.0018699999999998,0.9222349999999999,0.8844529999999999
hbt_bcs_mismatch/novdd/125C/mc1,568529825,8e-05,0.670287,0.8892987499999999,1.006155,0.9261774999999999,0.8882337499999999
hbt_bcs_mismatch/novdd/125C/mc2,1261334217,2.5e-06,0.549671,1.1387359999999997,1.1409759999999998,1.206168,1.124368
hbt_bcs_mismatch/novdd/125C/mc2,1261334217,1e-05,0.59935,1.1397599999999999,1.142,1.20725,1.12538
hbt_bcs_mismatch/novdd/125C/mc2,1261334217,8e-05,0.675416,1.14510875,1.14736,1.2129174999999999,1.13066125
hbt_bcs_mismatch/novdd/125C/mc3,1693268675,2.5e-06,0.546549,0.96816,1.025768,1.049424,0.9608679999999999
hbt_bcs_mismatch/novdd/125C/mc3,1693268675,1e-05,0.59621,0.9689509999999999,1.0266099999999998,1.0502799999999999,0.9616509999999998
hbt_bcs_mismatch/novdd/125C/mc3,1693268675,8e-05,0.672122,0.9732362499999998,1.0311449999999998,1.0549262499999998,0.9659049999999999
hbt_bcs_mismatch/novdd/125C/mc4,354382938,2.5e-06,0.543721,0.8765959999999998,1.056736,0.93184,1.150296
hbt_bcs_mismatch/novdd/125C/mc4,354382938,1e-05,0.593368,0.877273,1.05755,0.932561,1.1511799999999999
hbt_bcs_mismatch/novdd/125C/mc4,354382938,8e-05,0.669152,0.88095625,1.06199375,0.9364775,1.15601625
hbt_bcs_mismatch/novdd/125C/mc5,1843886566,2.5e-06,0.54356,0.9946959999999999,0.7547479999999999,1.0334919999999999,0.81114
hbt_bcs_mismatch/novdd/125C/mc5,1843886566,1e-05,0.593206,0.9954429999999999,0.755312,1.03427,0.811746
hbt_bcs_mismatch/novdd/125C/mc5,1843886566,8e-05,0.668982,0.9995987499999999,0.758465,1.0385849999999999,0.8151349999999998
hbt_bcs_mismatch/novdd/125C/mc6,1752722620,2.5e-06,0.54361,1.031612,1.017576,0.944144,1.054948
hbt_bcs_mismatch/novdd/125C/mc6,1752722620,1e-05,0.593257,1.0324099999999998,1.01836,0.944871,1.05576
hbt_bcs_mismatch/novdd/125C/mc6,1752722620,8e-05,0.669036,1.03673625,1.0226325,0.9488325,1.0601862499999999
hbt_bcs_mismatch/novdd/125C/mc7,117166348,2.5e-06,0.552289,1.1759079999999997,1.0489519999999999,1.106176,0.826896
hbt_bcs_mismatch/novdd/125C/mc7,117166348,1e-05,0.601982,1.177,1.0499199999999997,1.1072,0.8276619999999999
hbt_bcs_mismatch/novdd/125C/mc7,117166348,8e-05,0.678187,1.1827712499999998,1.055075,1.11263,0.8317225
hbt_bcs_mismatch/novdd/125C/mc8,184155813,2.5e-06,0.542786,0.766744,0.9044519999999998,1.0478759999999998,0.915424
hbt_bcs_mismatch/novdd/125C/mc8,184155813,1e-05,0.592428,0.7673099999999998,0.905122,1.0486499999999999,0.916102
hbt_bcs_mismatch/novdd/125C/mc8,184155813,8e-05,0.668171,0.7704674999999999,0.90884625,1.0529674999999998,0.9198725
hbt_bcs_mismatch/novdd/125C/mc9,1725369841,2.5e-06,0.549358,1.1180359999999998,0.9754839999999999,1.027304,1.136976
hbt_bcs_mismatch/novdd/125C/mc9,1725369841,1e-05,0.599035,1.11902,0.976338,1.0282099999999998,1.13797
hbt_bcs_mismatch/novdd/125C/mc9,1725369841,8e-05,0.675085,1.1242325,0.9808862499999998,1.0329962499999998,1.1432749999999998
hbt_bcs_mismatch/novdd/125C/mc10,298784537,2.5e-06,0.547677,1.0817359999999998,1.0187439999999999,0.9799759999999998,1.103216
hbt_bcs_mismatch/novdd/125C/mc10,298784537,1e-05,0.597344,1.08265,1.01961,0.9808019999999998,1.1041499999999997
hbt_bcs_mismatch/novdd/125C/mc10,298784537,8e-05,0.67331,1.08754375,1.0242125,0.985235,1.10913625
hbt_bcs_mismatch/novdd/125C/mc11,1683894798,2.5e-06,0.548927,0.979108,1.0324119999999999,0.836912,1.138596
hbt_bcs_mismatch/novdd/125C/mc11,1683894798,1e-05,0.598601,0.979945,1.03329,0.8376279999999999,1.13957
hbt_bcs_mismatch/novdd/125C/mc11,1683894798,8e-05,0.674629,0.98447,1.03806625,0.8414949999999999,1.1448337499999999
hbt_bcs_mismatch/novdd/125C/mc12,1590536431,2.5e-06,0.549538,1.2536919999999998,1.053788,1.170056,0.90464
hbt_bcs_mismatch/novdd/125C/mc12,1590536431,1e-05,0.599216,1.2548,1.0547199999999999,1.17109,0.905439
hbt_bcs_mismatch/novdd/125C/mc12,1590536431,8e-05,0.675275,1.2606749999999998,1.0596537499999998,1.17657,0.909675
hbt_bcs_mismatch/novdd/125C/mc13,457842775,2.5e-06,0.546569,0.9448679999999999,0.9105439999999999,0.8647279999999999,0.8598319999999999
hbt_bcs_mismatch/novdd/125C/mc13,457842775,1e-05,0.59623,0.9456199999999999,0.9112689999999999,0.865416,0.8605189999999999
hbt_bcs_mismatch/novdd/125C/mc13,457842775,8e-05,0.672142,0.9497924999999998,0.9152912499999999,0.8692349999999999,0.8643175
hbt_bcs_mismatch/novdd/125C/mc14,1695913888,2.5e-06,0.546448,0.84012,0.9890959999999999,0.930484,0.8792599999999999
hbt_bcs_mismatch/novdd/125C/mc14,1695913888,1e-05,0.596108,0.8407899999999999,0.9898849999999998,0.931225,0.879964
hbt_bcs_mismatch/novdd/125C/mc14,1695913888,8e-05,0.672015,0.8444937499999999,0.9942449999999999,0.9353275,0.88384
hbt_bcs_mismatch/novdd/125C/mc15,2111599256,2.5e-06,0.543093,0.7487999999999999,0.9748359999999999,0.9702639999999999,0.81342
hbt_bcs_mismatch/novdd/125C/mc15,2111599256,1e-05,0.592737,0.7493519999999999,0.9755579999999999,0.970981,0.81402
hbt_bcs_mismatch/novdd/125C/mc15,2111599256,8e-05,0.668492,0.7524512499999999,0.9795912499999999,0.97499625,0.81738625
hbt_bcs_mismatch/novdd/125C/mc16,2011822544,2.5e-06,0.548447,1.1471959999999999,1.382388,1.09208,0.9251799999999999
hbt_bcs_mismatch/novdd/125C/mc16,2011822544,1e-05,0.598119,1.1481999999999999,1.3835999999999997,1.09303,0.925989
hbt_bcs_mismatch/novdd/125C/mc16,2011822544,8e-05,0.674123,1.15346875,1.3899499999999998,1.0980524999999999,0.9302412499999999
hbt_bcs_mismatch/novdd/125C/mc17,1009999049,2.5e-06,0.553569,1.2285359999999999,1.3053119999999998,1.2369759999999999,1.175196
hbt_bcs_mismatch/novdd/125C/mc17,1009999049,1e-05,0.603271,1.2297399999999998,1.3066,1.2381999999999997,1.17635
hbt_bcs_mismatch/novdd/125C/mc17,1009999049,8e-05,0.679549,1.2359324999999999,1.313175,1.2444262499999998,1.18227
hbt_bcs_mismatch/novdd/125C/mc18,1240952413,2.5e-06,0.543626,1.024332,0.8969239999999999,0.9788039999999999,0.9034039999999999
hbt_bcs_mismatch/novdd/125C/mc18,1240952413,1e-05,0.593273,1.02511,0.8976059999999999,0.9795469999999998,0.9040919999999999
hbt_bcs_mismatch/novdd/125C/mc18,1240952413,8e-05,0.669052,1.0294012499999998,0.9013624999999998,0.9836474999999999,0.9078762499999998
hbt_bcs_mismatch/novdd/125C/mc19,1954473192,2.5e-06,0.551027,1.169732,1.11896,1.1521679999999999,0.9542759999999999
hbt_bcs_mismatch/novdd/125C/mc19,1954473192,1e-05,0.600714,1.1707999999999998,1.11998,1.15322,0.955148
hbt_bcs_mismatch/novdd/125C/mc19,1954473192,8e-05,0.676851,1.17642125,1.1253624999999998,1.1587587499999998,0.9597362499999998
hbt_bcs_mismatch/novdd/125C/mc20,918483133,2.5e-06,0.547154,0.9241199999999999,0.893472,0.975192,1.1316719999999998
hbt_bcs_mismatch/novdd/125C/mc20,918483133,1e-05,0.596818,0.9248789999999999,0.8942059999999998,0.9759949999999998,1.1325999999999998
hbt_bcs_mismatch/novdd/125C/mc20,918483133,8e-05,0.672759,0.92901375,0.8982024999999999,0.9803575,1.1376662499999999
hbt_bcs_mismatch/novdd/125C/mc21,1413310313,2.5e-06,0.546102,0.995316,0.9277759999999999,0.84454,1.13312
hbt_bcs_mismatch/novdd/125C/mc21,1413310313,1e-05,0.595761,0.996118,0.928522,0.84522,1.1340299999999999
hbt_bcs_mismatch/novdd/125C/mc21,1413310313,8e-05,0.671652,1.0004849999999998,0.9325924999999999,0.8489249999999999,1.1390037499999999
hbt_bcs_mismatch/novdd/125C/mc22,107543260,2.5e-06,0.543336,0.956488,0.813744,0.8847479999999999,0.9178919999999998
hbt_bcs_mismatch/novdd/125C/mc22,107543260,1e-05,0.592981,0.9572009999999999,0.8143509999999999,0.8854059999999999,0.918576
hbt_bcs_mismatch/novdd/125C/mc22,107543260,8e-05,0.668747,0.9611787499999999,0.8177362499999999,0.88908625,0.92239375
hbt_bcs_mismatch/novdd/125C/mc23,898366126,2.5e-06,0.54641,0.867424,0.992144,1.167584,0.9309999999999999
hbt_bcs_mismatch/novdd/125C/mc23,898366126,1e-05,0.596071,0.868127,0.9929509999999998,1.1685299999999998,0.931757
hbt_bcs_mismatch/novdd/125C/mc23,898366126,8e-05,0.671976,0.8719562499999999,0.9973299999999999,1.1736862499999998,0.9358662499999999
hbt_bcs_mismatch/novdd/125C/mc24,1207030945,2.5e-06,0.546889,0.9636359999999999,0.9081039999999999,0.8596239999999999,1.013428
hbt_bcs_mismatch/novdd/125C/mc24,1207030945,1e-05,0.596552,0.964418,0.9088379999999999,0.860322,1.0142499999999999
hbt_bcs_mismatch/novdd/125C/mc24,1207030945,8e-05,0.672479,0.9687025,0.91287625,0.8641449999999999,1.0187575
hbt_bcs_mismatch/novdd/125C/mc25,939758248,2.5e-06,0.550269,1.322876,1.150388,0.9647199999999999,1.1104319999999999
hbt_bcs_mismatch/novdd/125C/mc25,939758248,1e-05,0.599951,1.3240699999999999,1.1514299999999997,0.965595,1.11144
hbt_bcs_mismatch/novdd/125C/mc25,939758248,8e-05,0.676048,1.33035,1.15689,0.97017375,1.1167075
hbt_bcs_mismatch/novdd/125C/mc26,1573003038,2.5e-06,0.543312,0.8608079999999999,0.8654399999999999,0.831428,0.7966559999999999
hbt_bcs_mismatch/novdd/125C/mc26,1573003038,1e-05,0.592957,0.8614419999999999,0.866076,0.832037,0.79724
hbt_bcs_mismatch/novdd/125C/mc26,1573003038,8e-05,0.668721,0.865015,0.86966875,0.8354887499999999,0.80054625
hbt_bcs_mismatch/novdd/125C/mc27,215713151,2.5e-06,0.544701,0.9793759999999999,1.102604,0.933768,1.0122719999999998
hbt_bcs_mismatch/novdd/125C/mc27,215713151,1e-05,0.594354,0.9801459999999999,1.10347,0.934504,1.01307
hbt_bcs_mismatch/novdd/125C/mc27,215713151,8e-05,0.670181,0.9843374999999999,1.1081937499999999,0.9385,1.01740375
hbt_bcs_mismatch/novdd/125C/mc28,677565043,2.5e-06,0.544369,0.763044,0.8405719999999999,1.036536,0.9337879999999998
hbt_bcs_mismatch/novdd/125C/mc28,677565043,1e-05,0.594019,0.7636239999999999,0.841213,1.0373299999999999,0.934499
hbt_bcs_mismatch/novdd/125C/mc28,677565043,8e-05,0.66983,0.76685875,0.8447762499999999,1.04172125,0.9384575
hbt_bcs_mismatch/novdd/125C/mc29,1287542437,2.5e-06,0.552214,1.20738,1.1072119999999999,1.162056,0.9731079999999999
hbt_bcs_mismatch/novdd/125C/mc29,1287542437,1e-05,0.601907,1.20851,1.1082499999999997,1.1631399999999998,0.9740189999999999
hbt_bcs_mismatch/novdd/125C/mc29,1287542437,8e-05,0.678109,1.2144387499999998,1.11368375,1.16885,0.9787974999999999
hbt_bcs_mismatch/novdd/125C/mc30,1054120718,2.5e-06,0.543612,0.7986919999999998,0.744308,0.823484,0.860024
hbt_bcs_mismatch/novdd/125C/mc30,1054120718,1e-05,0.593258,0.7992759999999999,0.7448519999999998,0.824087,0.860655
hbt_bcs_mismatch/novdd/125C/mc30,1054120718,8e-05,0.669036,0.8026074999999998,0.74795625,0.8275212499999999,0.8642412499999998
hbt_bcs_mismatch/novdd/125C/mc31,389879025,2.5e-06,0.547985,1.1258759999999999,1.129416,1.202548,0.8626399999999999
hbt_bcs_mismatch/novdd/125C/mc31,389879025,1e-05,0.597655,1.1268399999999998,1.13038,1.2035799999999999,0.863377
hbt_bcs_mismatch/novdd/125C/mc31,389879025,8e-05,0.673636,1.13196375,1.1355224999999998,1.20905125,0.86730375
hbt_bcs_mismatch/novdd/125C/mc32,2038047374,2.5e-06,0.544191,1.076652,1.0013999999999998,0.923144,0.796952
hbt_bcs_mismatch/novdd/125C/mc32,2038047374,1e-05,0.59384,1.07748,1.0021699999999998,0.9238519999999999,0.7975659999999999
hbt_bcs_mismatch/novdd/125C/mc32,2038047374,8e-05,0.669644,1.0820375,1.00641,0.92776,0.80093875
hbt_bcs_mismatch/novdd/125C/mc33,269712133,2.5e-06,0.552028,1.0982919999999998,1.0677159999999999,1.318668,1.424496
hbt_bcs_mismatch/novdd/125C/mc33,269712133,1e-05,0.601721,1.09934,1.06873,1.31993,1.42586
hbt_bcs_mismatch/novdd/125C/mc33,269712133,8e-05,0.677913,1.1047274999999999,1.07396875,1.3263874999999998,1.4328374999999998
hbt_bcs_mismatch/novdd/125C/mc34,577144548,2.5e-06,0.545602,1.039656,1.040536,0.946464,1.0220799999999999
hbt_bcs_mismatch/novdd/125C/mc34,577144548,1e-05,0.595259,1.04049,1.04137,0.9472259999999999,1.0229
hbt_bcs_mismatch/novdd/125C/mc34,577144548,8e-05,0.671127,1.0450175,1.0458987499999999,0.9513449999999999,1.02735
hbt_bcs_mismatch/novdd/125C/mc35,570940436,2.5e-06,0.543165,0.964576,0.9047799999999999,0.8418919999999999,0.8961319999999999
hbt_bcs_mismatch/novdd/125C/mc35,570940436,1e-05,0.59281,0.9652939999999999,0.905454,0.842517,0.896801
hbt_bcs_mismatch/novdd/125C/mc35,570940436,8e-05,0.668569,0.9692949999999999,0.9092062499999999,0.8460075,0.9005174999999999
hbt_bcs_mismatch/novdd/125C/mc36,2033392434,2.5e-06,0.55251,1.1086159999999998,1.0823639999999999,1.190428,1.119188
hbt_bcs_mismatch/novdd/125C/mc36,2033392434,1e-05,0.602205,1.1096599999999999,1.0833899999999999,1.1915499999999999,1.12024
hbt_bcs_mismatch/novdd/125C/mc36,2033392434,8e-05,0.678423,1.1151349999999998,1.08872875,1.19743125,1.12576875
hbt_bcs_mismatch/novdd/125C/mc37,2126700213,2.5e-06,0.545226,0.820324,1.022924,1.130976,0.9693799999999999
hbt_bcs_mismatch/novdd/125C/mc37,2126700213,1e-05,0.594881,0.8209730000000001,1.0237299999999998,1.13187,0.9701489999999998
hbt_bcs_mismatch/novdd/125C/mc37,2126700213,8e-05,0.670731,0.824515,1.0281524999999998,1.13675625,0.974335
hbt_bcs_mismatch/novdd/125C/mc38,148854468,2.5e-06,0.551981,1.119732,1.042964,1.085544,1.125044
hbt_bcs_mismatch/novdd/125C/mc38,148854468,1e-05,0.601673,1.1207699999999998,1.04393,1.08655,1.1260899999999998
hbt_bcs_mismatch/novdd/125C/mc38,148854468,8e-05,0.677861,1.1262449999999997,1.0490312499999999,1.0918587499999999,1.1315899999999999
hbt_bcs_mismatch/novdd/125C/mc39,1286406660,2.5e-06,0.542591,0.896484,0.7903239999999999,0.8240679999999998,0.9056799999999998
hbt_bcs_mismatch/novdd/125C/mc39,1286406660,1e-05,0.592232,0.8971339999999999,0.7908989999999999,0.824668,0.9063359999999998
hbt_bcs_mismatch/novdd/125C/mc39,1286406660,8e-05,0.667967,0.9008062499999999,0.7941374999999999,0.82804375,0.9100462499999998
hbt_bcs_mismatch/novdd/125C/mc40,807791768,2.5e-06,0.54807,1.1575159999999998,1.1514759999999997,0.9170919999999999,1.120604
hbt_bcs_mismatch/novdd/125C/mc40,807791768,1e-05,0.59774,1.15851,1.1524699999999999,0.9178769999999999,1.12157
hbt_bcs_mismatch/novdd/125C/mc40,807791768,8e-05,0.673725,1.1637862499999998,1.1577149999999998,0.9220587499999999,1.1266749999999999
hbt_bcs_mismatch/novdd/125C/mc41,481730762,2.5e-06,0.545304,1.017488,0.8975759999999999,1.0508199999999999,0.980016
hbt_bcs_mismatch/novdd/125C/mc41,481730762,1e-05,0.594959,1.0183,0.8982889999999999,1.05166,0.980794
hbt_bcs_mismatch/novdd/125C/mc41,481730762,8e-05,0.670813,1.0226975,0.9021712499999999,1.0561999999999998,0.9850324999999999
hbt_bcs_mismatch/novdd/125C/mc42,1874645639,2.5e-06,0.548364,1.031968,1.0727079999999998,0.9532439999999999,1.1703919999999999
hbt_bcs_mismatch/novdd/125C/mc42,1874645639,1e-05,0.598035,1.0328499999999998,1.0736299999999999,0.9540609999999999,1.1714
hbt_bcs_mismatch/novdd/125C/mc42,1874645639,8e-05,0.674035,1.03758,1.0785425,0.9584262499999999,1.1767587499999999
hbt_bcs_mismatch/novdd/125C/mc43,1181856189,2.5e-06,0.547708,0.8696799999999999,1.1660599999999999,1.032652,1.020516
hbt_bcs_mismatch/novdd/125C/mc43,1181856189,1e-05,0.597375,0.8704099999999999,1.1670399999999999,1.03352,1.02137
hbt_bcs_mismatch/novdd/125C/mc43,1181856189,8e-05,0.673343,0.8743437499999999,1.1723149999999998,1.0381924999999999,1.02599
hbt_bcs_mismatch/novdd/125C/mc44,658682798,2.5e-06,0.538908,0.8447439999999998,0.834832,0.863976,0.695904
hbt_bcs_mismatch/novdd/125C/mc44,658682798,1e-05,0.588533,0.8453059999999999,0.8353869999999999,0.8645489999999999,0.6963659999999999
hbt_bcs_mismatch/novdd/125C/mc44,658682798,8e-05,0.664119,0.8485274999999999,0.8385699999999999,0.8678449999999999,0.6990199999999999
hbt_bcs_mismatch/novdd/125C/mc45,971039052,2.5e-06,0.544176,1.021952,0.922648,0.8345879999999999,0.9871439999999999
hbt_bcs_mismatch/novdd/125C/mc45,971039052,1e-05,0.593825,1.02273,0.9233539999999999,0.8352299999999999,0.987903
hbt_bcs_mismatch/novdd/125C/mc45,971039052,8e-05,0.669628,1.02705875,0.9272575,0.8387600000000001,0.99208
hbt_bcs_mismatch/novdd/125C/mc46,2018594143,2.5e-06,0.548569,0.905292,1.127236,0.8770359999999999,1.0657999999999999
hbt_bcs_mismatch/novdd/125C/mc46,2018594143,1e-05,0.598241,0.9060609999999999,1.1281899999999998,0.8777809999999999,1.0667
hbt_bcs_mismatch/novdd/125C/mc46,2018594143,8e-05,0.674251,0.9102175,1.1333699999999998,0.8818074999999999,1.0715975
hbt_bcs_mismatch/novdd/125C/mc47,1437855515,2.5e-06,0.542012,0.8871359999999999,0.641444,0.8020239999999998,0.8250079999999999
hbt_bcs_mismatch/novdd/125C/mc47,1437855515,1e-05,0.59165,0.8877609999999999,0.641898,0.8025909999999998,0.825588
hbt_bcs_mismatch/novdd/125C/mc47,1437855515,8e-05,0.66736,0.8913475,0.64449125,0.805835,0.8289249999999999
hbt_bcs_mismatch/novdd/125C/mc48,1671159235,2.5e-06,0.546064,1.0077479999999999,0.8778999999999999,1.00202,0.9841919999999998
hbt_bcs_mismatch/novdd/125C/mc48,1671159235,1e-05,0.595723,1.00856,0.878605,1.0028199999999998,0.9849819999999999
hbt_bcs_mismatch/novdd/125C/mc48,1671159235,8e-05,0.671612,1.012975,0.8824537499999998,1.0072174999999999,0.98929625
hbt_bcs_mismatch/novdd/125C/mc49,155680440,2.5e-06,0.54657,1.0983359999999998,1.0551519999999999,1.010068,0.8881519999999998
hbt_bcs_mismatch/novdd/125C/mc49,155680440,1e-05,0.596232,1.09924,1.0560199999999997,1.0109,0.8888789999999999
hbt_bcs_mismatch/novdd/125C/mc49,155680440,8e-05,0.672144,1.1041025,1.0606912499999999,1.01536875,0.8928137499999999
hbt_wcs_mismatch/novdd/-40C/mc0,135027039,2.5e-06,0.780141,0.993224,0.934836,0.9825799999999999,0.9713479999999999
hbt_wcs_mismatch/novdd/-40C/mc0,135027039,1e-05,0.808597,0.9938879999999999,0.9354629999999999,0.983239,0.9719989999999998
hbt_wcs_mismatch/novdd/-40C/mc0,135027039,8e-05,0.853403,0.9952149999999998,0.9367125,0.9845524999999998,0.9732974999999999
hbt_wcs_mismatch/novdd/-40C/mc1,980855401,2.5e-06,0.784197,1.179444,1.346444,1.3309279999999999,0.955
hbt_wcs_mismatch/novdd/-40C/mc1,980855401,1e-05,0.812713,1.18037,1.3475,1.3319699999999999,0.9557499999999999
hbt_wcs_mismatch/novdd/-40C/mc1,980855401,8e-05,0.858081,1.1819937499999997,1.34935,1.3337999999999999,0.95706375
hbt_wcs_mismatch/novdd/-40C/mc2,842239073,2.5e-06,0.780686,0.9499239999999999,1.009556,1.006744,0.9415279999999999
hbt_wcs_mismatch/novdd/-40C/mc2,842239073,1e-05,0.809149,0.9505649999999999,1.01024,1.0074199999999998,0.9421619999999998
hbt_wcs_mismatch/novdd/-40C/mc2,842239073,8e-05,0.854024,0.9518337499999998,1.01158375,1.0087674999999998,0.9434199999999999
hbt_wcs_mismatch/novdd/-40C/mc3,947365333,2.5e-06,0.784176,1.0128359999999998,1.131116,1.1150839999999997,1.06914
hbt_wcs_mismatch/novdd/-40C/mc3,947365333,1e-05,0.81269,1.01359,1.13195,1.11591,1.0699299999999998
hbt_wcs_mismatch/novdd/-40C/mc3,947365333,8e-05,0.858053,1.0149362499999999,1.13346125,1.1173987499999998,1.0713575
hbt_wcs_mismatch/novdd/-40C/mc4,1245842070,2.5e-06,0.781436,0.9244599999999998,0.986528,1.159932,0.986836
hbt_wcs_mismatch/novdd/-40C/mc4,1245842070,1e-05,0.809909,0.9251039999999998,0.9872119999999999,1.1607399999999999,0.98752
hbt_wcs_mismatch/novdd/-40C/mc4,1245842070,8e-05,0.854882,0.9263462499999998,0.9885375,1.1622962499999998,0.9888475
hbt_wcs_mismatch/novdd/-40C/mc5,1952564139,2.5e-06,0.781525,1.101152,0.961788,1.004416,0.9993399999999999
hbt_wcs_mismatch/novdd/-40C/mc5,1952564139,1e-05,0.81,1.1019199999999998,0.9624559999999999,1.0051199999999998,1.0000399999999998
hbt_wcs_mismatch/novdd/-40C/mc5,1952564139,8e-05,0.854985,1.1034,0.9637487499999999,1.0064674999999998,1.00138
hbt_wcs_mismatch/novdd/-40C/mc6,993218910,2.5e-06,0.781239,0.9045599999999999,0.9596879999999999,0.9669439999999999,1.070072
hbt_wcs_mismatch/novdd/-40C/mc6,993218910,1e-05,0.80971,0.9051719999999999,0.96034,0.9676009999999998,1.0708
hbt_wcs_mismatch/novdd/-40C/mc6,993218910,8e-05,0.854656,0.90637625,0.9616174999999999,0.9688874999999999,1.07222125
hbt_wcs_mismatch/novdd/-40C/mc7,1309743179,2.5e-06,0.779453,0.8847279999999998,0.9357479999999999,0.69522,1.00424
hbt_wcs_mismatch/novdd/-40C/mc7,1309743179,1e-05,0.807899,0.8852849999999999,0.936335,0.695655,1.00487
hbt_wcs_mismatch/novdd/-40C/mc7,1309743179,8e-05,0.852619,0.8864399999999999,0.9375562499999999,0.6965625,1.0061824999999998
hbt_wcs_mismatch/novdd/-40C/mc8,2052398692,2.5e-06,0.780751,0.990536,0.867408,1.0552839999999999,1.2311359999999998
hbt_wcs_mismatch/novdd/-40C/mc8,2052398692,1e-05,0.809215,0.9912269999999999,0.868015,1.0560199999999997,1.232
hbt_wcs_mismatch/novdd/-40C/mc8,2052398692,8e-05,0.854099,0.9925725,0.8691937499999999,1.0574537499999999,1.2336699999999998
hbt_wcs_mismatch/novdd/-40C/mc9,1989934215,2.5e-06,0.780513,1.034652,0.986388,0.8491879999999998,0.967648
hbt_wcs_mismatch/novdd/-40C/mc9,1989934215,1e-05,0.808973,1.03534,0.9870469999999999,0.8497519999999998,0.968293
hbt_wcs_mismatch/novdd/-40C/mc9,1989934215,8e-05,0.853826,1.03672125,0.98835875,0.8508825,0.9695799999999999
hbt_wcs_mismatch/novdd/-40C/mc10,167287417,2.5e-06,0.780307,0.807484,0.921032,0.747652,0.906044
hbt_wcs_mismatch/novdd/-40C/mc10,167287417,1e-05,0.808764,0.807988,0.9216059999999999,0.748118,0.9066059999999999
hbt_wcs_mismatch/novdd/-40C/mc10,167287417,8e-05,0.85359,0.8090274999999999,0.9227924999999999,0.7490812499999999,0.9077724999999999
hbt_wcs_mismatch/novdd/-40C/mc11,1639347438,2.5e-06,0.780785,0.8509439999999999,0.9325719999999998,0.9070479999999999,0.949516
hbt_wcs_mismatch/novdd/-40C/mc11,1639347438,1e-05,0.809248,0.8514979999999999,0.9331759999999999,0.9076369999999999,0.9501339999999998
hbt_wcs_mismatch/novdd/-40C/mc11,1639347438,8e-05,0.854135,0.8526124999999999,0.9343975,0.908825,0.9513775
hbt_wcs_mismatch/novdd/-40C/mc12,1803758874,2.5e-06,0.781414,0.947464,1.07642,1.109044,0.9066679999999999
hbt_wcs_mismatch/novdd/-40C/mc12,1803758874,1e-05,0.809887,0.9481189999999998,1.07716,1.10981,0.907297
hbt_wcs_mismatch/novdd/-40C/mc12,1803758874,8e-05,0.854857,0.9493912499999999,1.0786099999999998,1.1113024999999999,0.9085137499999999
hbt_wcs_mismatch/novdd/-40C/mc13,47530668,2.5e-06,0.779303,0.9274119999999999,0.9142319999999999,0.815492,0.9571999999999998
hbt_wcs_mismatch/novdd/-40C/mc13,47530668,1e-05,0.807748,0.928002,0.914813,0.8160099999999999,0.9578099999999999
hbt_wcs_mismatch/novdd/-40C/mc13,47530668,8e-05,0.85245,0.9292212499999999,0.916015,0.8170824999999999,0.9590687499999999
hbt_wcs_mismatch/novdd/-40C/mc14,1263185633,2.5e-06,0.782275,0.9669279999999999,0.9367719999999999,0.9755759999999999,0.9741479999999999
hbt_wcs_mismatch/novdd/-40C/mc14,1263185633,1e-05,0.81076,0.9675849999999999,0.9374109999999999,0.976243,0.974814
hbt_wcs_mismatch/novdd/-40C/mc14,1263185633,8e-05,0.855846,0.9688587499999999,0.938645,0.9775274999999999,0.9760962499999999
hbt_wcs_mismatch/novdd/-40C/mc15,1875833732,2.5e-06,0.779204,0.8867799999999999,0.9404279999999998,0.918172,0.916356
hbt_wcs_mismatch/novdd/-40C/mc15,1875833732,1e-05,0.807648,0.887347,0.9410299999999999,0.9187599999999999,0.9169419999999999
hbt_wcs_mismatch/novdd/-40C/mc15,1875833732,8e-05,0.852339,0.888515,0.9422674999999999,0.9199687499999999,0.9181474999999999
hbt_wcs_mismatch/novdd/-40C/mc16,767356753,2.5e-06,0.785636,1.3843439999999998,1.4400799999999998,1.138556,1.3266719999999999
hbt_wcs_mismatch/novdd/-40C/mc16,767356753,1e-05,0.814177,1.38551,1.44129,1.13951,1.32779
hbt_wcs_mismatch/novdd/-40C/mc16,767356753,8e-05,0.859772,1.387425,1.4432874999999998,1.1410924999999998,1.3296249999999998
hbt_wcs_mismatch/novdd/-40C/mc17,1639901874,2.5e-06,0.780181,0.9455719999999999,1.0918439999999998,1.0110039999999998,1.0552119999999998
hbt_wcs_mismatch/novdd/-40C/mc17,1639901874,1e-05,0.808637,0.9462229999999998,1.0926,1.0116999999999998,1.0559399999999999
hbt_wcs_mismatch/novdd/-40C/mc17,1639901874,8e-05,0.853449,0.9475075,1.09408,1.013075,1.057375
hbt_wcs_mismatch/novdd/-40C/mc18,1257645852,2.5e-06,0.780454,0.971308,0.912476,0.948256,0.91052
hbt_wcs_mismatch/novdd/-40C/mc18,1257645852,1e-05,0.808913,0.9719459999999999,0.9130769999999999,0.94888,0.9111199999999999
hbt_wcs_mismatch/novdd/-40C/mc18,1257645852,8e-05,0.853758,0.9732299999999999,0.9142824999999999,0.9501337499999999,0.91232375
hbt_wcs_mismatch/novdd/-40C/mc19,1507083084,2.5e-06,0.780132,0.9867319999999998,0.9941559999999999,0.9220479999999999,0.902032
hbt_wcs_mismatch/novdd/-40C/mc19,1507083084,1e-05,0.808588,0.9873839999999999,0.9948139999999999,0.9226579999999999,0.902627
hbt_wcs_mismatch/novdd/-40C/mc19,1507083084,8e-05,0.853392,0.9886962499999998,0.996135,0.9238837499999999,0.9038262499999999
hbt_wcs_mismatch/novdd/-40C/mc20,1627659604,2.5e-06,0.783479,0.987436,1.164744,0.9934039999999998,1.2797599999999998
hbt_wcs_mismatch/novdd/-40C/mc20,1627659604,1e-05,0.811983,0.9881729999999999,1.1656099999999998,0.9941449999999998,1.2807099999999998
hbt_wcs_mismatch/novdd/-40C/mc20,1627659604,8e-05,0.857243,0.9895087499999999,1.16718875,0.9954887499999998,1.2824499999999999
hbt_wcs_mismatch/novdd/-40C/mc21,157456457,2.5e-06,0.780471,0.812124,0.982896,0.9684639999999999,0.852632
hbt_wcs_mismatch/novdd/-40C/mc21,157456457,1e-05,0.80893,0.8126479999999999,0.9835309999999998,0.9690909999999999,0.8531819999999999
hbt_wcs_mismatch/novdd/-40C/mc21,157456457,8e-05,0.853777,0.8137112499999999,0.9848174999999999,0.9703587499999999,0.8542974999999998
hbt_wcs_mismatch/novdd/-40C/mc22,1917954767,2.5e-06,0.780997,0.8268199999999999,0.9891759999999998,0.9835039999999998,0.8572599999999999
hbt_wcs_mismatch/novdd/-40C/mc22,1917954767,1e-05,0.809463,0.8273619999999999,0.9898229999999999,0.9841449999999999,0.857818
hbt_wcs_mismatch/novdd/-40C/mc22,1917954767,8e-05,0.854378,0.8284449999999999,0.9911187499999999,0.98543375,0.85894125
hbt_wcs_mismatch/novdd/-40C/mc23,106496412,2.5e-06,0.781392,0.8899639999999999,0.8154839999999999,0.90218,0.9608279999999999
hbt_wcs_mismatch/novdd/-40C/mc23,106496412,1e-05,0.809863,0.8905419999999998,0.816012,0.9027649999999999,0.961451
hbt_wcs_mismatch/novdd/-40C/mc23,106496412,8e-05,0.854829,0.8916974999999999,0.8170699999999999,0.9039362499999999,0.9626987499999999
hbt_wcs_mismatch/novdd/-40C/mc24,728147538,2.5e-06,0.780508,1.090004,1.158404,1.043828,0.9252119999999999
hbt_wcs_mismatch/novdd/-40C/mc24,728147538,1e-05,0.808968,1.09077,1.15922,1.04456,0.9258609999999999
hbt_wcs_mismatch/novdd/-40C/mc24,728147538,8e-05,0.853821,1.0922599999999998,1.1608025,1.04599125,0.927125
hbt_wcs_mismatch/novdd/-40C/mc25,696956143,2.5e-06,0.78012,0.9185199999999999,0.8314399999999998,0.9279959999999999,0.9765079999999998
hbt_wcs_mismatch/novdd/-40C/mc25,696956143,1e-05,0.808575,0.9191129999999998,0.8319759999999999,0.928598,0.977139
hbt_wcs_mismatch/novdd/-40C/mc25,696956143,8e-05,0.853378,0.9203199999999999,0.83306875,0.9298187499999998,0.9784225
hbt_wcs_mismatch/novdd/-40C/mc26,1784386262,2.5e-06,0.77981,1.028812,0.8962039999999999,0.8955679999999999,0.74544
hbt_wcs_mismatch/novdd/-40C/mc26,1784386262,1e-05,0.808261,1.0294699999999999,0.8967729999999998,0.896137,0.7459129999999999
hbt_wcs_mismatch/novdd/-40C/mc26,1784386262,8e-05,0.853025,1.0308137499999999,0.8979449999999999,0.8973087499999999,0.7468887499999999
hbt_wcs_mismatch/novdd/-40C/mc27,840702413,2.5e-06,0.779662,0.946476,0.943372,0.7575839999999999,1.036292
hbt_wcs_mismatch/novdd/-40C/mc27,840702413,1e-05,0.808111,0.9470859999999999,0.9439809999999998,0.758072,1.0369599999999999
hbt_wcs_mismatch/novdd/-40C/mc27,840702413,8e-05,0.852857,0.9483349999999999,0.9452262499999999,0.7590724999999999,1.03832875
hbt_wcs_mismatch/novdd/-40C/mc28,35017959,2.5e-06,0.783688,0.9600759999999999,1.1525199999999998,1.137252,1.0886719999999999
hbt_wcs_mismatch/novdd/-40C/mc28,35017959,1e-05,0.812195,0.960786,1.1533699999999998,1.1380899999999998,1.08947
hbt_wcs_mismatch/novdd/-40C/mc28,35017959,8e-05,0.857485,0.96207375,1.15491875,1.1396175,1.090935
hbt_wcs_mismatch/novdd/-40C/mc29,1103833616,2.5e-06,0.783439,1.225528,1.079328,1.355944,1.0473839999999999
hbt_wcs_mismatch/novdd/-40C/mc29,1103833616,1e-05,0.811943,1.22647,1.08016,1.35699,1.04819
hbt_wcs_mismatch/novdd/-40C/mc29,1103833616,8e-05,0.857197,1.2281624999999998,1.0816487499999998,1.3588624999999999,1.0496375
hbt_wcs_mismatch/novdd/-40C/mc30,1267404444,2.5e-06,0.782698,0.903264,1.279904,1.233944,1.050468
hbt_wcs_mismatch/novdd/-40C/mc30,1267404444,1e-05,0.811191,0.903936,1.2808599999999999,1.23486,1.0512499999999998
hbt_wcs_mismatch/novdd/-40C/mc30,1267404444,8e-05,0.856338,0.9051712499999999,1.2826125,1.2365487499999999,1.0526875
hbt_wcs_mismatch/novdd/-40C/mc31,1168532542,2.5e-06,0.78178,1.0959919999999999,1.091944,0.9895919999999998,0.8574799999999999
hbt_wcs_mismatch/novdd/-40C/mc31,1168532542,1e-05,0.810258,1.09676,1.0927,0.9902779999999999,0.8580739999999999
hbt_wcs_mismatch/novdd/-40C/mc31,1168532542,8e-05,0.855277,1.0982224999999999,1.0941662499999998,0.9916024999999998,0.8592225
hbt_wcs_mismatch/novdd/-40C/mc32,1529726313,2.5e-06,0.778533,0.7296159999999999,0.946472,0.8678639999999999,0.972332
hbt_wcs_mismatch/novdd/-40C/mc32,1529726313,1e-05,0.806968,0.7300709999999999,0.947062,0.868403,0.9729359999999998
hbt_wcs_mismatch/novdd/-40C/mc32,1529726313,8e-05,0.85158,0.7310224999999999,0.9482962499999998,0.869535,0.9742037499999999
hbt_wcs_mismatch/novdd/-40C/mc33,628084775,2.5e-06,0.784106,1.060304,1.165244,1.17784,1.19754
hbt_wcs_mismatch/novdd/-40C/mc33,628084775,1e-05,0.81262,1.0611199999999998,1.16614,1.17874,1.1984599999999999
hbt_wcs_mismatch/novdd/-40C/mc33,628084775,8e-05,0.857974,1.0625562499999999,1.1677199999999999,1.18034125,1.20008375
hbt_wcs_mismatch/novdd/-40C/mc34,275780216,2.5e-06,0.779054,0.82292,0.73376,0.883516,0.766072
hbt_wcs_mismatch/novdd/-40C/mc34,275780216,1e-05,0.807495,0.8234099999999999,0.7341949999999999,0.884041,0.7665299999999998
hbt_wcs_mismatch/novdd/-40C/mc34,275780216,8e-05,0.852168,0.8244562499999999,0.73512875,0.885165,0.7675037499999999
hbt_wcs_mismatch/novdd/-40C/mc35,1977389096,2.5e-06,0.781764,1.025556,0.9082839999999999,1.097836,0.912116
hbt_wcs_mismatch/novdd/-40C/mc35,1977389096,1e-05,0.810242,1.02626,0.9089069999999999,1.0985899999999997,0.9127419999999999
hbt_wcs_mismatch/novdd/-40C/mc35,1977389096,8e-05,0.855258,1.0276262499999997,0.9101149999999999,1.1000487499999998,0.9139549999999999
hbt_wcs_mismatch/novdd/-40C/mc36,1184531536,2.5e-06,0.780779,0.9237719999999998,1.056368,0.908812,0.9472279999999998
hbt_wcs_mismatch/novdd/-40C/mc36,1184531536,1e-05,0.809243,0.9243879999999999,1.05707,0.9094199999999999,0.9478629999999999
hbt_wcs_mismatch/novdd/-40C/mc36,1184531536,8e-05,0.854129,0.9256149999999999,1.0584775,0.9106274999999999,0.94912125
hbt_wcs_mismatch/novdd/-40C/mc37,252628059,2.5e-06,0.781745,1.122912,1.199088,1.0618519999999998,0.9983
hbt_wcs_mismatch/novdd/-40C/mc37,252628059,1e-05,0.810223,1.12373,1.19996,1.06263,0.9990279999999999
hbt_wcs_mismatch/novdd/-40C/mc37,252628059,8e-05,0.855238,1.12526875,1.20160375,1.06408375,1.0003974999999998
hbt_wcs_mismatch/novdd/-40C/mc38,1433693490,2.5e-06,0.782372,0.929008,1.116792,0.887856,1.062248
hbt_wcs_mismatch/novdd/-40C/mc38,1433693490,1e-05,0.810859,0.929653,1.11757,0.8884719999999999,1.0629899999999999
hbt_wcs_mismatch/novdd/-40C/mc38,1433693490,8e-05,0.855959,0.9308874999999999,1.11905375,0.8896512499999999,1.0643987499999998
hbt_wcs_mismatch/novdd/-40C/mc39,1140903792,2.5e-06,0.783459,1.014936,1.192232,0.961996,0.997852
hbt_wcs_mismatch/novdd/-40C/mc39,1140903792,1e-05,0.811962,1.01567,1.1930899999999998,0.9626899999999998,0.99857
hbt_wcs_mismatch/novdd/-40C/mc39,1140903792,8e-05,0.857218,1.01701625,1.1946775,0.9639687499999998,0.9998975
hbt_wcs_mismatch/novdd/-40C/mc40,1490796844,2.5e-06,0.780022,0.9855679999999999,0.8438439999999999,0.898344,0.9637679999999998
hbt_wcs_mismatch/novdd/-40C/mc40,1490796844,1e-05,0.808476,0.9862099999999999,0.8443909999999999,0.8989269999999999,0.9643959999999999
hbt_wcs_mismatch/novdd/-40C/mc40,1490796844,8e-05,0.853266,0.9875099999999999,0.84550375,0.9001124999999999,0.9656662499999998
hbt_wcs_mismatch/novdd/-40C/mc41,994480535,2.5e-06,0.78319,1.007736,1.391992,1.050012,1.1017359999999998
hbt_wcs_mismatch/novdd/-40C/mc41,994480535,1e-05,0.81169,1.0084999999999997,1.3930399999999998,1.05081,1.1025699999999998
hbt_wcs_mismatch/novdd/-40C/mc41,994480535,8e-05,0.856907,1.0098762499999998,1.39495,1.05224375,1.104075
hbt_wcs_mismatch/novdd/-40C/mc42,1588231563,2.5e-06,0.781361,1.0483319999999998,0.9818119999999999,0.9761039999999999,0.942464
hbt_wcs_mismatch/novdd/-40C/mc42,1588231563,1e-05,0.809833,1.04905,0.982484,0.9767719999999999,0.943108
hbt_wcs_mismatch/novdd/-40C/mc42,1588231563,8e-05,0.854796,1.05044875,0.9837949999999999,0.9780749999999999,0.9443662499999999
hbt_wcs_mismatch/novdd/-40C/mc43,518377033,2.5e-06,0.780032,0.9338079999999999,0.9853159999999999,0.905296,0.930436
hbt_wcs_mismatch/novdd/-40C/mc43,518377033,1e-05,0.808486,0.9344199999999999,0.9859619999999999,0.90589,0.9310469999999998
hbt_wcs_mismatch/novdd/-40C/mc43,518377033,8e-05,0.853278,0.9356574999999999,0.9872687499999999,0.90709,0.9322799999999999
hbt_wcs_mismatch/novdd/-40C/mc44,1784452125,2.5e-06,0.779579,0.8261759999999999,0.9356679999999999,0.854412,0.7838599999999999
hbt_wcs_mismatch/novdd/-40C/mc44,1784452125,1e-05,0.808027,0.826688,0.936245,0.854939,0.7843459999999999
hbt_wcs_mismatch/novdd/-40C/mc44,1784452125,8e-05,0.852762,0.8277562499999999,0.9374549999999999,0.8560437499999999,0.7853587499999999
hbt_wcs_mismatch/novdd/-40C/mc45,1222075616,2.5e-06,0.779045,0.9505679999999999,0.862624,0.861252,0.8671719999999999
hbt_wcs_mismatch/novdd/-40C/mc45,1222075616,1e-05,0.807486,0.951167,0.8631639999999999,0.861792,0.8677159999999998
hbt_wcs_mismatch/novdd/-40C/mc45,1222075616,8e-05,0.852159,0.9524075,0.8642899999999999,0.8629162499999998,0.8688474999999999
hbt_wcs_mismatch/novdd/-40C/mc46,263610808,2.5e-06,0.781994,1.027896,1.098684,1.101648,1.008452
hbt_wcs_mismatch/novdd/-40C/mc46,263610808,1e-05,0.810475,1.02863,1.09947,1.10244,1.00917
hbt_wcs_mismatch/novdd/-40C/mc46,263610808,8e-05,0.855524,1.0300237499999998,1.1009587499999998,1.1039299999999999,1.01054125
hbt_wcs_mismatch/novdd/-40C/mc47,1300381665,2.5e-06,0.782416,1.0394079999999999,1.010424,1.102508,0.9102519999999998
hbt_wcs_mismatch/novdd/-40C/mc47,1300381665,1e-05,0.810904,1.0401399999999998,1.0111299999999999,1.10328,0.9108919999999999
hbt_wcs_mismatch/novdd/-40C/mc47,1300381665,8e-05,0.85601,1.04152375,1.0124812499999998,1.10475375,0.91210625
hbt_wcs_mismatch/novdd/-40C/mc48,1812039373,2.5e-06,0.780772,0.8285119999999999,1.0243039999999999,0.998748,1.0285039999999999
hbt_wcs_mismatch/novdd/-40C/mc48,1812039373,1e-05,0.809236,0.8290689999999998,1.0249899999999998,0.9994199999999999,1.02919
hbt_wcs_mismatch/novdd/-40C/mc48,1812039373,8e-05,0.854121,0.8301737499999999,1.02635875,1.0007512499999998,1.030565
hbt_wcs_mismatch/novdd/-40C/mc49,1374025841,2.5e-06,0.780561,0.9351199999999998,0.990676,0.9853959999999999,0.894428
hbt_wcs_mismatch/novdd/-40C/mc49,1374025841,1e-05,0.809022,0.935739,0.9913339999999999,0.9860519999999999,0.8950219999999999
hbt_wcs_mismatch/novdd/-40C/mc49,1374025841,8e-05,0.853881,0.9369799999999999,0.9926487499999999,0.9873599999999999,0.8962087499999999
hbt_wcs_mismatch/novdd/27C/mc0,851377294,2.5e-06,0.695031,0.9662839999999999,0.912552,1.124788,0.922408
hbt_wcs_mismatch/novdd/27C/mc0,851377294,1e-05,0.731995,0.9672549999999999,0.91347,1.12592,0.9233339999999999
hbt_wcs_mismatch/novdd/27C/mc0,851377294,8e-05,0.789456,0.9698162499999999,0.91588875,1.1288999999999998,0.9257799999999999
hbt_wcs_mismatch/novdd/27C/mc1,1766286299,2.5e-06,0.694463,0.7773279999999999,0.9700879999999998,0.936008,1.0560199999999997
hbt_wcs_mismatch/novdd/27C/mc1,1766286299,1e-05,0.73142,0.7780859999999998,0.971032,0.9369189999999998,1.0570499999999998
hbt_wcs_mismatch/novdd/27C/mc1,1766286299,8e-05,0.78883,0.780115,0.973565,0.9393624999999999,1.0598062499999998
hbt_wcs_mismatch/novdd/27C/mc2,444180543,2.5e-06,0.701641,1.1174159999999997,1.02416,1.1974799999999999,1.029116
hbt_wcs_mismatch/novdd/27C/mc2,444180543,1e-05,0.738678,1.11869,1.02532,1.19884,1.03028
hbt_wcs_mismatch/novdd/27C/mc2,444180543,8e-05,0.796822,1.12189375,1.0282637499999998,1.2022799999999998,1.03323875
hbt_wcs_mismatch/novdd/27C/mc3,703023537,2.5e-06,0.696285,0.8184719999999999,1.0122039999999999,0.836872,1.085076
hbt_wcs_mismatch/novdd/27C/mc3,703023537,1e-05,0.73326,0.819287,1.01321,0.837706,1.0861499999999997
hbt_wcs_mismatch/novdd/27C/mc3,703023537,8e-05,0.790837,0.82146625,1.0159062499999998,0.8399337499999999,1.0890425
hbt_wcs_mismatch/novdd/27C/mc4,1329814351,2.5e-06,0.69602,0.694816,0.909812,0.9298359999999999,0.962324
hbt_wcs_mismatch/novdd/27C/mc4,1329814351,1e-05,0.732991,0.6954819999999999,0.9106809999999999,0.930724,0.963243
hbt_wcs_mismatch/novdd/27C/mc4,1329814351,8e-05,0.790542,0.69730375,0.9130674999999999,0.9331625,0.9657662499999999
hbt_wcs_mismatch/novdd/27C/mc5,1443327774,2.5e-06,0.699071,0.856028,1.009512,1.0162479999999998,1.1063759999999998
hbt_wcs_mismatch/novdd/27C/mc5,1443327774,1e-05,0.736076,0.856932,1.01058,1.0173199999999998,1.10754
hbt_wcs_mismatch/novdd/27C/mc5,1443327774,8e-05,0.793934,0.8593012499999999,1.01337375,1.0201337499999998,1.1106049999999998
hbt_wcs_mismatch/novdd/27C/mc6,837775864,2.5e-06,0.697812,1.020116,1.0560319999999999,0.947804,0.9692559999999999
hbt_wcs_mismatch/novdd/27C/mc6,837775864,1e-05,0.734804,1.0211799999999998,1.05713,0.948792,0.9702689999999999
hbt_wcs_mismatch/novdd/27C/mc6,837775864,8e-05,0.792532,1.0239675,1.0600187499999998,0.9513812499999998,0.9729174999999999
hbt_wcs_mismatch/novdd/27C/mc7,1876026298,2.5e-06,0.697511,1.014176,0.999616,1.0230879999999998,0.960728
hbt_wcs_mismatch/novdd/27C/mc7,1876026298,1e-05,0.7345,1.0152299999999999,1.0006599999999999,1.02415,0.96173
hbt_wcs_mismatch/novdd/27C/mc7,1876026298,8e-05,0.792198,1.0179937499999998,1.00338125,1.0269424999999999,0.9643474999999999
hbt_wcs_mismatch/novdd/27C/mc8,1219755383,2.5e-06,0.695033,1.052088,0.7668039999999999,1.001164,0.9281999999999999
hbt_wcs_mismatch/novdd/27C/mc8,1219755383,1e-05,0.731996,1.0531199999999998,0.767558,1.0021499999999999,0.929111
hbt_wcs_mismatch/novdd/27C/mc8,1219755383,8e-05,0.789457,1.0558824999999998,0.7695724999999999,1.0047774999999999,0.9315499999999999
hbt_wcs_mismatch/novdd/27C/mc9,53767898,2.5e-06,0.700896,1.252208,1.0599319999999999,1.257444,1.08372
hbt_wcs_mismatch/novdd/27C/mc9,53767898,1e-05,0.737925,1.2536699999999998,1.06117,1.2589099999999998,1.08499
hbt_wcs_mismatch/novdd/27C/mc9,53767898,8e-05,0.795985,1.2572875,1.06423125,1.2625374999999999,1.088115
hbt_wcs_mismatch/novdd/27C/mc10,1422604136,2.5e-06,0.701568,1.14988,1.0978279999999998,1.077176,1.171044
hbt_wcs_mismatch/novdd/27C/mc10,1422604136,1e-05,0.738604,1.1511999999999998,1.09909,1.07842,1.1723899999999998
hbt_wcs_mismatch/novdd/27C/mc10,1422604136,8e-05,0.79674,1.1545199999999998,1.1022587499999998,1.0815225,1.1757699999999998
hbt_wcs_mismatch/novdd/27C/mc11,1596420089,2.5e-06,0.699168,1.168748,1.1216639999999998,0.9822239999999999,0.9801639999999999
hbt_wcs_mismatch/novdd/27C/mc11,1596420089,1e-05,0.736175,1.17003,1.12289,0.9832979999999998,0.9812349999999999
hbt_wcs_mismatch/novdd/27C/mc11,1596420089,8e-05,0.794045,1.1732999999999998,1.1260324999999998,0.9860499999999999,0.9839812499999998
hbt_wcs_mismatch/novdd/27C/mc12,1618501838,2.5e-06,0.699549,1.1961519999999999,1.001092,1.15574,1.1809319999999999
hbt_wcs_mismatch/novdd/27C/mc12,1618501838,1e-05,0.736562,1.1975099999999999,1.00223,1.15705,1.18227
hbt_wcs_mismatch/novdd/27C/mc12,1618501838,8e-05,0.794473,1.2009112499999999,1.0050774999999998,1.16033875,1.1856324999999999
hbt_wcs_mismatch/novdd/27C/mc13,274570777,2.5e-06,0.695507,0.7112679999999999,0.809244,0.8452119999999999,0.9018879999999999
hbt_wcs_mismatch/novdd/27C/mc13,274570777,1e-05,0.732473,0.7119239999999999,0.8099869999999999,0.845991,0.9027179999999998
hbt_wcs_mismatch/novdd/27C/mc13,274570777,8e-05,0.789975,0.7137574999999999,0.8120725,0.84817,0.9050425
hbt_wcs_mismatch/novdd/27C/mc14,1667225413,2.5e-06,0.695491,0.7559359999999999,0.9575439999999998,1.0103,0.9189759999999999
hbt_wcs_mismatch/novdd/27C/mc14,1667225413,1e-05,0.732457,0.7566689999999999,0.9584729999999999,1.01128,0.919868
hbt_wcs_mismatch/novdd/27C/mc14,1667225413,8e-05,0.78996,0.7586537499999999,0.96098875,1.01393375,0.9222812499999999
hbt_wcs_mismatch/novdd/27C/mc15,1078078567,2.5e-06,0.700937,1.1688439999999998,1.176668,1.2115319999999998,1.063892
hbt_wcs_mismatch/novdd/27C/mc15,1078078567,1e-05,0.737967,1.1702,1.17803,1.21294,1.06513
hbt_wcs_mismatch/novdd/27C/mc15,1078078567,8e-05,0.796031,1.1735762499999998,1.18142875,1.2164362499999999,1.0681975
hbt_wcs_mismatch/novdd/27C/mc16,289267879,2.5e-06,0.693606,0.8606119999999999,0.6635559999999999,0.8481079999999999,0.942948
hbt_wcs_mismatch/novdd/27C/mc16,289267879,1e-05,0.730553,0.8613939999999999,0.6641569999999999,0.8488779999999999,0.9438039999999999
hbt_wcs_mismatch/novdd/27C/mc16,289267879,8e-05,0.787886,0.8635712499999999,0.665835,0.8510225,0.94618875
hbt_wcs_mismatch/novdd/27C/mc17,761481490,2.5e-06,0.697775,1.158488,0.942348,0.9464119999999999,1.1570319999999998
hbt_wcs_mismatch/novdd/27C/mc17,761481490,1e-05,0.734766,1.15973,0.9433569999999999,0.947426,1.15827
hbt_wcs_mismatch/novdd/27C/mc17,761481490,8e-05,0.792492,1.162925,0.9459549999999999,0.9500349999999999,1.161465
hbt_wcs_mismatch/novdd/27C/mc18,1143988258,2.5e-06,0.693758,0.8999719999999999,0.6758959999999999,0.9153159999999999,0.9754639999999999
hbt_wcs_mismatch/novdd/27C/mc18,1143988258,1e-05,0.730707,0.900807,0.676524,0.916167,0.9763699999999998
hbt_wcs_mismatch/novdd/27C/mc18,1143988258,8e-05,0.788054,0.9031049999999999,0.6782499999999999,0.9185049999999999,0.97886125
hbt_wcs_mismatch/novdd/27C/mc19,1951289841,2.5e-06,0.701922,0.9744519999999999,1.21976,1.08106,1.06378
hbt_wcs_mismatch/novdd/27C/mc19,1951289841,1e-05,0.738962,0.9755609999999999,1.22114,1.0822899999999998,1.0649899999999999
hbt_wcs_mismatch/novdd/27C/mc19,1951289841,8e-05,0.797139,0.9783612499999998,1.2246487499999998,1.0853949999999999,1.0680462499999999
hbt_wcs_mismatch/novdd/27C/mc20,670047798,2.5e-06,0.697974,0.8679359999999998,0.9946759999999999,0.9241519999999999,1.091316
hbt_wcs_mismatch/novdd/27C/mc20,670047798,1e-05,0.734967,0.8688309999999999,0.9956999999999999,0.925105,1.0924399999999999
hbt_wcs_mismatch/novdd/27C/mc20,670047798,8e-05,0.792711,0.8711937499999999,0.9984074999999999,0.9276199999999999,1.0954087499999998
hbt_wcs_mismatch/novdd/27C/mc21,1793699061,2.5e-06,0.696811,0.7810919999999999,0.9479039999999999,1.2161919999999997,1.0604999999999998
hbt_wcs_mismatch/novdd/27C/mc21,1793699061,1e-05,0.733792,0.781901,0.948884,1.21745,1.0615999999999999
hbt_wcs_mismatch/novdd/27C/mc21,1793699061,8e-05,0.791421,0.78401625,0.9514512499999999,1.22074375,1.06447125
hbt_wcs_mismatch/novdd/27C/mc22,1103315508,2.5e-06,0.694552,0.7058559999999999,0.9547399999999998,1.015028,0.960216
hbt_wcs_mismatch/novdd/27C/mc22,1103315508,1e-05,0.73151,0.706534,0.9556589999999999,1.0159999999999998,0.961139
hbt_wcs_mismatch/novdd/27C/mc22,1103315508,8e-05,0.788927,0.7083687499999999,0.9581399999999999,1.01864125,0.96363375
hbt_wcs_mismatch/novdd/27C/mc23,960813876,2.5e-06,0.702579,1.046868,1.309456,1.178668,1.308788
hbt_wcs_mismatch/novdd/27C/mc23,960813876,1e-05,0.739629,1.0481399999999998,1.31104,1.1801,1.3103699999999998
hbt_wcs_mismatch/novdd/27C/mc23,960813876,8e-05,0.797886,1.05121625,1.3149,1.1835637499999998,1.3142249999999998
hbt_wcs_mismatch/novdd/27C/mc24,608541595,2.5e-06,0.699556,0.8607879999999999,1.0915719999999998,1.344396,1.0075119999999997
hbt_wcs_mismatch/novdd/27C/mc24,608541595,1e-05,0.736568,0.8617369999999999,1.09278,1.34588,1.00863
hbt_wcs_mismatch/novdd/27C/mc24,608541595,8e-05,0.794479,0.8641625,1.0958525,1.349675,1.0114649999999998
hbt_wcs_mismatch/novdd/27C/mc25,1575831739,2.5e-06,0.699846,0.8580319999999999,1.1404439999999998,1.064384,0.9187
hbt_wcs_mismatch/novdd/27C/mc25,1575831739,1e-05,0.73686,0.8589449999999998,1.14166,1.0655199999999998,0.9196759999999999
hbt_wcs_mismatch/novdd/27C/mc25,1575831739,8e-05,0.794801,0.8613362499999999,1.1448349999999998,1.06848125,0.92223625
hbt_wcs_mismatch/novdd/27C/mc26,1427803236,2.5e-06,0.702371,1.26026,1.1900439999999999,1.241088,1.3535959999999998
hbt_wcs_mismatch/novdd/27C/mc26,1427803236,1e-05,0.739419,1.26182,1.1915099999999998,1.2426199999999998,1.35527
hbt_wcs_mismatch/novdd/27C/mc26,1427803236,8e-05,0.797652,1.2655499999999997,1.19503625,1.246295,1.3592749999999998
hbt_wcs_mismatch/novdd/27C/mc27,636967222,2.5e-06,0.696784,0.8853319999999999,0.9130119999999999,0.8922279999999999,0.880012
hbt_wcs_mismatch/novdd/27C/mc27,636967222,1e-05,0.733764,0.8861959999999999,0.9139019999999999,0.893099,0.880871
hbt_wcs_mismatch/novdd/27C/mc27,636967222,8e-05,0.791388,0.88854375,0.9163237499999999,0.895465,0.8832049999999999
hbt_wcs_mismatch/novdd/27C/mc28,1037785603,2.5e-06,0.700285,1.0789239999999998,1.0443799999999999,1.093528,1.0935479999999997
hbt_wcs_mismatch/novdd/27C/mc28,1037785603,1e-05,0.737305,1.0801299999999998,1.04554,1.09475,1.09477
hbt_wcs_mismatch/novdd/27C/mc28,1037785603,8e-05,0.795296,1.08318375,1.0485025,1.09784625,1.0978662499999998
hbt_wcs_mismatch/novdd/27C/mc29,1432862652,2.5e-06,0.69807,0.990524,1.032912,0.8533239999999999,1.043192
hbt_wcs_mismatch/novdd/27C/mc29,1432862652,1e-05,0.735064,0.9915499999999999,1.03398,0.8542069999999999,1.04427
hbt_wcs_mismatch/novdd/27C/mc29,1432862652,8e-05,0.792818,0.9942537499999998,1.0368024999999998,0.8565362499999999,1.04712125
hbt_wcs_mismatch/novdd/27C/mc30,801032269,2.5e-06,0.696585,0.8937759999999999,0.9227159999999999,0.9554079999999998,0.9394119999999999
hbt_wcs_mismatch/novdd/27C/mc30,801032269,1e-05,0.733563,0.8946619999999998,0.923631,0.956357,0.940344
hbt_wcs_mismatch/novdd/27C/mc30,801032269,8e-05,0.791169,0.89704375,0.9260899999999999,0.9589037499999999,0.9428474999999998
hbt_wcs_mismatch/novdd/27C/mc31,73564442,2.5e-06,0.705044,1.094396,1.1958239999999998,1.2486,1.5166639999999998
hbt_wcs_mismatch/novdd/27C/mc31,73564442,1e-05,0.742127,1.09578,1.1973399999999998,1.2501799999999998,1.5185899999999999
hbt_wcs_mismatch/novdd/27C/mc31,73564442,8e-05,0.800697,1.09906875,1.20093375,1.2539375,1.5231499999999998
hbt_wcs_mismatch/novdd/27C/mc32,1822740319,2.5e-06,0.695863,0.7699399999999998,0.848732,0.84216,0.7193439999999999
hbt_wcs_mismatch/novdd/27C/mc32,1822740319,1e-05,0.732831,0.770641,0.849507,0.842927,0.7199999999999999
hbt_wcs_mismatch/novdd/27C/mc32,1822740319,8e-05,0.790366,0.772625,0.85169375,0.8450974999999998,0.72185375
hbt_wcs_mismatch/novdd/27C/mc33,1480125725,2.5e-06,0.694092,0.9495479999999998,0.8146239999999999,0.884088,0.9014359999999999
hbt_wcs_mismatch/novdd/27C/mc33,1480125725,1e-05,0.731045,0.9504439999999998,0.8153919999999999,0.884921,0.9022879999999999
hbt_wcs_mismatch/novdd/27C/mc33,1480125725,8e-05,0.788421,0.95288875,0.8174899999999999,0.8871975,0.90460875
hbt_wcs_mismatch/novdd/27C/mc34,62864137,2.5e-06,0.696167,0.9904919999999999,0.906316,0.968544,0.955988
hbt_wcs_mismatch/novdd/27C/mc34,62864137,1e-05,0.733141,0.9914859999999999,0.9072249999999998,0.9695149999999999,0.9569449999999999
hbt_wcs_mismatch/novdd/27C/mc34,62864137,8e-05,0.790708,0.9941287499999999,0.90964375,0.9720987499999999,0.959495
hbt_wcs_mismatch/novdd/27C/mc35,255637376,2.5e-06,0.698885,1.010244,0.970044,1.056328,1.1228559999999999
hbt_wcs_mismatch/novdd/27C/mc35,255637376,1e-05,0.735889,1.0113299999999998,0.9710869999999999,1.05747,1.12407
hbt_wcs_mismatch/novdd/27C/mc35,255637376,8e-05,0.793727,1.0141474999999998,0.9737874999999999,1.06040625,1.12719375
hbt_wcs_mismatch/novdd/27C/mc36,577550148,2.5e-06,0.695664,1.0474999999999999,0.9795599999999999,0.938792,1.1247719999999999
hbt_wcs_mismatch/novdd/27C/mc36,577550148,1e-05,0.732634,1.04858,0.9805719999999999,0.9397629999999999,1.12594
hbt_wcs_mismatch/novdd/27C/mc36,577550148,8e-05,0.790155,1.05139875,0.9832062499999998,0.9422875000000001,1.12896125
hbt_wcs_mismatch/novdd/27C/mc37,611791344,2.5e-06,0.701613,1.088296,1.260856,1.106992,1.38944
hbt_wcs_mismatch/novdd/27C/mc37,611791344,1e-05,0.738651,1.0896,1.26237,1.1083199999999997,1.3911099999999998
hbt_wcs_mismatch/novdd/27C/mc37,611791344,8e-05,0.796793,1.09278375,1.2660624999999999,1.1115575,1.395175
hbt_wcs_mismatch/novdd/27C/mc38,1446621310,2.5e-06,0.697183,0.9286039999999999,1.1267,0.9591,0.8563959999999999
hbt_wcs_mismatch/novdd/27C/mc38,1446621310,1e-05,0.734167,0.9295509999999999,1.12785,0.960079,0.8572679999999999
hbt_wcs_mismatch/novdd/27C/mc38,1446621310,8e-05,0.791832,0.9320587499999998,1.1308924999999999,0.96267,0.8595799999999999
hbt_wcs_mismatch/novdd/27C/mc39,1238951425,2.5e-06,0.696262,0.893656,1.0327119999999999,0.9368279999999999,0.8694839999999999
hbt_wcs_mismatch/novdd/27C/mc39,1238951425,1e-05,0.733236,0.8945429999999999,1.0337399999999999,0.9377569999999998,0.8703459999999998
hbt_wcs_mismatch/novdd/27C/mc39,1238951425,8e-05,0.790812,0.8969199999999999,1.0364825,0.9402487499999999,0.8726575
hbt_wcs_mismatch/novdd/27C/mc40,1145261728,2.5e-06,0.698938,0.9685079999999999,1.099284,1.0301799999999999,1.107076
hbt_wcs_mismatch/novdd/27C/mc40,1145261728,1e-05,0.735942,0.969557,1.10048,1.0312999999999999,1.10828
hbt_wcs_mismatch/novdd/27C/mc40,1145261728,8e-05,0.793787,0.97226,1.1035449999999998,1.03417375,1.1113662499999999
hbt_wcs_mismatch/novdd/27C/mc41,689609869,2.5e-06,0.698959,0.9491239999999999,0.8795799999999999,1.0732199999999998,1.1174039999999998
hbt_wcs_mismatch/novdd/27C/mc41,689609869,1e-05,0.735964,0.9501289999999999,0.8805139999999998,1.07436,1.11859
hbt_wcs_mismatch/novdd/27C/mc41,689609869,8e-05,0.79381,0.9527574999999999,0.88294875,1.07732875,1.1216837499999999
hbt_wcs_mismatch/novdd/27C/mc42,311969226,2.5e-06,0.699575,1.108012,1.1962439999999999,0.959248,0.9238039999999998
hbt_wcs_mismatch/novdd/27C/mc42,311969226,1e-05,0.736587,1.1092199999999999,1.19755,0.9602909999999999,0.92481
hbt_wcs_mismatch/novdd/27C/mc42,311969226,8e-05,0.794499,1.112325,1.20090125,0.9629812499999999,0.9273999999999999
hbt_wcs_mismatch/novdd/27C/mc43,611665985,2.5e-06,0.701342,1.2625719999999998,1.1272199999999999,1.1417519999999999,1.110012
hbt_wcs_mismatch/novdd/27C/mc43,611665985,1e-05,0.738376,1.26405,1.1285399999999999,1.14309,1.11131
hbt_wcs_mismatch/novdd/27C/mc43,611665985,8e-05,0.796487,1.2677,1.1318012499999999,1.14639125,1.1145224999999999
hbt_wcs_mismatch/novdd/27C/mc44,725914749,2.5e-06,0.700395,1.1833239999999998,1.0437919999999998,1.1614119999999999,1.141776
hbt_wcs_mismatch/novdd/27C/mc44,725914749,1e-05,0.737417,1.18468,1.0449899999999999,1.1627399999999999,1.1430799999999999
hbt_wcs_mismatch/novdd/27C/mc44,725914749,8e-05,0.795421,1.18806375,1.04797375,1.16606625,1.1463524999999999
hbt_wcs_mismatch/novdd/27C/mc45,1803883512,2.5e-06,0.701078,1.359772,1.258916,1.257388,1.0690039999999998
hbt_wcs_mismatch/novdd/27C/mc45,1803883512,1e-05,0.73811,1.3614199999999999,1.26044,1.2589,1.07029
hbt_wcs_mismatch/novdd/27C/mc45,1803883512,8e-05,0.796192,1.3653875,1.2641125,1.2625875,1.0734199999999998
hbt_wcs_mismatch/novdd/27C/mc46,1055039265,2.5e-06,0.695485,0.8610759999999998,0.9082999999999999,1.022836,0.9538319999999999
hbt_wcs_mismatch/novdd/27C/mc46,1055039265,1e-05,0.732452,0.861923,0.9091939999999998,1.0238399999999999,0.9547699999999999
hbt_wcs_mismatch/novdd/27C/mc46,1055039265,8e-05,0.789954,0.86419625,0.9115912499999999,1.0265425,0.9572874999999998
hbt_wcs_mismatch/novdd/27C/mc47,1907937275,2.5e-06,0.695108,0.936012,1.0174439999999998,1.0810199999999999,0.92204
hbt_wcs_mismatch/novdd/27C/mc47,1907937275,1e-05,0.732072,0.9369569999999999,1.0184699999999998,1.08211,0.922974
hbt_wcs_mismatch/novdd/27C/mc47,1907937275,8e-05,0.789541,0.9394437499999999,1.021175,1.0849862499999998,0.9254237499999999
hbt_wcs_mismatch/novdd/27C/mc48,1018833938,2.5e-06,0.696133,0.8362879999999999,1.1508439999999998,1.09262,0.8363039999999999
hbt_wcs_mismatch/novdd/27C/mc48,1018833938,1e-05,0.733107,0.837137,1.15201,1.0937299999999999,0.8371549999999999
hbt_wcs_mismatch/novdd/27C/mc48,1018833938,8e-05,0.790671,0.8393775,1.1550974999999999,1.0966574999999998,0.8393949999999999
hbt_wcs_mismatch/novdd/27C/mc49,363962931,2.5e-06,0.694226,0.8099719999999999,0.877612,0.9636839999999999,0.8362519999999999
hbt_wcs_mismatch/novdd/27C/mc49,363962931,1e-05,0.73118,0.810731,0.878435,0.9645859999999998,0.837035
hbt_wcs_mismatch/novdd/27C/mc49,363962931,8e-05,0.788568,0.8128124999999998,0.8806912499999999,0.9670624999999999,0.839185
hbt_wcs_mismatch/novdd/125C/mc0,1590803839,2.5e-06,0.56991,1.247104,1.168548,1.0489,1.207048
hbt_wcs_mismatch/novdd/125C/mc0,1590803839,1e-05,0.619734,1.24873,1.17007,1.05026,1.2086199999999998
hbt_wcs_mismatch/novdd/125C/mc0,1590803839,8e-05,0.696997,1.25385,1.1748699999999999,1.0545725,1.21357875
hbt_wcs_mismatch/novdd/125C/mc1,1913236642,2.5e-06,0.563399,0.852948,0.8312919999999999,0.91478,0.9367239999999999
hbt_wcs_mismatch/novdd/125C/mc1,1913236642,1e-05,0.613165,0.853861,0.832185,0.9157609999999998,0.93773
hbt_wcs_mismatch/novdd/125C/mc1,1913236642,8e-05,0.689924,0.8570387499999998,0.83528125,0.9191687499999999,0.9412199999999998
hbt_wcs_mismatch/novdd/125C/mc2,1495375645,2.5e-06,0.564983,0.9476079999999999,1.048776,1.1654959999999999,0.8689319999999999
hbt_wcs_mismatch/novdd/125C/mc2,1495375645,1e-05,0.614764,0.948704,1.0499899999999998,1.16685,0.8699389999999999
hbt_wcs_mismatch/novdd/125C/mc2,1495375645,8e-05,0.691638,0.9523424999999999,1.054015,1.1713224999999998,0.8732749999999999
hbt_wcs_mismatch/novdd/125C/mc3,1245451962,2.5e-06,0.563846,0.954616,0.8926759999999999,0.831668,0.979536
hbt_wcs_mismatch/novdd/125C/mc3,1245451962,1e-05,0.613615,0.9556599999999998,0.893651,0.832579,0.9806059999999999
hbt_wcs_mismatch/novdd/125C/mc3,1245451962,8e-05,0.690406,0.95924625,0.8970049999999999,0.83570375,0.984285
hbt_wcs_mismatch/novdd/125C/mc4,1903061666,2.5e-06,0.56539,1.068892,1.0101159999999998,0.996704,0.9434199999999999
hbt_wcs_mismatch/novdd/125C/mc4,1903061666,1e-05,0.615174,1.07013,1.0112899999999998,0.9978619999999998,0.944515
hbt_wcs_mismatch/novdd/125C/mc4,1903061666,8e-05,0.692078,1.0742549999999997,1.0151862499999997,1.0017074999999998,0.948155
hbt_wcs_mismatch/novdd/125C/mc5,1033254147,2.5e-06,0.564226,0.8399079999999999,0.7614719999999999,0.901496,0.9901879999999998
hbt_wcs_mismatch/novdd/125C/mc5,1033254147,1e-05,0.613998,0.8408139999999998,0.76229,0.902466,0.991255
hbt_wcs_mismatch/novdd/125C/mc5,1033254147,8e-05,0.690816,0.8439724999999999,0.76515375,0.90585625,0.9949787499999999
hbt_wcs_mismatch/novdd/125C/mc6,209936305,2.5e-06,0.564744,0.847644,0.93912,0.978996,1.087824
hbt_wcs_mismatch/novdd/125C/mc6,209936305,1e-05,0.614521,0.848604,0.940183,0.9801019999999999,1.0890499999999999
hbt_wcs_mismatch/novdd/125C/mc6,209936305,8e-05,0.691378,0.8518374999999999,0.9437649999999999,0.9838362499999999,1.093205
hbt_wcs_mismatch/novdd/125C/mc7,1785117739,2.5e-06,0.564728,0.88758,0.9690159999999999,0.9762519999999999,1.1712439999999997
hbt_wcs_mismatch/novdd/125C/mc7,1785117739,1e-05,0.614506,0.888602,0.970131,0.977374,1.17259
hbt_wcs_mismatch/novdd/125C/mc7,1785117739,8e-05,0.691361,0.8919974999999999,0.97383875,0.98110875,1.17707375
hbt_wcs_mismatch/novdd/125C/mc8,1377427358,2.5e-06,0.562087,1.047324,1.011412,0.891084,0.886548
hbt_wcs_mismatch/novdd/125C/mc8,1377427358,1e-05,0.611844,1.0484799999999999,1.0125199999999999,0.89206,0.8875209999999999
hbt_wcs_mismatch/novdd/125C/mc8,1377427358,8e-05,0.688514,1.0523399999999998,1.016255,0.89534875,0.8907924999999999
hbt_wcs_mismatch/novdd/125C/mc9,167757461,2.5e-06,0.567192,1.001512,0.985424,1.210224,1.119236
hbt_wcs_mismatch/novdd/125C/mc9,167757461,1e-05,0.616991,1.00273,0.9866279999999998,1.2116999999999998,1.1206
hbt_wcs_mismatch/novdd/125C/mc9,167757461,8e-05,0.694034,1.0067037499999998,0.9905324999999999,1.21649875,1.1250375
hbt_wcs_mismatch/novdd/125C/mc10,978596312,2.5e-06,0.569305,0.977624,1.194788,1.024356,0.9394119999999999
hbt_wcs_mismatch/novdd/125C/mc10,978596312,1e-05,0.619122,0.9788209999999998,1.1962499999999998,1.02561,0.9405619999999999
hbt_wcs_mismatch/novdd/125C/mc10,978596312,8e-05,0.696333,0.9827774999999999,1.20108625,1.0297574999999999,0.94436375
hbt_wcs_mismatch/novdd/125C/mc11,1178234279,2.5e-06,0.562433,0.935804,0.8451759999999999,0.8786919999999999,1.0234759999999998
hbt_wcs_mismatch/novdd/125C/mc11,1178234279,1e-05,0.612192,0.936816,0.8460909999999999,0.879643,1.0245799999999998
hbt_wcs_mismatch/novdd/125C/mc11,1178234279,8e-05,0.688885,0.9402712499999999,0.84921125,0.8828874999999998,1.02836125
hbt_wcs_mismatch/novdd/125C/mc12,1684991386,2.5e-06,0.562188,0.862116,0.86154,0.9221839999999999,0.731772
hbt_wcs_mismatch/novdd/125C/mc12,1684991386,1e-05,0.611944,0.8630099999999999,0.8624329999999999,0.9231389999999999,0.732529
hbt_wcs_mismatch/novdd/125C/mc12,1684991386,8e-05,0.688619,0.8661612499999999,0.86558125,0.9265087499999999,0.7352037499999999
hbt_wcs_mismatch/novdd/125C/mc13,821955255,2.5e-06,0.566447,1.0104279999999999,1.1179439999999998,0.8222839999999999,0.9870399999999999
hbt_wcs_mismatch/novdd/125C/mc13,821955255,1e-05,0.616239,1.0115999999999998,1.1192399999999998,0.8232409999999999,0.988189
hbt_wcs_mismatch/novdd/125C/mc13,821955255,8e-05,0.693222,1.01554375,1.123605,0.8264475,0.9920387499999999
hbt_wcs_mismatch/novdd/125C/mc14,986452537,2.5e-06,0.567832,0.9989359999999999,0.8876919999999998,1.0214,1.0910039999999999
hbt_wcs_mismatch/novdd/125C/mc14,986452537,1e-05,0.617635,1.00012,0.888745,1.02261,1.0923
hbt_wcs_mismatch/novdd/125C/mc14,986452537,8e-05,0.694726,1.0040875,0.8922687499999998,1.02666625,1.0966325
hbt_wcs_mismatch/novdd/125C/mc15,380658119,2.5e-06,0.563006,1.002408,0.914576,0.9746239999999998,0.8686239999999998
hbt_wcs_mismatch/novdd/125C/mc15,380658119,1e-05,0.612769,1.00351,0.915579,0.975694,0.8695789999999999
hbt_wcs_mismatch/novdd/125C/mc15,380658119,8e-05,0.689502,1.0072425,0.91898625,0.9793249999999999,0.872815
hbt_wcs_mismatch/novdd/125C/mc16,21723048,2.5e-06,0.556837,0.7344959999999999,0.7686,0.7171599999999999,0.81812
hbt_wcs_mismatch/novdd/125C/mc16,21723048,1e-05,0.606555,0.7351789999999999,0.769317,0.71783,0.8188809999999999
hbt_wcs_mismatch/novdd/125C/mc16,21723048,8e-05,0.682891,0.7376524999999999,0.771905,0.7202449999999999,0.82163625
hbt_wcs_mismatch/novdd/125C/mc17,698984670,2.5e-06,0.564108,0.9190479999999999,0.9057799999999999,0.99218,0.891708
hbt_wcs_mismatch/novdd/125C/mc17,698984670,1e-05,0.61388,0.920063,0.906779,0.9932759999999999,0.892694
hbt_wcs_mismatch/novdd/125C/mc17,698984670,8e-05,0.69069,0.9235299999999999,0.9101962499999998,0.9970199999999999,0.8960587499999999
hbt_wcs_mismatch/novdd/125C/mc18,1845077441,2.5e-06,0.563314,0.9601239999999999,0.9405519999999999,0.887836,0.913256
hbt_wcs_mismatch/novdd/125C/mc18,1845077441,1e-05,0.61308,0.961176,0.9415819999999999,0.8888059999999999,0.914254
hbt_wcs_mismatch/novdd/125C/mc18,1845077441,8e-05,0.689833,0.9647625,0.9450949999999999,0.8921224999999999,0.9176649999999998
hbt_wcs_mismatch/novdd/125C/mc19,1392892178,2.5e-06,0.565425,1.031328,0.949256,0.9728559999999998,0.9273399999999999
hbt_wcs_mismatch/novdd/125C/mc19,1392892178,1e-05,0.615208,1.03251,0.9503389999999999,0.9739659999999999,0.9283999999999999
hbt_wcs_mismatch/novdd/125C/mc19,1392892178,8e-05,0.692114,1.03647625,0.9539924999999999,0.97771,0.93196875
hbt_wcs_mismatch/novdd/125C/mc20,2070551410,2.5e-06,0.564399,0.9937959999999999,1.00626,1.002044,0.8164719999999999
hbt_wcs_mismatch/novdd/125C/mc20,2070551410,1e-05,0.614173,0.9949099999999999,1.00739,1.00317,0.817386
hbt_wcs_mismatch/novdd/125C/mc20,2070551410,8e-05,0.691004,0.9986825,1.0112074999999998,1.0069712499999999,0.8204849999999999
hbt_wcs_mismatch/novdd/125C/mc21,1684724173,2.5e-06,0.560949,0.84996,0.822956,0.9328919999999998,0.8403199999999998
hbt_wcs_mismatch/novdd/125C/mc21,1684724173,1e-05,0.610696,0.850838,0.8238049999999999,0.933855,0.8411869999999999
hbt_wcs_mismatch/novdd/125C/mc21,1684724173,8e-05,0.687289,0.8538987499999999,0.8267687499999999,0.9372149999999999,0.8442137499999999
hbt_wcs_mismatch/novdd/125C/mc22,1077029933,2.5e-06,0.568326,0.93,1.1230959999999999,1.156844,0.9998959999999998
hbt_wcs_mismatch/novdd/125C/mc22,1077029933,1e-05,0.618135,0.9311349999999999,1.1244699999999999,1.1582599999999998,1.00112
hbt_wcs_mismatch/novdd/125C/mc22,1077029933,8e-05,0.695267,0.9348612499999999,1.1289699999999998,1.16289125,1.0051237499999999
hbt_wcs_mismatch/novdd/125C/mc23,53545324,2.5e-06,0.562362,0.9003839999999999,0.978304,0.999908,0.9931279999999999
hbt_wcs_mismatch/novdd/125C/mc23,53545324,1e-05,0.612122,0.901381,0.979386,1.0010099999999997,0.994224
hbt_wcs_mismatch/novdd/125C/mc23,53545324,8e-05,0.68881,0.9047175,0.9830112499999999,1.0047175,0.9979049999999999
hbt_wcs_mismatch/novdd/125C/mc24,1373187199,2.5e-06,0.565533,1.022336,1.130072,0.9701999999999998,1.00152
hbt_wcs_mismatch/novdd/125C/mc24,1373187199,1e-05,0.615318,1.02354,1.1314,0.9713409999999999,1.0027
hbt_wcs_mismatch/novdd/125C/mc24,1373187199,8e-05,0.692233,1.0275,1.13577875,0.9750987499999999,1.0065775
hbt_wcs_mismatch/novdd/125C/mc25,121132161,2.5e-06,0.564515,1.0216159999999999,0.908256,1.09838,0.7932239999999999
hbt_wcs_mismatch/novdd/125C/mc25,121132161,1e-05,0.614291,1.02276,0.9092759999999999,1.0996199999999998,0.7941149999999999
hbt_wcs_mismatch/novdd/125C/mc25,121132161,8e-05,0.69113,1.0266475,0.91272875,1.10379125,0.7971299999999999
hbt_wcs_mismatch/novdd/125C/mc26,628147970,2.5e-06,0.562958,0.9120039999999999,1.0434279999999998,1.143036,0.9814799999999999
hbt_wcs_mismatch/novdd/125C/mc26,628147970,1e-05,0.612723,0.9130439999999999,1.0446199999999999,1.14434,0.9825999999999999
hbt_wcs_mismatch/novdd/125C/mc26,628147970,8e-05,0.689453,0.916465,1.0485324999999999,1.1486287499999999,0.9862825
hbt_wcs_mismatch/novdd/125C/mc27,676619652,2.5e-06,0.560125,0.807256,0.851568,0.9045279999999999,0.9057719999999999
hbt_wcs_mismatch/novdd/125C/mc27,676619652,1e-05,0.609867,0.808082,0.8524429999999998,0.9054549999999999,0.9067029999999999
hbt_wcs_mismatch/novdd/125C/mc27,676619652,8e-05,0.686406,0.8109599999999999,0.85547875,0.9086787499999999,0.90993125
hbt_wcs_mismatch/novdd/125C/mc28,798867566,2.5e-06,0.567907,1.040864,0.9413199999999999,1.0340719999999999,0.8252679999999999
hbt_wcs_mismatch/novdd/125C/mc28,798867566,1e-05,0.61771,1.04208,0.9424199999999999,1.03528,0.8262329999999999
hbt_wcs_mismatch/novdd/125C/mc28,798867566,8e-05,0.694807,1.0462049999999998,0.94615,1.0393787499999998,0.8295024999999999
hbt_wcs_mismatch/novdd/125C/mc29,1414145992,2.5e-06,0.560053,0.9121479999999998,0.8739639999999999,0.919516,0.8814199999999999
hbt_wcs_mismatch/novdd/125C/mc29,1414145992,1e-05,0.609795,0.9130999999999999,0.8748739999999998,0.920472,0.8823369999999999
hbt_wcs_mismatch/novdd/125C/mc29,1414145992,8e-05,0.686329,0.91635875,0.8779962499999999,0.9237574999999999,0.8854862499999999
hbt_wcs_mismatch/novdd/125C/mc30,2064429143,2.5e-06,0.562655,0.829836,0.7535519999999999,0.8481,0.9592079999999998
hbt_wcs_mismatch/novdd/125C/mc30,2064429143,1e-05,0.612415,0.830703,0.7543389999999999,0.848986,0.960209
hbt_wcs_mismatch/novdd/125C/mc30,2064429143,8e-05,0.689122,0.8337549999999999,0.75711,0.852105,0.9637362499999998
hbt_wcs_mismatch/novdd/125C/mc31,369513750,2.5e-06,0.567657,1.231004,1.150776,1.1140679999999998,1.04392
hbt_wcs_mismatch/novdd/125C/mc31,369513750,1e-05,0.617461,1.23255,1.1522199999999998,1.11547,1.0452299999999999
hbt_wcs_mismatch/novdd/125C/mc31,369513750,8e-05,0.69454,1.23747375,1.156825,1.1199237499999999,1.049405
hbt_wcs_mismatch/novdd/125C/mc32,536839210,2.5e-06,0.567101,1.133568,1.043108,0.9403159999999999,1.2546599999999999
hbt_wcs_mismatch/novdd/125C/mc32,536839210,1e-05,0.6169,1.13496,1.04439,0.941469,1.2561999999999998
hbt_wcs_mismatch/novdd/125C/mc32,536839210,8e-05,0.693935,1.1394512499999998,1.0485212499999998,0.9451949999999999,1.261175
hbt_wcs_mismatch/novdd/125C/mc33,1365330783,2.5e-06,0.560015,1.099572,1.038208,0.805988,0.8544559999999999
hbt_wcs_mismatch/novdd/125C/mc33,1365330783,1e-05,0.609758,1.10075,1.03932,0.806852,0.85537
hbt_wcs_mismatch/novdd/125C/mc33,1365330783,8e-05,0.686291,1.1046974999999999,1.0430487499999999,0.80974625,0.8584387499999999
hbt_wcs_mismatch/novdd/125C/mc34,69896540,2.5e-06,0.568509,1.032816,1.087608,1.006536,1.122752
hbt_wcs_mismatch/novdd/125C/mc34,69896540,1e-05,0.618319,1.03409,1.0889399999999998,1.0077699999999998,1.1241299999999999
hbt_wcs_mismatch/novdd/125C/mc34,69896540,8e-05,0.695466,1.038235,1.0933137499999999,1.01181875,1.128645
hbt_wcs_mismatch/novdd/125C/mc35,248892357,2.5e-06,0.567714,1.123668,0.9699199999999999,1.1710399999999999,1.099824
hbt_wcs_mismatch/novdd/125C/mc35,248892357,1e-05,0.617518,1.1250499999999999,0.971117,1.17249,1.1011799999999998
hbt_wcs_mismatch/novdd/125C/mc35,248892357,8e-05,0.694601,1.1295374999999999,0.9749862499999999,1.1771587499999998,1.1055674999999998
hbt_wcs_mismatch/novdd/125C/mc36,1240475587,2.5e-06,0.562082,0.910188,0.828192,0.8223159999999999,1.0839999999999999
hbt_wcs_mismatch/novdd/125C/mc36,1240475587,1e-05,0.611838,0.911162,0.8290789999999999,0.823197,1.08516
hbt_wcs_mismatch/novdd/125C/mc36,1240475587,8e-05,0.688507,0.9145049999999999,0.8321212499999999,0.8262174999999999,1.0891437499999999
hbt_wcs_mismatch/novdd/125C/mc37,1210939568,2.5e-06,0.575173,1.4924239999999998,1.1804839999999999,1.3706199999999997,1.3100399999999999
hbt_wcs_mismatch/novdd/125C/mc37,1210939568,1e-05,0.625052,1.4946,1.18221,1.37262,1.31195
hbt_wcs_mismatch/novdd/125C/mc37,1210939568,8e-05,0.70279,1.5011249999999998,1.1873649999999998,1.3786124999999998,1.317675
hbt_wcs_mismatch/novdd/125C/mc38,1240489924,2.5e-06,0.555856,0.8189,0.7914079999999999,0.8674639999999999,0.73158
hbt_wcs_mismatch/novdd/125C/mc38,1240489924,1e-05,0.605569,0.819676,0.7921549999999999,0.8682859999999999,0.73227
hbt_wcs_mismatch/novdd/125C/mc38,1240489924,8e-05,0.681849,0.82241125,0.7947987499999999,0.8711837499999999,0.7347137499999999
hbt_wcs_mismatch/novdd/125C/mc39,800505306,2.5e-06,0.562596,1.008124,0.884352,0.8635999999999999,0.8115119999999999
hbt_wcs_mismatch/novdd/125C/mc39,800505306,1e-05,0.612356,1.0091999999999999,0.8852949999999999,0.864521,0.8123789999999999
hbt_wcs_mismatch/novdd/125C/mc39,800505306,8e-05,0.68906,1.01292125,0.8885587499999998,0.8677075,0.81537375
hbt_wcs_mismatch/novdd/125C/mc40,983760527,2.5e-06,0.562433,0.989768,1.042032,0.787428,1.03246
hbt_wcs_mismatch/novdd/125C/mc40,983760527,1e-05,0.612193,0.99086,1.04318,0.7882969999999999,1.0336
hbt_wcs_mismatch/novdd/125C/mc40,983760527,8e-05,0.688886,0.9945299999999999,1.04704625,0.7912162499999998,1.0374275
hbt_wcs_mismatch/novdd/125C/mc41,2146674988,2.5e-06,0.562819,1.008684,0.8652239999999999,0.8907599999999999,1.148456
hbt_wcs_mismatch/novdd/125C/mc41,2146674988,1e-05,0.612582,1.00981,0.8661909999999999,0.8917559999999999,1.1497399999999998
hbt_wcs_mismatch/novdd/125C/mc41,2146674988,8e-05,0.689302,1.0135725,0.8694187499999999,0.8950787499999999,1.1540212499999998
hbt_wcs_mismatch/novdd/125C/mc42,1381426742,2.5e-06,0.565254,0.9998479999999998,1.038204,0.932804,1.072112
hbt_wcs_mismatch/novdd/125C/mc42,1381426742,1e-05,0.615037,1.0010099999999997,1.03941,0.933889,1.0733599999999999
hbt_wcs_mismatch/novdd/125C/mc42,1381426742,8e-05,0.691931,1.0048612499999998,1.04341,0.9374837499999998,1.0774875
hbt_wcs_mismatch/novdd/125C/mc43,1736331115,2.5e-06,0.571125,1.09092,1.2114599999999998,0.9888319999999998,1.2325359999999999
hbt_wcs_mismatch/novdd/125C/mc43,1736331115,1e-05,0.62096,1.0923399999999999,1.21304,0.990117,1.23414
hbt_wcs_mismatch/novdd/125C/mc43,1736331115,8e-05,0.698326,1.0968674999999999,1.21806625,0.99422375,1.239255
hbt_wcs_mismatch/novdd/125C/mc44,924890887,2.5e-06,0.565771,0.9684,0.9039159999999999,1.097044,1.1398119999999998
hbt_wcs_mismatch/novdd/125C/mc44,924890887,1e-05,0.615558,0.969538,0.904979,1.0983399999999999,1.1411499999999999
hbt_wcs_mismatch/novdd/125C/mc44,924890887,8e-05,0.692491,0.9732974999999999,0.9084887499999998,1.102595,1.1455799999999998
hbt_wcs_mismatch/novdd/125C/mc45,1536529037,2.5e-06,0.561427,0.9941279999999999,0.926164,1.016268,0.9614919999999999
hbt_wcs_mismatch/novdd/125C/mc45,1536529037,1e-05,0.61118,0.995219,0.9271799999999999,1.01738,0.962549
hbt_wcs_mismatch/novdd/125C/mc45,1536529037,8e-05,0.687806,0.9988624999999999,0.9305749999999999,1.0211074999999998,0.9660725
hbt_wcs_mismatch/novdd/125C/mc46,666583450,2.5e-06,0.562331,0.8049759999999999,0.8828639999999999,0.8668879999999999,0.9623559999999999
hbt_wcs_mismatch/novdd/125C/mc46,666583450,1e-05,0.612088,0.805825,0.8837979999999999,0.8678059999999999,0.9633729999999998
hbt_wcs_mismatch/novdd/125C/mc46,666583450,8e-05,0.688773,0.8087825,0.8870412499999999,0.8709899999999998,0.9669074999999999
hbt_wcs_mismatch/novdd/125C/mc47,559243977,2.5e-06,0.564545,0.8151599999999999,0.9636839999999999,0.9500319999999999,1.004596
hbt_wcs_mismatch/novdd/125C/mc47,559243977,1e-05,0.614321,0.8160669999999999,0.9647549999999999,0.95109,1.0057099999999999
hbt_wcs_mismatch/novdd/125C/mc47,559243977,8e-05,0.691162,0.81916125,0.9684124999999999,0.9546962499999998,1.0095275
hbt_wcs_mismatch/novdd/125C/mc48,255015846,2.5e-06,0.567694,1.1291,1.064388,1.035724,1.0777599999999998
hbt_wcs_mismatch/novdd/125C/mc48,255015846,1e-05,0.617498,1.13049,1.0656999999999999,1.0369899999999999,1.0790799999999998
hbt_wcs_mismatch/novdd/125C/mc48,255015846,8e-05,0.69458,1.13498375,1.06993625,1.0411199999999998,1.08337625
hbt_wcs_mismatch/novdd/125C/mc49,1879315896,2.5e-06,0.563593,0.8423519999999999,0.96844,1.0243,0.8400639999999999
hbt_wcs_mismatch/novdd/125C/mc49,1879315896,1e-05,0.613361,0.8432739999999999,0.969499,1.0254199999999998,0.8409819999999999
hbt_wcs_mismatch/novdd/125C/mc49,1879315896,8e-05,0.690134,0.8464299999999999,0.97312625,1.02925875,0.84412875
